"Min,Max,Modal Price from Karnataka[Soyabean] from 01-Jan-2011To31-Dec-2011 (Total-1388) (Total-1388)",,,,,,,,,
Sl no.,District Name,Market Name,Commodity,Variety,Grade,Min Price (Rs./Quintal),Max Price (Rs./Quintal),Modal Price (Rs./Quintal),Price Date
264,Belgaum,Bailahongal,Soyabean,Soyabeen,FAQ,2100,2174,2160,1-Jan-11
330,Bangalore,Bangalore,Soyabean,Soyabeen,FAQ,2100,2430,2300,1-Jan-11
491,Bidar,Basava Kalayana,Soyabean,Soyabeen,FAQ,1700,2050,1900,1-Jan-11
743,Dharwad,Dharwar,Soyabean,Soyabeen,FAQ,2000,2110,2000,1-Jan-11
990,Dharwad,Hubli (Amaragol),Soyabean,Soyabeen,FAQ,1311,2161,2009,1-Jan-11
329,Bangalore,Bangalore,Soyabean,Soyabeen,FAQ,2100,2430,2300,3-Jan-11
328,Bangalore,Bangalore,Soyabean,Soyabeen,FAQ,2100,2430,2300,5-Jan-11
989,Dharwad,Hubli (Amaragol),Soyabean,Soyabeen,FAQ,2136,2166,2166,5-Jan-11
988,Dharwad,Hubli (Amaragol),Soyabean,Soyabeen,FAQ,1209,2165,2099,6-Jan-11
327,Bangalore,Bangalore,Soyabean,Soyabeen,FAQ,2100,2430,2300,7-Jan-11
987,Dharwad,Hubli (Amaragol),Soyabean,Soyabeen,FAQ,1226,2170,1895,7-Jan-11
986,Dharwad,Hubli (Amaragol),Soyabean,Soyabeen,FAQ,2069,2156,2105,8-Jan-11
326,Bangalore,Bangalore,Soyabean,Soyabeen,FAQ,2100,2430,2300,10-Jan-11
985,Dharwad,Hubli (Amaragol),Soyabean,Soyabeen,FAQ,1335,2276,2131,10-Jan-11
325,Bangalore,Bangalore,Soyabean,Soyabeen,FAQ,2100,2430,2300,11-Jan-11
324,Bangalore,Bangalore,Soyabean,Soyabeen,FAQ,2100,2430,2300,12-Jan-11
323,Bangalore,Bangalore,Soyabean,Soyabeen,FAQ,2100,2430,2300,13-Jan-11
321,Bangalore,Bangalore,Soyabean,Soyabeen,Large,2100,2430,2300,14-Jan-11
322,Bangalore,Bangalore,Soyabean,Soyabeen,FAQ,2100,2430,2300,14-Jan-11
38,Bidar,Aurad,Soyabean,Soyabeen,FAQ,1900,2274,2150,17-Jan-11
263,Belgaum,Bailahongal,Soyabean,Soyabeen,FAQ,2180,2204,2190,17-Jan-11
320,Bangalore,Bangalore,Soyabean,Soyabeen,FAQ,2100,2430,2300,17-Jan-11
490,Bidar,Basava Kalayana,Soyabean,Soyabeen,FAQ,1900,2200,2100,17-Jan-11
984,Dharwad,Hubli (Amaragol),Soyabean,Soyabeen,FAQ,1809,2225,2109,17-Jan-11
1387,Haveri,Savanur,Soyabean,Soyabeen,FAQ,2169,2220,2195,17-Jan-11
37,Bidar,Aurad,Soyabean,Soyabeen,FAQ,1500,2200,2152,18-Jan-11
262,Belgaum,Bailahongal,Soyabean,Soyabeen,FAQ,2180,2204,2190,18-Jan-11
319,Bangalore,Bangalore,Soyabean,Soyabeen,FAQ,2100,2430,2300,18-Jan-11
489,Bidar,Basava Kalayana,Soyabean,Soyabeen,FAQ,1999,2200,2100,18-Jan-11
983,Dharwad,Hubli (Amaragol),Soyabean,Soyabeen,FAQ,1861,2229,2021,18-Jan-11
1051,Bidar,Humanabad,Soyabean,Soyabeen,Medium,2189,2189,2189,18-Jan-11
1314,Belgaum,Sankeshwar,Soyabean,Soyabeen,FAQ,2100,2100,2100,18-Jan-11
36,Bidar,Aurad,Soyabean,Soyabeen,FAQ,2000,2263,2079,19-Jan-11
261,Belgaum,Bailahongal,Soyabean,Soyabeen,FAQ,2180,2214,2200,19-Jan-11
318,Bangalore,Bangalore,Soyabean,Soyabeen,FAQ,2100,2430,2300,19-Jan-11
488,Bidar,Basava Kalayana,Soyabean,Soyabeen,FAQ,1900,2300,2200,19-Jan-11
742,Dharwad,Dharwar,Soyabean,Soyabeen,FAQ,2125,2260,2140,19-Jan-11
982,Dharwad,Hubli (Amaragol),Soyabean,Soyabeen,FAQ,1961,2227,2031,19-Jan-11
35,Bidar,Aurad,Soyabean,Soyabeen,FAQ,2271,2300,2291,20-Jan-11
260,Belgaum,Bailahongal,Soyabean,Soyabeen,FAQ,2190,2224,2210,20-Jan-11
317,Bangalore,Bangalore,Soyabean,Soyabeen,FAQ,2100,2430,2300,20-Jan-11
487,Bidar,Basava Kalayana,Soyabean,Soyabeen,FAQ,2100,2300,2200,20-Jan-11
741,Dharwad,Dharwar,Soyabean,Soyabeen,FAQ,2210,2260,2250,20-Jan-11
981,Dharwad,Hubli (Amaragol),Soyabean,Soyabeen,FAQ,1859,2243,2161,20-Jan-11
1050,Bidar,Humanabad,Soyabean,Soyabeen,Medium,2300,2300,2300,20-Jan-11
1386,Haveri,Savanur,Soyabean,Soyabeen,FAQ,2149,2270,2210,20-Jan-11
34,Bidar,Aurad,Soyabean,Soyabeen,FAQ,2275,2349,2319,21-Jan-11
259,Belgaum,Bailahongal,Soyabean,Soyabeen,FAQ,2200,2250,2230,21-Jan-11
316,Bangalore,Bangalore,Soyabean,Soyabeen,FAQ,2100,2430,2300,21-Jan-11
486,Bidar,Basava Kalayana,Soyabean,Soyabeen,FAQ,1900,2300,2200,21-Jan-11
740,Dharwad,Dharwar,Soyabean,Soyabeen,FAQ,2265,2280,2270,21-Jan-11
980,Dharwad,Hubli (Amaragol),Soyabean,Soyabeen,FAQ,1525,2250,2169,21-Jan-11
1049,Bidar,Humanabad,Soyabean,Soyabeen,Medium,2011,2751,2751,21-Jan-11
258,Belgaum,Bailahongal,Soyabean,Soyabeen,FAQ,2200,2274,2260,22-Jan-11
315,Bangalore,Bangalore,Soyabean,Soyabeen,FAQ,2100,2430,2300,22-Jan-11
314,Bangalore,Bangalore,Soyabean,Soyabeen,FAQ,2100,2430,2300,24-Jan-11
979,Dharwad,Hubli (Amaragol),Soyabean,Soyabeen,FAQ,1401,2339,2289,24-Jan-11
313,Bangalore,Bangalore,Soyabean,Soyabeen,FAQ,2100,2430,2300,25-Jan-11
485,Bidar,Basava Kalayana,Soyabean,Soyabeen,FAQ,1900,2300,2200,25-Jan-11
777,Haveri,Haveri,Soyabean,Soyabeen,Medium,2327,2336,2330,25-Jan-11
978,Dharwad,Hubli (Amaragol),Soyabean,Soyabeen,FAQ,1659,2309,2281,27-Jan-11
312,Bangalore,Bangalore,Soyabean,Soyabeen,FAQ,2100,2430,2300,28-Jan-11
977,Dharwad,Hubli (Amaragol),Soyabean,Soyabeen,FAQ,2119,2233,2169,28-Jan-11
311,Bangalore,Bangalore,Soyabean,Soyabeen,FAQ,2100,2430,2300,29-Jan-11
310,Bangalore,Bangalore,Soyabean,Soyabeen,FAQ,2100,2430,2300,31-Jan-11
976,Dharwad,Hubli (Amaragol),Soyabean,Soyabeen,FAQ,1409,2266,2236,31-Jan-11
33,Bidar,Aurad,Soyabean,Soyabeen,FAQ,2080,2080,2080,1-Feb-11
257,Belgaum,Bailahongal,Soyabean,Soyabeen,FAQ,2200,2274,2250,1-Feb-11
309,Bangalore,Bangalore,Soyabean,Soyabeen,FAQ,2100,2430,2300,1-Feb-11
484,Bidar,Basava Kalayana,Soyabean,Soyabeen,FAQ,2000,2240,2200,1-Feb-11
739,Dharwad,Dharwar,Soyabean,Soyabeen,FAQ,2100,2300,2100,1-Feb-11
975,Dharwad,Hubli (Amaragol),Soyabean,Soyabeen,FAQ,1425,2230,2160,1-Feb-11
1048,Bidar,Humanabad,Soyabean,Soyabeen,FAQ,2100,2261,2100,1-Feb-11
1218,Dharwad,Kalagategi,Soyabean,Soyabeen,FAQ,2170,2280,2240,1-Feb-11
1313,Belgaum,Sankeshwar,Soyabean,Soyabeen,FAQ,2200,2300,2250,1-Feb-11
256,Belgaum,Bailahongal,Soyabean,Soyabeen,FAQ,2250,2294,2270,2-Feb-11
308,Bangalore,Bangalore,Soyabean,Soyabeen,FAQ,2100,2430,2300,2-Feb-11
974,Dharwad,Hubli (Amaragol),Soyabean,Soyabeen,FAQ,2301,2309,2309,2-Feb-11
1217,Dharwad,Kalagategi,Soyabean,Soyabeen,FAQ,2210,2290,2250,2-Feb-11
32,Bidar,Aurad,Soyabean,Soyabeen,FAQ,1700,2051,2051,3-Feb-11
255,Belgaum,Bailahongal,Soyabean,Soyabeen,FAQ,2250,2294,2280,3-Feb-11
307,Bangalore,Bangalore,Soyabean,Soyabeen,FAQ,2100,2430,2300,3-Feb-11
483,Bidar,Basava Kalayana,Soyabean,Soyabeen,FAQ,2200,2250,2230,3-Feb-11
738,Dharwad,Dharwar,Soyabean,Soyabeen,FAQ,2280,2320,2290,3-Feb-11
1216,Dharwad,Kalagategi,Soyabean,Soyabeen,FAQ,2210,2310,2260,3-Feb-11
31,Bidar,Aurad,Soyabean,Soyabeen,FAQ,2260,2260,2260,4-Feb-11
254,Belgaum,Bailahongal,Soyabean,Soyabeen,FAQ,2220,2294,2270,4-Feb-11
306,Bangalore,Bangalore,Soyabean,Soyabeen,FAQ,2100,2430,2300,4-Feb-11
482,Bidar,Basava Kalayana,Soyabean,Soyabeen,FAQ,2100,2300,2200,4-Feb-11
973,Dharwad,Hubli (Amaragol),Soyabean,Soyabeen,FAQ,1411,2306,2225,4-Feb-11
1215,Dharwad,Kalagategi,Soyabean,Soyabeen,FAQ,2180,2320,2260,4-Feb-11
30,Bidar,Aurad,Soyabean,Soyabeen,FAQ,2224,2299,2299,5-Feb-11
253,Belgaum,Bailahongal,Soyabean,Soyabeen,FAQ,2220,2294,2260,5-Feb-11
305,Bangalore,Bangalore,Soyabean,Soyabeen,FAQ,2100,2430,2300,5-Feb-11
481,Bidar,Basava Kalayana,Soyabean,Soyabeen,FAQ,1950,2200,2100,5-Feb-11
737,Dharwad,Dharwar,Soyabean,Soyabeen,FAQ,2250,2320,2310,5-Feb-11
972,Dharwad,Hubli (Amaragol),Soyabean,Soyabeen,FAQ,2269,2289,2289,5-Feb-11
1047,Bidar,Humanabad,Soyabean,Soyabeen,FAQ,2240,2240,2240,5-Feb-11
252,Belgaum,Bailahongal,Soyabean,Soyabeen,FAQ,2230,2294,2270,7-Feb-11
304,Bangalore,Bangalore,Soyabean,Soyabeen,FAQ,2100,2430,2300,7-Feb-11
971,Dharwad,Hubli (Amaragol),Soyabean,Soyabeen,FAQ,1659,2309,2279,7-Feb-11
1385,Haveri,Savanur,Soyabean,Soyabeen,FAQ,2229,2352,2291,7-Feb-11
251,Belgaum,Bailahongal,Soyabean,Soyabeen,FAQ,2220,2284,2250,8-Feb-11
303,Bangalore,Bangalore,Soyabean,Soyabeen,FAQ,2500,2700,2600,8-Feb-11
480,Bidar,Basava Kalayana,Soyabean,Soyabeen,FAQ,1900,2300,2100,8-Feb-11
970,Dharwad,Hubli (Amaragol),Soyabean,Soyabeen,FAQ,1409,2279,2169,8-Feb-11
1214,Dharwad,Kalagategi,Soyabean,Soyabeen,FAQ,2210,2300,2260,8-Feb-11
1312,Belgaum,Sankeshwar,Soyabean,Soyabeen,FAQ,2175,2200,2185,8-Feb-11
250,Belgaum,Bailahongal,Soyabean,Soyabeen,FAQ,2200,2294,2270,9-Feb-11
479,Bidar,Basava Kalayana,Soyabean,Soyabeen,FAQ,2100,2100,2100,9-Feb-11
736,Dharwad,Dharwar,Soyabean,Soyabeen,FAQ,2200,2310,2200,9-Feb-11
776,Haveri,Haveri,Soyabean,Soyabeen,Medium,2150,2200,2175,9-Feb-11
969,Dharwad,Hubli (Amaragol),Soyabean,Soyabeen,FAQ,1707,2311,2161,9-Feb-11
1046,Bidar,Humanabad,Soyabean,Soyabeen,FAQ,1861,1861,1861,9-Feb-11
1213,Dharwad,Kalagategi,Soyabean,Soyabeen,FAQ,2210,2320,2260,9-Feb-11
249,Belgaum,Bailahongal,Soyabean,Soyabeen,FAQ,2200,2304,2280,10-Feb-11
478,Bidar,Basava Kalayana,Soyabean,Soyabeen,FAQ,2000,2200,2100,10-Feb-11
735,Dharwad,Dharwar,Soyabean,Soyabeen,FAQ,2200,2390,2320,10-Feb-11
968,Dharwad,Hubli (Amaragol),Soyabean,Soyabeen,FAQ,2109,2309,2289,10-Feb-11
1045,Bidar,Humanabad,Soyabean,Soyabeen,FAQ,1950,1950,1950,10-Feb-11
1212,Dharwad,Kalagategi,Soyabean,Soyabeen,FAQ,2220,2320,2280,10-Feb-11
1384,Haveri,Savanur,Soyabean,Soyabeen,FAQ,2169,2380,2274,10-Feb-11
477,Bidar,Basava Kalayana,Soyabean,Soyabeen,FAQ,1900,2250,2200,11-Feb-11
967,Dharwad,Hubli (Amaragol),Soyabean,Soyabeen,FAQ,1511,2269,2035,11-Feb-11
1044,Bidar,Humanabad,Soyabean,Soyabeen,FAQ,2225,2225,2225,11-Feb-11
1211,Dharwad,Kalagategi,Soyabean,Soyabeen,FAQ,2250,2320,2290,11-Feb-11
966,Dharwad,Hubli (Amaragol),Soyabean,Soyabeen,FAQ,1865,2249,1909,12-Feb-11
476,Bidar,Basava Kalayana,Soyabean,Soyabeen,FAQ,1900,2250,2100,14-Feb-11
744,Belgaum,Gokak,Soyabean,Soyabeen,FAQ,1800,2000,1900,14-Feb-11
965,Dharwad,Hubli (Amaragol),Soyabean,Soyabeen,FAQ,2009,2249,2219,14-Feb-11
1210,Dharwad,Kalagategi,Soyabean,Soyabeen,FAQ,2250,2320,2280,14-Feb-11
1383,Haveri,Savanur,Soyabean,Soyabeen,FAQ,2280,2370,2325,14-Feb-11
248,Belgaum,Bailahongal,Soyabean,Soyabeen,FAQ,2200,2264,2220,15-Feb-11
475,Bidar,Basava Kalayana,Soyabean,Soyabeen,FAQ,1900,2150,2000,15-Feb-11
734,Dharwad,Dharwar,Soyabean,Soyabeen,FAQ,2200,2200,2200,15-Feb-11
964,Dharwad,Hubli (Amaragol),Soyabean,Soyabeen,FAQ,1139,2209,2209,15-Feb-11
1209,Dharwad,Kalagategi,Soyabean,Soyabeen,FAQ,2240,2310,2280,15-Feb-11
1382,Haveri,Savanur,Soyabean,Soyabeen,FAQ,2137,2337,2237,15-Feb-11
247,Belgaum,Bailahongal,Soyabean,Soyabeen,FAQ,2200,2254,2220,17-Feb-11
474,Bidar,Basava Kalayana,Soyabean,Soyabeen,FAQ,1900,2150,2100,17-Feb-11
733,Dharwad,Dharwar,Soyabean,Soyabeen,FAQ,2260,2350,2280,17-Feb-11
775,Haveri,Haveri,Soyabean,Soyabeen,FAQ,2250,2250,2250,17-Feb-11
963,Dharwad,Hubli (Amaragol),Soyabean,Soyabeen,FAQ,1419,2219,2159,17-Feb-11
302,Bangalore,Bangalore,Soyabean,Soyabeen,FAQ,2500,2700,2600,19-Feb-11
473,Bidar,Basava Kalayana,Soyabean,Soyabeen,FAQ,1900,2200,2100,19-Feb-11
732,Dharwad,Dharwar,Soyabean,Soyabeen,FAQ,2275,2350,2280,19-Feb-11
962,Dharwad,Hubli (Amaragol),Soyabean,Soyabeen,FAQ,2129,2279,2201,19-Feb-11
246,Belgaum,Bailahongal,Soyabean,Soyabeen,FAQ,2200,2264,2240,21-Feb-11
472,Bidar,Basava Kalayana,Soyabean,Soyabeen,FAQ,1900,2150,2000,21-Feb-11
961,Dharwad,Hubli (Amaragol),Soyabean,Soyabeen,FAQ,1169,2229,2136,21-Feb-11
1381,Haveri,Savanur,Soyabean,Soyabeen,FAQ,2059,2294,2177,21-Feb-11
471,Bidar,Basava Kalayana,Soyabean,Soyabeen,FAQ,1900,2150,2100,22-Feb-11
731,Dharwad,Dharwar,Soyabean,Soyabeen,FAQ,2210,2270,2220,22-Feb-11
960,Dharwad,Hubli (Amaragol),Soyabean,Soyabeen,FAQ,1282,2225,2009,22-Feb-11
470,Bidar,Basava Kalayana,Soyabean,Soyabeen,FAQ,1900,2100,2000,23-Feb-11
29,Bidar,Aurad,Soyabean,Soyabeen,FAQ,2200,2200,2200,24-Feb-11
245,Belgaum,Bailahongal,Soyabean,Soyabeen,FAQ,2180,2224,2200,24-Feb-11
301,Bangalore,Bangalore,Soyabean,Soyabeen,FAQ,2300,2500,2400,24-Feb-11
469,Bidar,Basava Kalayana,Soyabean,Soyabeen,FAQ,1700,1881,1800,24-Feb-11
730,Dharwad,Dharwar,Soyabean,Soyabeen,FAQ,2270,2300,2290,24-Feb-11
958,Dharwad,Hubli (Amaragol),Soyabean,Soyabeen,Medium,1900,1900,1900,24-Feb-11
959,Dharwad,Hubli (Amaragol),Soyabean,Soyabeen,FAQ,1209,2211,2169,24-Feb-11
1380,Haveri,Savanur,Soyabean,Soyabeen,FAQ,2149,2291,2220,24-Feb-11
244,Belgaum,Bailahongal,Soyabean,Soyabeen,FAQ,2150,2224,2190,25-Feb-11
468,Bidar,Basava Kalayana,Soyabean,Soyabeen,FAQ,2000,2150,2100,25-Feb-11
729,Dharwad,Dharwar,Soyabean,Soyabeen,FAQ,2050,2050,2050,25-Feb-11
957,Dharwad,Hubli (Amaragol),Soyabean,Soyabeen,FAQ,1729,2237,2187,25-Feb-11
1208,Dharwad,Kalagategi,Soyabean,Soyabeen,FAQ,2060,2230,2200,25-Feb-11
243,Belgaum,Bailahongal,Soyabean,Soyabeen,FAQ,2150,2244,2200,26-Feb-11
467,Bidar,Basava Kalayana,Soyabean,Soyabeen,FAQ,1900,2150,2100,26-Feb-11
956,Dharwad,Hubli (Amaragol),Soyabean,Soyabeen,FAQ,1411,2259,2139,26-Feb-11
1207,Dharwad,Kalagategi,Soyabean,Soyabeen,FAQ,2160,2280,2220,26-Feb-11
242,Belgaum,Bailahongal,Soyabean,Soyabeen,FAQ,2200,2264,2240,28-Feb-11
466,Bidar,Basava Kalayana,Soyabean,Soyabeen,FAQ,1900,2150,2000,28-Feb-11
955,Dharwad,Hubli (Amaragol),Soyabean,Soyabeen,FAQ,1829,2219,2129,28-Feb-11
1311,Belgaum,Sankeshwar,Soyabean,Soyabeen,FAQ,2300,2330,2310,28-Feb-11
1379,Haveri,Savanur,Soyabean,Soyabeen,FAQ,2030,2289,2159,28-Feb-11
241,Belgaum,Bailahongal,Soyabean,Soyabeen,FAQ,2200,2274,2220,1-Mar-11
300,Bangalore,Bangalore,Soyabean,Soyabeen,FAQ,2500,2700,2600,1-Mar-11
954,Dharwad,Hubli (Amaragol),Soyabean,Soyabeen,Medium,1919,2169,2075,1-Mar-11
1043,Bidar,Humanabad,Soyabean,Soyabeen,FAQ,2050,2050,2050,1-Mar-11
953,Dharwad,Hubli (Amaragol),Soyabean,Soyabeen,FAQ,1789,2169,2139,3-Mar-11
240,Belgaum,Bailahongal,Soyabean,Soyabeen,FAQ,2200,2284,2260,5-Mar-11
728,Dharwad,Dharwar,Soyabean,Soyabeen,FAQ,2095,2150,2095,5-Mar-11
774,Haveri,Haveri,Soyabean,Soyabeen,Medium,2130,2150,2140,5-Mar-11
952,Dharwad,Hubli (Amaragol),Soyabean,Soyabeen,FAQ,1101,2261,2169,5-Mar-11
1378,Haveri,Savanur,Soyabean,Soyabeen,FAQ,2141,2189,2165,5-Mar-11
239,Belgaum,Bailahongal,Soyabean,Soyabeen,FAQ,2200,2274,2240,7-Mar-11
465,Bidar,Basava Kalayana,Soyabean,Soyabeen,FAQ,1900,2200,2100,7-Mar-11
951,Dharwad,Hubli (Amaragol),Soyabean,Soyabeen,FAQ,1209,2261,2009,7-Mar-11
1377,Haveri,Savanur,Soyabean,Soyabeen,FAQ,2060,2190,2125,7-Mar-11
238,Belgaum,Bailahongal,Soyabean,Soyabeen,FAQ,2200,2249,2220,8-Mar-11
299,Bangalore,Bangalore,Soyabean,Soyabeen,FAQ,2300,2500,2400,8-Mar-11
773,Haveri,Haveri,Soyabean,Soyabeen,Medium,2150,2150,2150,8-Mar-11
950,Dharwad,Hubli (Amaragol),Soyabean,Soyabeen,FAQ,1869,2229,2159,8-Mar-11
464,Bidar,Basava Kalayana,Soyabean,Soyabeen,FAQ,1900,1900,1900,10-Mar-11
949,Dharwad,Hubli (Amaragol),Soyabean,Soyabeen,FAQ,1461,2221,2161,10-Mar-11
1376,Haveri,Savanur,Soyabean,Soyabeen,FAQ,2040,2160,2100,10-Mar-11
237,Belgaum,Bailahongal,Soyabean,Soyabeen,FAQ,1980,2244,2200,11-Mar-11
772,Haveri,Haveri,Soyabean,Soyabeen,Medium,2130,2150,2140,11-Mar-11
948,Dharwad,Hubli (Amaragol),Soyabean,Soyabeen,FAQ,2011,2201,2201,11-Mar-11
236,Belgaum,Bailahongal,Soyabean,Soyabeen,FAQ,2190,2234,2200,12-Mar-11
947,Dharwad,Hubli (Amaragol),Soyabean,Soyabeen,Small,1421,2286,2125,12-Mar-11
298,Bangalore,Bangalore,Soyabean,Soyabeen,FAQ,2300,2500,2400,14-Mar-11
946,Dharwad,Hubli (Amaragol),Soyabean,Soyabeen,FAQ,1651,2269,1926,14-Mar-11
1375,Haveri,Savanur,Soyabean,Soyabeen,FAQ,2069,2191,2130,14-Mar-11
945,Dharwad,Hubli (Amaragol),Soyabean,Soyabeen,FAQ,2029,2129,2109,15-Mar-11
297,Bangalore,Bangalore,Soyabean,Soyabeen,Large,2300,2500,2400,16-Mar-11
944,Dharwad,Hubli (Amaragol),Soyabean,Soyabeen,FAQ,2059,2089,2089,16-Mar-11
943,Dharwad,Hubli (Amaragol),Soyabean,Soyabeen,FAQ,1461,2169,2019,17-Mar-11
1374,Haveri,Savanur,Soyabean,Soyabeen,FAQ,2060,2170,2115,17-Mar-11
942,Dharwad,Hubli (Amaragol),Soyabean,Soyabeen,FAQ,1109,2236,2175,18-Mar-11
941,Dharwad,Hubli (Amaragol),Soyabean,Soyabeen,FAQ,1809,2219,2169,19-Mar-11
940,Dharwad,Hubli (Amaragol),Soyabean,Soyabeen,FAQ,1461,2219,2149,21-Mar-11
1373,Haveri,Savanur,Soyabean,Soyabeen,FAQ,2060,2180,2120,21-Mar-11
939,Dharwad,Hubli (Amaragol),Soyabean,Soyabeen,FAQ,1519,2149,1919,22-Mar-11
771,Haveri,Haveri,Soyabean,Soyabeen,Medium,1250,1250,1250,23-Mar-11
938,Dharwad,Hubli (Amaragol),Soyabean,Soyabeen,FAQ,1729,2169,2100,24-Mar-11
937,Dharwad,Hubli (Amaragol),Soyabean,Soyabeen,FAQ,1729,2179,2129,26-Mar-11
936,Dharwad,Hubli (Amaragol),Soyabean,Soyabeen,FAQ,1969,2189,2019,28-Mar-11
1372,Haveri,Savanur,Soyabean,Soyabeen,FAQ,2029,2185,2107,28-Mar-11
935,Dharwad,Hubli (Amaragol),Soyabean,Soyabeen,FAQ,1819,2261,2029,31-Mar-11
1371,Haveri,Savanur,Soyabean,Soyabeen,FAQ,1857,2127,1992,31-Mar-11
235,Belgaum,Bailahongal,Soyabean,Soyabeen,FAQ,2220,2284,2250,1-Apr-11
463,Bidar,Basava Kalayana,Soyabean,Soyabeen,FAQ,1900,2100,2000,1-Apr-11
1219,Gadag,Laxmeshwar,Soyabean,Soyabeen,FAQ,1313,1313,1313,1-Apr-11
234,Belgaum,Bailahongal,Soyabean,Soyabeen,FAQ,2220,2284,2250,2-Apr-11
462,Bidar,Basava Kalayana,Soyabean,Soyabeen,FAQ,1900,1900,1900,2-Apr-11
727,Dharwad,Dharwar,Soyabean,Soyabeen,FAQ,2210,2330,2280,2-Apr-11
770,Haveri,Haveri,Soyabean,Soyabeen,Medium,2140,2150,2145,2-Apr-11
934,Dharwad,Hubli (Amaragol),Soyabean,Soyabeen,FAQ,1711,2259,2169,2-Apr-11
1206,Dharwad,Kalagategi,Soyabean,Soyabeen,FAQ,2120,2300,2230,2-Apr-11
1370,Haveri,Savanur,Soyabean,Soyabeen,FAQ,2110,2227,2169,2-Apr-11
1369,Haveri,Savanur,Soyabean,Soyabeen,FAQ,2060,2201,2131,4-Apr-11
233,Belgaum,Bailahongal,Soyabean,Soyabeen,FAQ,2200,2294,2250,5-Apr-11
461,Bidar,Basava Kalayana,Soyabean,Soyabeen,FAQ,2000,2110,2010,5-Apr-11
933,Dharwad,Hubli (Amaragol),Soyabean,Soyabeen,FAQ,1106,2269,2169,5-Apr-11
1205,Dharwad,Kalagategi,Soyabean,Soyabeen,FAQ,1240,2280,2230,5-Apr-11
1368,Haveri,Savanur,Soyabean,Soyabeen,FAQ,1840,2237,2039,5-Apr-11
232,Belgaum,Bailahongal,Soyabean,Soyabeen,FAQ,2200,2314,2290,6-Apr-11
460,Bidar,Basava Kalayana,Soyabean,Soyabeen,FAQ,1900,2100,2000,6-Apr-11
726,Dharwad,Dharwar,Soyabean,Soyabeen,FAQ,2200,2250,2220,6-Apr-11
932,Dharwad,Hubli (Amaragol),Soyabean,Soyabeen,FAQ,2159,2225,2225,6-Apr-11
1204,Dharwad,Kalagategi,Soyabean,Soyabeen,FAQ,2200,2280,2240,6-Apr-11
231,Belgaum,Bailahongal,Soyabean,Soyabeen,FAQ,2200,2324,2300,7-Apr-11
725,Dharwad,Dharwar,Soyabean,Soyabeen,FAQ,2240,2270,2250,7-Apr-11
931,Dharwad,Hubli (Amaragol),Soyabean,Soyabeen,FAQ,1701,2306,2289,7-Apr-11
1203,Dharwad,Kalagategi,Soyabean,Soyabeen,FAQ,2240,2390,2310,7-Apr-11
1367,Haveri,Savanur,Soyabean,Soyabeen,FAQ,2169,2269,2219,7-Apr-11
230,Belgaum,Bailahongal,Soyabean,Soyabeen,FAQ,2250,2334,2310,8-Apr-11
459,Bidar,Basava Kalayana,Soyabean,Soyabeen,FAQ,1900,2300,2200,8-Apr-11
724,Dharwad,Dharwar,Soyabean,Soyabeen,FAQ,2240,2360,2265,8-Apr-11
930,Dharwad,Hubli (Amaragol),Soyabean,Soyabeen,FAQ,2249,2319,2289,8-Apr-11
1202,Dharwad,Kalagategi,Soyabean,Soyabeen,FAQ,2260,2380,2320,8-Apr-11
929,Dharwad,Hubli (Amaragol),Soyabean,Soyabeen,FAQ,1361,2329,2229,9-Apr-11
229,Belgaum,Bailahongal,Soyabean,Soyabeen,FAQ,2250,2364,2320,11-Apr-11
296,Bangalore,Bangalore,Soyabean,Soyabeen,FAQ,2200,2400,2300,11-Apr-11
458,Bidar,Basava Kalayana,Soyabean,Soyabeen,FAQ,1900,1900,1900,11-Apr-11
769,Haveri,Haveri,Soyabean,Soyabeen,Medium,2050,2100,2050,11-Apr-11
928,Dharwad,Hubli (Amaragol),Soyabean,Soyabeen,FAQ,1509,2339,2129,11-Apr-11
1201,Dharwad,Kalagategi,Soyabean,Soyabeen,FAQ,2160,2390,2240,11-Apr-11
1366,Haveri,Savanur,Soyabean,Soyabeen,FAQ,2029,2278,2154,11-Apr-11
228,Belgaum,Bailahongal,Soyabean,Soyabeen,FAQ,2250,2334,2290,12-Apr-11
723,Dharwad,Dharwar,Soyabean,Soyabeen,FAQ,2265,2360,2310,12-Apr-11
768,Haveri,Haveri,Soyabean,Soyabeen,Medium,2112,2150,2125,12-Apr-11
927,Dharwad,Hubli (Amaragol),Soyabean,Soyabeen,FAQ,1659,2219,2219,12-Apr-11
1200,Dharwad,Kalagategi,Soyabean,Soyabeen,FAQ,2240,2360,2310,12-Apr-11
1310,Belgaum,Sankeshwar,Soyabean,Soyabeen,FAQ,2000,2300,2100,12-Apr-11
227,Belgaum,Bailahongal,Soyabean,Soyabeen,FAQ,2250,2314,2280,13-Apr-11
295,Bangalore,Bangalore,Soyabean,Soyabeen,FAQ,2200,2400,2300,13-Apr-11
457,Bidar,Basava Kalayana,Soyabean,Soyabeen,FAQ,1900,2200,2100,13-Apr-11
926,Dharwad,Hubli (Amaragol),Soyabean,Soyabeen,FAQ,1519,2229,2229,13-Apr-11
1199,Dharwad,Kalagategi,Soyabean,Soyabeen,Medium,2270,2390,2340,13-Apr-11
226,Belgaum,Bailahongal,Soyabean,Soyabeen,FAQ,2250,2314,2280,15-Apr-11
456,Bidar,Basava Kalayana,Soyabean,Soyabeen,FAQ,1900,1900,1900,15-Apr-11
925,Dharwad,Hubli (Amaragol),Soyabean,Soyabeen,FAQ,1629,2299,2109,15-Apr-11
1198,Dharwad,Kalagategi,Soyabean,Soyabeen,FAQ,2170,2390,2230,15-Apr-11
1309,Belgaum,Sankeshwar,Soyabean,Soyabeen,FAQ,2200,2300,2250,15-Apr-11
225,Belgaum,Bailahongal,Soyabean,Soyabeen,FAQ,2200,2294,2260,18-Apr-11
924,Dharwad,Hubli (Amaragol),Soyabean,Soyabeen,FAQ,2089,2269,2189,18-Apr-11
1197,Dharwad,Kalagategi,Soyabean,Soyabeen,FAQ,2160,2310,2240,18-Apr-11
224,Belgaum,Bailahongal,Soyabean,Soyabeen,FAQ,2200,2304,2260,19-Apr-11
455,Bidar,Basava Kalayana,Soyabean,Soyabeen,FAQ,2000,2200,2121,19-Apr-11
722,Dharwad,Dharwar,Soyabean,Soyabeen,FAQ,2100,2300,2100,19-Apr-11
923,Dharwad,Hubli (Amaragol),Soyabean,Soyabeen,FAQ,1409,2251,1621,19-Apr-11
223,Belgaum,Bailahongal,Soyabean,Soyabeen,FAQ,2250,2314,2270,20-Apr-11
721,Dharwad,Dharwar,Soyabean,Soyabeen,FAQ,2090,2090,2090,20-Apr-11
766,Haveri,Haveri,Soyabean,Soyabeen,Medium,2100,2200,2150,20-Apr-11
767,Haveri,Haveri,Soyabean,Soyabeen,FAQ,2100,2200,2150,20-Apr-11
222,Belgaum,Bailahongal,Soyabean,Soyabeen,FAQ,2250,2314,2280,21-Apr-11
454,Bidar,Basava Kalayana,Soyabean,Soyabeen,FAQ,1900,2100,2000,21-Apr-11
720,Dharwad,Dharwar,Soyabean,Soyabeen,FAQ,2180,2190,2180,21-Apr-11
922,Dharwad,Hubli (Amaragol),Soyabean,Soyabeen,FAQ,1209,2319,2009,21-Apr-11
1365,Haveri,Savanur,Soyabean,Soyabeen,FAQ,2169,2290,2230,21-Apr-11
221,Belgaum,Bailahongal,Soyabean,Soyabeen,FAQ,2250,2334,2300,23-Apr-11
453,Bidar,Basava Kalayana,Soyabean,Soyabeen,FAQ,1900,2350,2100,23-Apr-11
921,Dharwad,Hubli (Amaragol),Soyabean,Soyabeen,FAQ,1765,2315,2239,23-Apr-11
220,Belgaum,Bailahongal,Soyabean,Soyabeen,FAQ,2250,2334,2300,25-Apr-11
719,Dharwad,Dharwar,Soyabean,Soyabeen,FAQ,2200,2350,2250,25-Apr-11
1308,Belgaum,Sankeshwar,Soyabean,Soyabeen,FAQ,2250,2300,2275,25-Apr-11
219,Belgaum,Bailahongal,Soyabean,Soyabeen,FAQ,2250,2314,2280,26-Apr-11
718,Dharwad,Dharwar,Soyabean,Soyabeen,FAQ,2160,2170,2160,26-Apr-11
920,Dharwad,Hubli (Amaragol),Soyabean,Soyabeen,FAQ,1319,2259,2009,26-Apr-11
218,Belgaum,Bailahongal,Soyabean,Soyabeen,FAQ,2200,2314,2250,27-Apr-11
217,Belgaum,Bailahongal,Soyabean,Soyabeen,FAQ,2200,2314,2250,28-Apr-11
717,Dharwad,Dharwar,Soyabean,Soyabeen,FAQ,2155,2200,2195,28-Apr-11
919,Dharwad,Hubli (Amaragol),Soyabean,Soyabeen,FAQ,1865,2265,2109,28-Apr-11
1364,Haveri,Savanur,Soyabean,Soyabeen,FAQ,2141,2266,2204,28-Apr-11
216,Belgaum,Bailahongal,Soyabean,Soyabeen,FAQ,2250,2314,2300,29-Apr-11
918,Dharwad,Hubli (Amaragol),Soyabean,Soyabeen,FAQ,1321,2259,2131,29-Apr-11
1066,Bagalkot,Jamakhandi,Soyabean,Soyabeen,Medium,1900,2200,2000,29-Apr-11
215,Belgaum,Bailahongal,Soyabean,Soyabeen,FAQ,2250,2314,2290,30-Apr-11
716,Dharwad,Dharwar,Soyabean,Soyabeen,FAQ,2225,2281,2241,30-Apr-11
917,Dharwad,Hubli (Amaragol),Soyabean,Soyabeen,FAQ,1429,2289,2129,30-Apr-11
1196,Dharwad,Kalagategi,Soyabean,Soyabeen,Medium,2170,2320,2240,30-Apr-11
1195,Dharwad,Kalagategi,Soyabean,Soyabeen,FAQ,2180,2330,2260,1-May-11
214,Belgaum,Bailahongal,Soyabean,Soyabeen,FAQ,2220,2314,2300,2-May-11
294,Bangalore,Bangalore,Soyabean,Soyabeen,FAQ,2200,2400,2300,2-May-11
916,Dharwad,Hubli (Amaragol),Soyabean,Soyabeen,FAQ,1219,2239,2059,2-May-11
1194,Dharwad,Kalagategi,Soyabean,Soyabeen,FAQ,2210,2340,2270,2-May-11
1363,Haveri,Savanur,Soyabean,Soyabeen,FAQ,2169,2307,2207,2-May-11
213,Belgaum,Bailahongal,Soyabean,Soyabeen,FAQ,2250,2304,2280,3-May-11
293,Bangalore,Bangalore,Soyabean,Soyabeen,FAQ,2200,2400,2300,4-May-11
715,Dharwad,Dharwar,Soyabean,Soyabeen,FAQ,2100,2350,2100,4-May-11
212,Belgaum,Bailahongal,Soyabean,Soyabeen,FAQ,2200,2274,2250,5-May-11
915,Dharwad,Hubli (Amaragol),Soyabean,Soyabeen,FAQ,1009,2229,2169,5-May-11
1362,Haveri,Savanur,Soyabean,Soyabeen,FAQ,2297,2297,2297,5-May-11
211,Belgaum,Bailahongal,Soyabean,Soyabeen,FAQ,2200,2244,2220,7-May-11
292,Bangalore,Bangalore,Soyabean,Soyabeen,FAQ,2200,2400,2300,7-May-11
714,Dharwad,Dharwar,Soyabean,Soyabeen,FAQ,2325,2325,2325,7-May-11
210,Belgaum,Bailahongal,Soyabean,Soyabeen,FAQ,2200,2244,2220,9-May-11
452,Bidar,Basava Kalayana,Soyabean,Soyabeen,FAQ,1900,2100,2000,9-May-11
765,Haveri,Haveri,Soyabean,Soyabeen,Medium,2150,2250,2200,9-May-11
914,Dharwad,Hubli (Amaragol),Soyabean,Soyabeen,FAQ,1979,2129,2039,9-May-11
1361,Haveri,Savanur,Soyabean,Soyabeen,FAQ,2021,2209,2115,9-May-11
209,Belgaum,Bailahongal,Soyabean,Soyabeen,FAQ,2200,2254,2230,10-May-11
451,Bidar,Basava Kalayana,Soyabean,Soyabeen,FAQ,1900,2100,2000,10-May-11
713,Dharwad,Dharwar,Soyabean,Soyabeen,FAQ,2300,2320,2300,10-May-11
913,Dharwad,Hubli (Amaragol),Soyabean,Soyabeen,FAQ,1725,2209,2021,10-May-11
1307,Belgaum,Sankeshwar,Soyabean,Soyabeen,FAQ,2150,2250,2200,10-May-11
208,Belgaum,Bailahongal,Soyabean,Soyabeen,FAQ,2200,2264,2240,11-May-11
450,Bidar,Basava Kalayana,Soyabean,Soyabeen,FAQ,2100,2200,2100,11-May-11
207,Belgaum,Bailahongal,Soyabean,Soyabeen,FAQ,2200,2264,2240,12-May-11
291,Bangalore,Bangalore,Soyabean,Soyabeen,FAQ,2200,2400,2300,12-May-11
449,Bidar,Basava Kalayana,Soyabean,Soyabeen,FAQ,1900,2100,2000,12-May-11
912,Dharwad,Hubli (Amaragol),Soyabean,Soyabeen,FAQ,1209,2269,2189,12-May-11
1360,Haveri,Savanur,Soyabean,Soyabeen,FAQ,2029,2237,2133,12-May-11
206,Belgaum,Bailahongal,Soyabean,Soyabeen,FAQ,2200,2284,2260,13-May-11
289,Bangalore,Bangalore,Soyabean,Soyabeen,Large,2200,2400,2300,13-May-11
290,Bangalore,Bangalore,Soyabean,Soyabeen,FAQ,2200,2400,2300,13-May-11
448,Bidar,Basava Kalayana,Soyabean,Soyabeen,FAQ,1900,2100,2000,13-May-11
1193,Dharwad,Kalagategi,Soyabean,Soyabeen,FAQ,2210,2350,2270,13-May-11
447,Bidar,Basava Kalayana,Soyabean,Soyabeen,FAQ,1900,1900,1900,14-May-11
911,Dharwad,Hubli (Amaragol),Soyabean,Soyabeen,FAQ,2231,2231,2231,14-May-11
205,Belgaum,Bailahongal,Soyabean,Soyabeen,FAQ,2000,2284,2100,16-May-11
288,Bangalore,Bangalore,Soyabean,Soyabeen,FAQ,2200,2400,2300,16-May-11
446,Bidar,Basava Kalayana,Soyabean,Soyabeen,FAQ,2000,2000,2000,16-May-11
910,Dharwad,Hubli (Amaragol),Soyabean,Soyabeen,FAQ,1969,2269,2149,16-May-11
1192,Dharwad,Kalagategi,Soyabean,Soyabeen,FAQ,2220,2330,2280,16-May-11
1359,Haveri,Savanur,Soyabean,Soyabeen,FAQ,1989,2151,2070,16-May-11
204,Belgaum,Bailahongal,Soyabean,Soyabeen,FAQ,2200,2294,2260,17-May-11
286,Bangalore,Bangalore,Soyabean,Soyabeen,Large,2200,2400,2300,17-May-11
287,Bangalore,Bangalore,Soyabean,Soyabeen,FAQ,2200,2400,2300,17-May-11
712,Dharwad,Dharwar,Soyabean,Soyabeen,FAQ,2280,2310,2280,17-May-11
909,Dharwad,Hubli (Amaragol),Soyabean,Soyabeen,FAQ,2011,2250,2109,17-May-11
203,Belgaum,Bailahongal,Soyabean,Soyabeen,FAQ,2200,2294,2270,18-May-11
445,Bidar,Basava Kalayana,Soyabean,Soyabeen,FAQ,2000,2000,2000,18-May-11
711,Dharwad,Dharwar,Soyabean,Soyabeen,FAQ,2210,2210,2210,18-May-11
908,Dharwad,Hubli (Amaragol),Soyabean,Soyabeen,FAQ,1979,2269,2269,18-May-11
1191,Dharwad,Kalagategi,Soyabean,Soyabeen,FAQ,2180,2320,2260,18-May-11
202,Belgaum,Bailahongal,Soyabean,Soyabeen,FAQ,2200,2304,2270,19-May-11
710,Dharwad,Dharwar,Soyabean,Soyabeen,FAQ,2210,2210,2210,19-May-11
907,Dharwad,Hubli (Amaragol),Soyabean,Soyabeen,FAQ,1411,2328,2169,19-May-11
1190,Dharwad,Kalagategi,Soyabean,Soyabeen,FAQ,2210,2330,2270,19-May-11
1358,Haveri,Savanur,Soyabean,Soyabeen,FAQ,2019,2148,2084,19-May-11
201,Belgaum,Bailahongal,Soyabean,Soyabeen,FAQ,2200,2304,2270,20-May-11
906,Dharwad,Hubli (Amaragol),Soyabean,Soyabeen,FAQ,1721,2211,2121,20-May-11
1189,Dharwad,Kalagategi,Soyabean,Soyabeen,FAQ,2230,2320,2270,20-May-11
200,Belgaum,Bailahongal,Soyabean,Soyabeen,FAQ,2220,2304,2260,21-May-11
285,Bangalore,Bangalore,Soyabean,Soyabeen,FAQ,2200,2400,2300,21-May-11
444,Bidar,Basava Kalayana,Soyabean,Soyabeen,FAQ,2000,2000,2000,21-May-11
709,Dharwad,Dharwar,Soyabean,Soyabeen,FAQ,2260,2350,2280,21-May-11
905,Dharwad,Hubli (Amaragol),Soyabean,Soyabeen,FAQ,1561,2241,2009,21-May-11
1357,Haveri,Savanur,Soyabean,Soyabeen,FAQ,2034,2174,2104,21-May-11
1188,Dharwad,Kalagategi,Soyabean,Soyabeen,FAQ,2200,2300,2250,22-May-11
199,Belgaum,Bailahongal,Soyabean,Soyabeen,FAQ,2220,2304,2260,23-May-11
708,Dharwad,Dharwar,Soyabean,Soyabeen,FAQ,2215,2220,2215,23-May-11
1356,Haveri,Savanur,Soyabean,Soyabeen,FAQ,2141,2206,2174,23-May-11
198,Belgaum,Bailahongal,Soyabean,Soyabeen,FAQ,2200,2304,2260,24-May-11
443,Bidar,Basava Kalayana,Soyabean,Soyabeen,FAQ,2000,2150,2100,24-May-11
904,Dharwad,Hubli (Amaragol),Soyabean,Soyabeen,FAQ,1819,1819,1819,24-May-11
707,Dharwad,Dharwar,Soyabean,Soyabeen,FAQ,1970,2320,2220,26-May-11
903,Dharwad,Hubli (Amaragol),Soyabean,Soyabeen,FAQ,2259,2259,2259,26-May-11
197,Belgaum,Bailahongal,Soyabean,Soyabeen,FAQ,2200,2304,2280,27-May-11
706,Dharwad,Dharwar,Soyabean,Soyabeen,FAQ,2100,2320,2200,27-May-11
902,Dharwad,Hubli (Amaragol),Soyabean,Soyabeen,FAQ,1426,2201,2201,27-May-11
196,Belgaum,Bailahongal,Soyabean,Soyabeen,FAQ,2200,2304,2280,28-May-11
442,Bidar,Basava Kalayana,Soyabean,Soyabeen,FAQ,1900,2100,2000,28-May-11
705,Dharwad,Dharwar,Soyabean,Soyabeen,FAQ,2228,2256,2228,28-May-11
901,Dharwad,Hubli (Amaragol),Soyabean,Soyabeen,FAQ,1709,2353,2159,28-May-11
1306,Belgaum,Sankeshwar,Soyabean,Soyabeen,FAQ,2175,2225,2200,28-May-11
1355,Haveri,Savanur,Soyabean,Soyabeen,FAQ,2069,2219,2144,28-May-11
1187,Dharwad,Kalagategi,Soyabean,Soyabeen,FAQ,2160,2310,2230,29-May-11
195,Belgaum,Bailahongal,Soyabean,Soyabeen,FAQ,2200,2280,2260,30-May-11
900,Dharwad,Hubli (Amaragol),Soyabean,Soyabeen,FAQ,1629,2269,2129,30-May-11
1186,Dharwad,Kalagategi,Soyabean,Soyabeen,FAQ,2160,2300,2230,30-May-11
194,Belgaum,Bailahongal,Soyabean,Soyabeen,FAQ,2200,2294,2260,31-May-11
441,Bidar,Basava Kalayana,Soyabean,Soyabeen,FAQ,1900,2100,2000,31-May-11
1185,Dharwad,Kalagategi,Soyabean,Soyabeen,FAQ,2180,2320,2250,31-May-11
193,Belgaum,Bailahongal,Soyabean,Soyabeen,FAQ,2200,2294,2260,1-Jun-11
1184,Dharwad,Kalagategi,Soyabean,Soyabeen,FAQ,2210,2320,2260,1-Jun-11
1305,Belgaum,Sankeshwar,Soyabean,Soyabeen,FAQ,2200,2250,2225,1-Jun-11
440,Bidar,Basava Kalayana,Soyabean,Soyabeen,FAQ,1900,2100,2000,2-Jun-11
704,Dharwad,Dharwar,Soyabean,Soyabeen,FAQ,2170,2255,2170,2-Jun-11
899,Dharwad,Hubli (Amaragol),Soyabean,Soyabeen,FAQ,1300,2259,1800,2-Jun-11
1354,Haveri,Savanur,Soyabean,Soyabeen,FAQ,2120,2240,2180,2-Jun-11
439,Bidar,Basava Kalayana,Soyabean,Soyabeen,FAQ,1900,2100,2000,3-Jun-11
703,Dharwad,Dharwar,Soyabean,Soyabeen,FAQ,2270,2305,2280,3-Jun-11
764,Haveri,Haveri,Soyabean,Soyabeen,Medium,2200,2300,2250,3-Jun-11
192,Belgaum,Bailahongal,Soyabean,Soyabeen,FAQ,2270,2314,2280,4-Jun-11
438,Bidar,Basava Kalayana,Soyabean,Soyabeen,FAQ,1900,2150,2050,4-Jun-11
702,Dharwad,Dharwar,Soyabean,Soyabeen,FAQ,2315,2365,2350,4-Jun-11
898,Dharwad,Hubli (Amaragol),Soyabean,Soyabeen,FAQ,2290,2290,2290,4-Jun-11
1183,Dharwad,Kalagategi,Soyabean,Soyabeen,FAQ,1870,2230,2160,5-Jun-11
191,Belgaum,Bailahongal,Soyabean,Soyabeen,FAQ,2270,2314,2280,6-Jun-11
437,Bidar,Basava Kalayana,Soyabean,Soyabeen,FAQ,1900,2100,2050,6-Jun-11
897,Dharwad,Hubli (Amaragol),Soyabean,Soyabeen,FAQ,1321,2269,2219,6-Jun-11
1182,Dharwad,Kalagategi,Soyabean,Soyabeen,FAQ,1830,2300,2060,6-Jun-11
436,Bidar,Basava Kalayana,Soyabean,Soyabeen,FAQ,1900,2100,2050,7-Jun-11
896,Dharwad,Hubli (Amaragol),Soyabean,Soyabeen,FAQ,1209,2289,2109,7-Jun-11
1181,Dharwad,Kalagategi,Soyabean,Soyabeen,FAQ,2190,2375,2280,7-Jun-11
190,Belgaum,Bailahongal,Soyabean,Soyabeen,FAQ,2200,2294,2250,8-Jun-11
435,Bidar,Basava Kalayana,Soyabean,Soyabeen,FAQ,2150,2150,2150,8-Jun-11
701,Dharwad,Dharwar,Soyabean,Soyabeen,FAQ,2328,2330,2328,8-Jun-11
895,Dharwad,Hubli (Amaragol),Soyabean,Soyabeen,FAQ,1926,2209,2209,8-Jun-11
1180,Dharwad,Kalagategi,Soyabean,Soyabeen,Medium,2120,2320,2230,8-Jun-11
189,Belgaum,Bailahongal,Soyabean,Soyabeen,FAQ,2250,2304,2280,9-Jun-11
434,Bidar,Basava Kalayana,Soyabean,Soyabeen,FAQ,1900,2100,2050,9-Jun-11
700,Dharwad,Dharwar,Soyabean,Soyabeen,FAQ,2328,2330,2328,9-Jun-11
894,Dharwad,Hubli (Amaragol),Soyabean,Soyabeen,FAQ,1911,2251,2199,9-Jun-11
1178,Dharwad,Kalagategi,Soyabean,Soyabeen,Medium,2130,2310,2230,9-Jun-11
1179,Dharwad,Kalagategi,Soyabean,Soyabeen,FAQ,2130,2310,2230,9-Jun-11
1353,Haveri,Savanur,Soyabean,Soyabeen,FAQ,2121,2210,2165,9-Jun-11
433,Bidar,Basava Kalayana,Soyabean,Soyabeen,FAQ,2060,2150,2100,10-Jun-11
699,Dharwad,Dharwar,Soyabean,Soyabeen,FAQ,2250,2250,2250,10-Jun-11
432,Bidar,Basava Kalayana,Soyabean,Soyabeen,FAQ,2100,2100,2100,11-Jun-11
698,Dharwad,Dharwar,Soyabean,Soyabeen,FAQ,1980,2160,2055,11-Jun-11
893,Dharwad,Hubli (Amaragol),Soyabean,Soyabeen,FAQ,1921,2251,2251,11-Jun-11
188,Belgaum,Bailahongal,Soyabean,Soyabeen,FAQ,2250,2294,2260,13-Jun-11
431,Bidar,Basava Kalayana,Soyabean,Soyabeen,FAQ,2100,2180,2150,13-Jun-11
697,Dharwad,Dharwar,Soyabean,Soyabeen,FAQ,2225,2245,2225,13-Jun-11
892,Dharwad,Hubli (Amaragol),Soyabean,Soyabeen,FAQ,2151,2225,2225,13-Jun-11
187,Belgaum,Bailahongal,Soyabean,Soyabeen,FAQ,2250,2294,2260,14-Jun-11
696,Dharwad,Dharwar,Soyabean,Soyabeen,FAQ,2315,2335,2315,14-Jun-11
186,Belgaum,Bailahongal,Soyabean,Soyabeen,FAQ,2230,2274,2240,15-Jun-11
1304,Belgaum,Sankeshwar,Soyabean,Soyabeen,FAQ,1950,2000,1975,15-Jun-11
185,Belgaum,Bailahongal,Soyabean,Soyabeen,FAQ,2220,2264,2230,16-Jun-11
284,Bangalore,Bangalore,Soyabean,Soyabeen,FAQ,2200,2400,2300,16-Jun-11
695,Dharwad,Dharwar,Soyabean,Soyabeen,FAQ,2100,2333,2250,16-Jun-11
891,Dharwad,Hubli (Amaragol),Soyabean,Soyabeen,FAQ,2100,2249,2165,16-Jun-11
184,Belgaum,Bailahongal,Soyabean,Soyabeen,FAQ,2210,2254,2230,17-Jun-11
430,Bidar,Basava Kalayana,Soyabean,Soyabeen,FAQ,1900,2200,2000,17-Jun-11
183,Belgaum,Bailahongal,Soyabean,Soyabeen,FAQ,2210,2244,2220,18-Jun-11
429,Bidar,Basava Kalayana,Soyabean,Soyabeen,FAQ,1900,2150,2100,18-Jun-11
694,Dharwad,Dharwar,Soyabean,Soyabeen,FAQ,2300,2300,2300,18-Jun-11
890,Dharwad,Hubli (Amaragol),Soyabean,Soyabeen,FAQ,2080,2080,2080,18-Jun-11
182,Belgaum,Bailahongal,Soyabean,Soyabeen,FAQ,2210,2244,2220,20-Jun-11
283,Bangalore,Bangalore,Soyabean,Soyabeen,FAQ,2200,2400,2300,20-Jun-11
889,Dharwad,Hubli (Amaragol),Soyabean,Soyabeen,FAQ,2009,2476,2219,20-Jun-11
1352,Haveri,Savanur,Soyabean,Soyabeen,FAQ,2019,2240,2130,20-Jun-11
181,Belgaum,Bailahongal,Soyabean,Soyabeen,FAQ,2220,2254,2230,21-Jun-11
428,Bidar,Basava Kalayana,Soyabean,Soyabeen,FAQ,1900,2150,2000,21-Jun-11
693,Dharwad,Dharwar,Soyabean,Soyabeen,FAQ,2290,2290,2290,21-Jun-11
888,Dharwad,Hubli (Amaragol),Soyabean,Soyabeen,FAQ,1999,2229,2189,21-Jun-11
180,Belgaum,Bailahongal,Soyabean,Soyabeen,FAQ,2230,2264,2240,22-Jun-11
692,Dharwad,Dharwar,Soyabean,Soyabeen,FAQ,2250,2309,2250,22-Jun-11
887,Dharwad,Hubli (Amaragol),Soyabean,Soyabeen,FAQ,1959,2249,2089,22-Jun-11
1177,Dharwad,Kalagategi,Soyabean,Soyabeen,FAQ,2060,2330,2240,22-Jun-11
179,Belgaum,Bailahongal,Soyabean,Soyabeen,FAQ,2240,2264,2250,23-Jun-11
427,Bidar,Basava Kalayana,Soyabean,Soyabeen,FAQ,1900,2150,2000,23-Jun-11
886,Dharwad,Hubli (Amaragol),Soyabean,Soyabeen,FAQ,1959,2259,2101,23-Jun-11
178,Belgaum,Bailahongal,Soyabean,Soyabeen,FAQ,2230,2254,2240,24-Jun-11
426,Bidar,Basava Kalayana,Soyabean,Soyabeen,FAQ,2101,2101,2101,24-Jun-11
691,Dharwad,Dharwar,Soyabean,Soyabeen,FAQ,2280,2280,2280,24-Jun-11
177,Belgaum,Bailahongal,Soyabean,Soyabeen,FAQ,2230,2264,2240,25-Jun-11
425,Bidar,Basava Kalayana,Soyabean,Soyabeen,FAQ,1900,1900,1900,25-Jun-11
690,Dharwad,Dharwar,Soyabean,Soyabeen,FAQ,2080,2315,2275,25-Jun-11
885,Dharwad,Hubli (Amaragol),Soyabean,Soyabeen,FAQ,1950,2249,2109,25-Jun-11
1176,Dharwad,Kalagategi,Soyabean,Soyabeen,FAQ,2110,2330,2230,25-Jun-11
176,Belgaum,Bailahongal,Soyabean,Soyabeen,FAQ,2240,2264,2250,27-Jun-11
282,Bangalore,Bangalore,Soyabean,Soyabeen,FAQ,2200,2400,2300,27-Jun-11
424,Bidar,Basava Kalayana,Soyabean,Soyabeen,FAQ,2100,2100,2100,27-Jun-11
884,Dharwad,Hubli (Amaragol),Soyabean,Soyabeen,FAQ,2050,2050,2050,27-Jun-11
1175,Dharwad,Kalagategi,Soyabean,Soyabeen,FAQ,2130,2300,2250,27-Jun-11
1351,Haveri,Savanur,Soyabean,Soyabeen,FAQ,2240,2279,2259,27-Jun-11
175,Belgaum,Bailahongal,Soyabean,Soyabeen,FAQ,2250,2274,2250,28-Jun-11
423,Bidar,Basava Kalayana,Soyabean,Soyabeen,FAQ,2000,2000,2000,28-Jun-11
689,Dharwad,Dharwar,Soyabean,Soyabeen,FAQ,2310,2310,2310,28-Jun-11
883,Dharwad,Hubli (Amaragol),Soyabean,Soyabeen,FAQ,2019,2310,2250,28-Jun-11
174,Belgaum,Bailahongal,Soyabean,Soyabeen,FAQ,2220,2284,2260,29-Jun-11
422,Bidar,Basava Kalayana,Soyabean,Soyabeen,FAQ,2100,2100,2100,29-Jun-11
688,Dharwad,Dharwar,Soyabean,Soyabeen,FAQ,2278,2310,2278,29-Jun-11
882,Dharwad,Hubli (Amaragol),Soyabean,Soyabeen,FAQ,1950,2219,2050,29-Jun-11
1174,Dharwad,Kalagategi,Soyabean,Soyabeen,FAQ,2110,2330,2230,29-Jun-11
173,Belgaum,Bailahongal,Soyabean,Soyabeen,FAQ,2230,2294,2260,30-Jun-11
421,Bidar,Basava Kalayana,Soyabean,Soyabeen,FAQ,2100,2100,2100,30-Jun-11
687,Dharwad,Dharwar,Soyabean,Soyabeen,FAQ,2150,2291,2270,30-Jun-11
881,Dharwad,Hubli (Amaragol),Soyabean,Soyabeen,FAQ,2250,2250,2250,30-Jun-11
1350,Haveri,Savanur,Soyabean,Soyabeen,FAQ,2140,2171,2155,30-Jun-11
172,Belgaum,Bailahongal,Soyabean,Soyabeen,FAQ,2200,2294,2250,1-Jul-11
171,Belgaum,Bailahongal,Soyabean,Soyabeen,FAQ,2250,2314,2270,2-Jul-11
686,Dharwad,Dharwar,Soyabean,Soyabeen,FAQ,2150,2150,2150,2-Jul-11
1042,Bidar,Humanabad,Soyabean,Soyabeen,FAQ,2050,2050,2050,2-Jul-11
170,Belgaum,Bailahongal,Soyabean,Soyabeen,FAQ,2250,2324,2300,4-Jul-11
281,Bangalore,Bangalore,Soyabean,Soyabeen,FAQ,2200,2400,2300,4-Jul-11
420,Bidar,Basava Kalayana,Soyabean,Soyabeen,FAQ,2150,2150,2150,4-Jul-11
763,Haveri,Haveri,Soyabean,Soyabeen,Medium,2200,2227,2225,4-Jul-11
880,Dharwad,Hubli (Amaragol),Soyabean,Soyabeen,FAQ,1800,2299,2209,4-Jul-11
1173,Dharwad,Kalagategi,Soyabean,Soyabeen,FAQ,2060,2330,2210,4-Jul-11
169,Belgaum,Bailahongal,Soyabean,Soyabeen,FAQ,2280,2324,2300,5-Jul-11
419,Bidar,Basava Kalayana,Soyabean,Soyabeen,FAQ,2150,2150,2150,5-Jul-11
879,Dharwad,Hubli (Amaragol),Soyabean,Soyabeen,FAQ,1809,2281,2209,5-Jul-11
1172,Dharwad,Kalagategi,Soyabean,Soyabeen,FAQ,2110,2350,2240,5-Jul-11
168,Belgaum,Bailahongal,Soyabean,Soyabeen,FAQ,2280,2314,2290,7-Jul-11
418,Bidar,Basava Kalayana,Soyabean,Soyabeen,FAQ,2100,2100,2100,7-Jul-11
685,Dharwad,Dharwar,Soyabean,Soyabeen,FAQ,2200,2390,2200,7-Jul-11
878,Dharwad,Hubli (Amaragol),Soyabean,Soyabeen,FAQ,1851,2270,2251,7-Jul-11
1303,Belgaum,Sankeshwar,Soyabean,Soyabeen,FAQ,2250,2300,2275,7-Jul-11
167,Belgaum,Bailahongal,Soyabean,Soyabeen,FAQ,2280,2324,2290,8-Jul-11
417,Bidar,Basava Kalayana,Soyabean,Soyabeen,FAQ,2270,2800,2450,8-Jul-11
684,Dharwad,Dharwar,Soyabean,Soyabeen,FAQ,1980,2270,2100,8-Jul-11
416,Bidar,Basava Kalayana,Soyabean,Soyabeen,FAQ,2200,2600,2500,9-Jul-11
1171,Dharwad,Kalagategi,Soyabean,Soyabeen,FAQ,2090,2330,2240,9-Jul-11
166,Belgaum,Bailahongal,Soyabean,Soyabeen,FAQ,2300,2349,2310,11-Jul-11
415,Bidar,Basava Kalayana,Soyabean,Soyabeen,FAQ,1700,2400,2200,11-Jul-11
762,Haveri,Haveri,Soyabean,Soyabeen,Medium,2350,2350,2350,11-Jul-11
877,Dharwad,Hubli (Amaragol),Soyabean,Soyabeen,FAQ,1909,2451,2281,11-Jul-11
1170,Dharwad,Kalagategi,Soyabean,Soyabeen,FAQ,2060,2320,2200,11-Jul-11
6,Belgaum,Athani,Soyabean,Soyabeen,FAQ,2000,2500,2200,12-Jul-11
165,Belgaum,Bailahongal,Soyabean,Soyabeen,FAQ,2300,2349,2310,12-Jul-11
683,Dharwad,Dharwar,Soyabean,Soyabeen,FAQ,2260,2350,2300,12-Jul-11
876,Dharwad,Hubli (Amaragol),Soyabean,Soyabeen,FAQ,2029,2029,2029,12-Jul-11
1169,Dharwad,Kalagategi,Soyabean,Soyabeen,FAQ,2100,2330,2240,12-Jul-11
5,Belgaum,Athani,Soyabean,Soyabeen,FAQ,2200,2200,2200,13-Jul-11
164,Belgaum,Bailahongal,Soyabean,Soyabeen,FAQ,2300,2349,2320,13-Jul-11
682,Dharwad,Dharwar,Soyabean,Soyabeen,FAQ,2310,2360,2340,13-Jul-11
163,Belgaum,Bailahongal,Soyabean,Soyabeen,FAQ,2320,2349,2329,14-Jul-11
414,Bidar,Basava Kalayana,Soyabean,Soyabeen,FAQ,2100,2100,2100,14-Jul-11
681,Dharwad,Dharwar,Soyabean,Soyabeen,FAQ,2375,2375,2375,14-Jul-11
162,Belgaum,Bailahongal,Soyabean,Soyabeen,FAQ,2320,2354,2330,15-Jul-11
413,Bidar,Basava Kalayana,Soyabean,Soyabeen,FAQ,2150,2150,2150,15-Jul-11
161,Belgaum,Bailahongal,Soyabean,Soyabeen,FAQ,2300,2354,2330,16-Jul-11
680,Dharwad,Dharwar,Soyabean,Soyabeen,FAQ,2430,2430,2430,16-Jul-11
875,Dharwad,Hubli (Amaragol),Soyabean,Soyabeen,FAQ,2259,2259,2259,16-Jul-11
160,Belgaum,Bailahongal,Soyabean,Soyabeen,FAQ,2300,2354,2330,18-Jul-11
412,Bidar,Basava Kalayana,Soyabean,Soyabeen,FAQ,2200,2500,2300,18-Jul-11
761,Haveri,Haveri,Soyabean,Soyabeen,Medium,2350,2350,2350,18-Jul-11
874,Dharwad,Hubli (Amaragol),Soyabean,Soyabeen,FAQ,1309,2219,2219,18-Jul-11
1168,Dharwad,Kalagategi,Soyabean,Soyabeen,FAQ,2170,2340,2240,18-Jul-11
159,Belgaum,Bailahongal,Soyabean,Soyabeen,FAQ,2320,2354,2330,19-Jul-11
280,Bangalore,Bangalore,Soyabean,Soyabeen,FAQ,2200,2420,2340,19-Jul-11
411,Bidar,Basava Kalayana,Soyabean,Soyabeen,FAQ,2200,2400,2300,19-Jul-11
679,Dharwad,Dharwar,Soyabean,Soyabeen,FAQ,2110,2380,2200,19-Jul-11
873,Dharwad,Hubli (Amaragol),Soyabean,Soyabeen,FAQ,2251,2319,2301,19-Jul-11
1,Dharwad,Annigeri,Soyabean,Soyabeen,Medium,2150,2150,2150,20-Jul-11
410,Bidar,Basava Kalayana,Soyabean,Soyabeen,FAQ,2100,2250,2200,20-Jul-11
678,Dharwad,Dharwar,Soyabean,Soyabeen,FAQ,2220,2220,2220,20-Jul-11
760,Haveri,Haveri,Soyabean,Soyabeen,Medium,2200,2250,2225,20-Jul-11
1167,Dharwad,Kalagategi,Soyabean,Soyabeen,FAQ,2140,2360,2230,20-Jul-11
158,Belgaum,Bailahongal,Soyabean,Soyabeen,FAQ,2340,2374,2350,21-Jul-11
409,Bidar,Basava Kalayana,Soyabean,Soyabeen,FAQ,2150,2150,2150,21-Jul-11
677,Dharwad,Dharwar,Soyabean,Soyabeen,FAQ,2300,2300,2300,21-Jul-11
1166,Dharwad,Kalagategi,Soyabean,Soyabeen,FAQ,2090,2350,2240,21-Jul-11
157,Belgaum,Bailahongal,Soyabean,Soyabeen,FAQ,2250,2384,2360,22-Jul-11
279,Bangalore,Bangalore,Soyabean,Soyabeen,FAQ,2200,2420,2340,22-Jul-11
408,Bidar,Basava Kalayana,Soyabean,Soyabeen,FAQ,2000,2201,2200,22-Jul-11
676,Dharwad,Dharwar,Soyabean,Soyabeen,FAQ,2420,2420,2420,22-Jul-11
156,Belgaum,Bailahongal,Soyabean,Soyabeen,FAQ,2360,2384,2370,23-Jul-11
407,Bidar,Basava Kalayana,Soyabean,Soyabeen,FAQ,2100,2200,2150,23-Jul-11
675,Dharwad,Dharwar,Soyabean,Soyabeen,FAQ,2350,2350,2350,23-Jul-11
872,Dharwad,Hubli (Amaragol),Soyabean,Soyabeen,FAQ,2159,2325,2209,23-Jul-11
155,Belgaum,Bailahongal,Soyabean,Soyabeen,FAQ,2300,2384,2350,25-Jul-11
406,Bidar,Basava Kalayana,Soyabean,Soyabeen,FAQ,2200,2300,2250,25-Jul-11
759,Haveri,Haveri,Soyabean,Soyabeen,Medium,2300,2300,2300,25-Jul-11
871,Dharwad,Hubli (Amaragol),Soyabean,Soyabeen,FAQ,2259,2259,2259,25-Jul-11
1165,Dharwad,Kalagategi,Soyabean,Soyabeen,FAQ,2460,2480,2460,25-Jul-11
154,Belgaum,Bailahongal,Soyabean,Soyabeen,FAQ,2300,2394,2370,26-Jul-11
405,Bidar,Basava Kalayana,Soyabean,Soyabeen,FAQ,2200,2200,2200,26-Jul-11
674,Dharwad,Dharwar,Soyabean,Soyabeen,FAQ,2200,2200,2200,26-Jul-11
870,Dharwad,Hubli (Amaragol),Soyabean,Soyabeen,FAQ,2300,2350,2350,26-Jul-11
1164,Dharwad,Kalagategi,Soyabean,Soyabeen,FAQ,2480,2480,2480,26-Jul-11
153,Belgaum,Bailahongal,Soyabean,Soyabeen,FAQ,2350,2404,2380,27-Jul-11
404,Bidar,Basava Kalayana,Soyabean,Soyabeen,FAQ,2000,2200,2100,27-Jul-11
673,Dharwad,Dharwar,Soyabean,Soyabeen,FAQ,2440,2440,2440,27-Jul-11
1163,Dharwad,Kalagategi,Soyabean,Soyabeen,FAQ,2480,2480,2480,27-Jul-11
152,Belgaum,Bailahongal,Soyabean,Soyabeen,FAQ,2300,2394,2350,28-Jul-11
672,Dharwad,Dharwar,Soyabean,Soyabeen,FAQ,2110,2450,2380,28-Jul-11
758,Haveri,Haveri,Soyabean,Soyabeen,Medium,2250,2400,2275,28-Jul-11
869,Dharwad,Hubli (Amaragol),Soyabean,Soyabeen,FAQ,2251,2350,2350,28-Jul-11
1162,Dharwad,Kalagategi,Soyabean,Soyabeen,FAQ,2400,2400,2400,28-Jul-11
151,Belgaum,Bailahongal,Soyabean,Soyabeen,FAQ,2300,2394,2370,29-Jul-11
671,Dharwad,Dharwar,Soyabean,Soyabeen,FAQ,2330,2400,2380,29-Jul-11
150,Belgaum,Bailahongal,Soyabean,Soyabeen,FAQ,2300,2394,2370,30-Jul-11
1161,Dharwad,Kalagategi,Soyabean,Soyabeen,Medium,2110,2340,2260,30-Jul-11
1302,Belgaum,Sankeshwar,Soyabean,Soyabeen,FAQ,2350,2400,2375,30-Jul-11
149,Belgaum,Bailahongal,Soyabean,Soyabeen,FAQ,2350,2414,2380,1-Aug-11
670,Dharwad,Dharwar,Soyabean,Soyabeen,FAQ,1900,2210,1900,1-Aug-11
868,Dharwad,Hubli (Amaragol),Soyabean,Soyabeen,FAQ,2300,2350,2350,1-Aug-11
1159,Dharwad,Kalagategi,Soyabean,Soyabeen,Medium,2170,2350,2240,1-Aug-11
1160,Dharwad,Kalagategi,Soyabean,Soyabeen,FAQ,2170,2350,2240,1-Aug-11
148,Belgaum,Bailahongal,Soyabean,Soyabeen,FAQ,2350,2414,2380,2-Aug-11
403,Bidar,Basava Kalayana,Soyabean,Soyabeen,FAQ,2250,2300,2275,2-Aug-11
669,Dharwad,Dharwar,Soyabean,Soyabeen,FAQ,2080,2080,2080,2-Aug-11
867,Dharwad,Hubli (Amaragol),Soyabean,Soyabeen,FAQ,2340,2340,2340,2-Aug-11
1158,Dharwad,Kalagategi,Soyabean,Soyabeen,FAQ,2120,2360,2220,2-Aug-11
147,Belgaum,Bailahongal,Soyabean,Soyabeen,FAQ,2400,2434,2410,3-Aug-11
402,Bidar,Basava Kalayana,Soyabean,Soyabeen,FAQ,2200,2200,2200,3-Aug-11
668,Dharwad,Dharwar,Soyabean,Soyabeen,FAQ,2300,2400,2300,3-Aug-11
866,Dharwad,Hubli (Amaragol),Soyabean,Soyabeen,FAQ,2200,2319,2260,3-Aug-11
146,Belgaum,Bailahongal,Soyabean,Soyabeen,FAQ,2380,2424,2400,4-Aug-11
1157,Dharwad,Kalagategi,Soyabean,Soyabeen,FAQ,2130,2340,2260,4-Aug-11
145,Belgaum,Bailahongal,Soyabean,Soyabeen,FAQ,2380,2404,2400,5-Aug-11
667,Dharwad,Dharwar,Soyabean,Soyabeen,FAQ,2250,2450,2370,5-Aug-11
865,Dharwad,Hubli (Amaragol),Soyabean,Soyabeen,FAQ,2400,2510,2510,5-Aug-11
1156,Dharwad,Kalagategi,Soyabean,Soyabeen,FAQ,2130,2350,2270,5-Aug-11
144,Belgaum,Bailahongal,Soyabean,Soyabeen,FAQ,2370,2404,2380,6-Aug-11
666,Dharwad,Dharwar,Soyabean,Soyabeen,FAQ,2050,2200,2150,6-Aug-11
757,Haveri,Haveri,Soyabean,Soyabeen,Medium,2550,2550,2550,6-Aug-11
864,Dharwad,Hubli (Amaragol),Soyabean,Soyabeen,FAQ,2100,2400,2350,6-Aug-11
1155,Dharwad,Kalagategi,Soyabean,Soyabeen,FAQ,2150,2360,2270,6-Aug-11
143,Belgaum,Bailahongal,Soyabean,Soyabeen,FAQ,2360,2404,2380,8-Aug-11
665,Dharwad,Dharwar,Soyabean,Soyabeen,FAQ,2260,2260,2260,8-Aug-11
756,Haveri,Haveri,Soyabean,Soyabeen,Medium,2550,2550,2550,8-Aug-11
863,Dharwad,Hubli (Amaragol),Soyabean,Soyabeen,FAQ,2225,2225,2225,8-Aug-11
1065,Bagalkot,Jamakhandi,Soyabean,Soyabeen,Medium,2400,2400,2400,8-Aug-11
1154,Dharwad,Kalagategi,Soyabean,Soyabeen,FAQ,2120,2360,2240,8-Aug-11
142,Belgaum,Bailahongal,Soyabean,Soyabeen,FAQ,2310,2364,2330,9-Aug-11
401,Bidar,Basava Kalayana,Soyabean,Soyabeen,FAQ,2250,2250,2250,9-Aug-11
664,Dharwad,Dharwar,Soyabean,Soyabeen,FAQ,2300,2450,2300,9-Aug-11
1153,Dharwad,Kalagategi,Soyabean,Soyabeen,FAQ,2060,2360,2210,9-Aug-11
141,Belgaum,Bailahongal,Soyabean,Soyabeen,FAQ,2300,2364,2330,10-Aug-11
862,Dharwad,Hubli (Amaragol),Soyabean,Soyabeen,FAQ,2200,2200,2200,10-Aug-11
1041,Bidar,Humanabad,Soyabean,Soyabeen,FAQ,2150,2150,2150,10-Aug-11
1152,Dharwad,Kalagategi,Soyabean,Soyabeen,FAQ,2120,2350,2260,10-Aug-11
140,Belgaum,Bailahongal,Soyabean,Soyabeen,FAQ,2300,2364,2340,11-Aug-11
755,Haveri,Haveri,Soyabean,Soyabeen,Medium,2450,2450,2450,11-Aug-11
861,Dharwad,Hubli (Amaragol),Soyabean,Soyabeen,FAQ,2276,2300,2300,11-Aug-11
1151,Dharwad,Kalagategi,Soyabean,Soyabeen,FAQ,2140,2340,2230,11-Aug-11
139,Belgaum,Bailahongal,Soyabean,Soyabeen,FAQ,2300,2374,2340,12-Aug-11
860,Dharwad,Hubli (Amaragol),Soyabean,Soyabeen,FAQ,2150,2300,2200,12-Aug-11
663,Dharwad,Dharwar,Soyabean,Soyabeen,FAQ,2120,2120,2120,13-Aug-11
138,Belgaum,Bailahongal,Soyabean,Soyabeen,FAQ,2300,2384,2350,16-Aug-11
662,Dharwad,Dharwar,Soyabean,Soyabeen,FAQ,2300,2300,2300,16-Aug-11
1150,Dharwad,Kalagategi,Soyabean,Soyabeen,FAQ,2160,2440,2340,16-Aug-11
137,Belgaum,Bailahongal,Soyabean,Soyabeen,FAQ,2320,2384,2350,17-Aug-11
400,Bidar,Basava Kalayana,Soyabean,Soyabeen,FAQ,2250,2250,2250,17-Aug-11
1149,Dharwad,Kalagategi,Soyabean,Soyabeen,FAQ,2110,2300,2210,17-Aug-11
136,Belgaum,Bailahongal,Soyabean,Soyabeen,FAQ,2350,2384,2365,18-Aug-11
661,Dharwad,Dharwar,Soyabean,Soyabeen,FAQ,2230,2400,2230,18-Aug-11
754,Haveri,Haveri,Soyabean,Soyabeen,Medium,5400,5400,5400,18-Aug-11
1040,Bidar,Humanabad,Soyabean,Soyabeen,FAQ,2101,2101,2101,18-Aug-11
135,Belgaum,Bailahongal,Soyabean,Soyabeen,FAQ,2300,2374,2350,19-Aug-11
399,Bidar,Basava Kalayana,Soyabean,Soyabeen,FAQ,2250,2250,2250,19-Aug-11
660,Dharwad,Dharwar,Soyabean,Soyabeen,FAQ,2360,2425,2365,19-Aug-11
859,Dharwad,Hubli (Amaragol),Soyabean,Soyabeen,FAQ,2300,2300,2300,19-Aug-11
1039,Bidar,Humanabad,Soyabean,Soyabeen,FAQ,2105,2105,2105,19-Aug-11
1148,Dharwad,Kalagategi,Soyabean,Soyabeen,FAQ,2130,2360,2230,19-Aug-11
134,Belgaum,Bailahongal,Soyabean,Soyabeen,FAQ,2300,2384,2350,20-Aug-11
398,Bidar,Basava Kalayana,Soyabean,Soyabeen,FAQ,2250,2250,2250,20-Aug-11
659,Dharwad,Dharwar,Soyabean,Soyabeen,FAQ,2300,2300,2300,20-Aug-11
858,Dharwad,Hubli (Amaragol),Soyabean,Soyabeen,FAQ,2229,2309,2309,20-Aug-11
1147,Dharwad,Kalagategi,Soyabean,Soyabeen,FAQ,2170,2370,2260,20-Aug-11
1146,Dharwad,Kalagategi,Soyabean,Soyabeen,FAQ,2130,2380,2260,21-Aug-11
133,Belgaum,Bailahongal,Soyabean,Soyabeen,FAQ,2350,2404,2380,22-Aug-11
397,Bidar,Basava Kalayana,Soyabean,Soyabeen,FAQ,2000,2251,2250,23-Aug-11
132,Belgaum,Bailahongal,Soyabean,Soyabeen,FAQ,2370,2404,2380,24-Aug-11
658,Dharwad,Dharwar,Soyabean,Soyabeen,FAQ,2390,2400,2390,24-Aug-11
1145,Dharwad,Kalagategi,Soyabean,Soyabeen,FAQ,2130,2330,2220,24-Aug-11
131,Belgaum,Bailahongal,Soyabean,Soyabeen,FAQ,2370,2404,2380,25-Aug-11
278,Bangalore,Bangalore,Soyabean,Soyabeen,FAQ,2200,2420,2340,25-Aug-11
657,Dharwad,Dharwar,Soyabean,Soyabeen,FAQ,2350,2430,2350,25-Aug-11
857,Dharwad,Hubli (Amaragol),Soyabean,Soyabeen,FAQ,2251,2251,2251,25-Aug-11
1144,Dharwad,Kalagategi,Soyabean,Soyabeen,FAQ,2140,2350,2240,25-Aug-11
1349,Haveri,Savanur,Soyabean,Soyabeen,FAQ,2269,2316,2302,25-Aug-11
130,Belgaum,Bailahongal,Soyabean,Soyabeen,FAQ,2350,2384,2365,26-Aug-11
396,Bidar,Basava Kalayana,Soyabean,Soyabeen,FAQ,1900,1900,1900,26-Aug-11
1143,Dharwad,Kalagategi,Soyabean,Soyabeen,FAQ,2120,2380,2280,26-Aug-11
129,Belgaum,Bailahongal,Soyabean,Soyabeen,FAQ,2370,2394,2382,27-Aug-11
656,Dharwad,Dharwar,Soyabean,Soyabeen,FAQ,2420,2420,2420,27-Aug-11
856,Dharwad,Hubli (Amaragol),Soyabean,Soyabeen,FAQ,2303,2303,2303,27-Aug-11
1142,Dharwad,Kalagategi,Soyabean,Soyabeen,FAQ,2150,2360,2260,28-Aug-11
128,Belgaum,Bailahongal,Soyabean,Soyabeen,FAQ,2350,2404,2380,30-Aug-11
655,Dharwad,Dharwar,Soyabean,Soyabeen,FAQ,2270,2420,2375,30-Aug-11
855,Dharwad,Hubli (Amaragol),Soyabean,Soyabeen,FAQ,1611,2259,2259,30-Aug-11
1141,Dharwad,Kalagategi,Soyabean,Soyabeen,FAQ,2060,2360,2160,1-Sep-11
127,Belgaum,Bailahongal,Soyabean,Soyabeen,FAQ,2300,2404,2370,2-Sep-11
654,Dharwad,Dharwar,Soyabean,Soyabeen,FAQ,2300,2300,2300,2-Sep-11
854,Dharwad,Hubli (Amaragol),Soyabean,Soyabeen,FAQ,2290,2290,2290,2-Sep-11
126,Belgaum,Bailahongal,Soyabean,Soyabeen,FAQ,2300,2404,2370,3-Sep-11
853,Dharwad,Hubli (Amaragol),Soyabean,Soyabeen,FAQ,2300,2350,2350,3-Sep-11
1140,Dharwad,Kalagategi,Soyabean,Soyabeen,FAQ,2060,2380,2260,3-Sep-11
1139,Dharwad,Kalagategi,Soyabean,Soyabeen,FAQ,2160,2390,2310,4-Sep-11
125,Belgaum,Bailahongal,Soyabean,Soyabeen,FAQ,2350,2394,2375,5-Sep-11
395,Bidar,Basava Kalayana,Soyabean,Soyabeen,FAQ,2200,2200,2200,5-Sep-11
653,Dharwad,Dharwar,Soyabean,Soyabeen,FAQ,2440,2440,2440,5-Sep-11
1138,Dharwad,Kalagategi,Soyabean,Soyabeen,FAQ,2110,2410,2330,5-Sep-11
1388,Belgaum,Soundati,Soyabean,Soyabeen,FAQ,2200,2800,2480,5-Sep-11
124,Belgaum,Bailahongal,Soyabean,Soyabeen,FAQ,2300,2384,2350,6-Sep-11
652,Dharwad,Dharwar,Soyabean,Soyabeen,FAQ,2295,2340,2310,6-Sep-11
852,Dharwad,Hubli (Amaragol),Soyabean,Soyabeen,FAQ,2200,2209,2209,6-Sep-11
123,Belgaum,Bailahongal,Soyabean,Soyabeen,FAQ,2300,2384,2350,7-Sep-11
394,Bidar,Basava Kalayana,Soyabean,Soyabeen,FAQ,1900,2100,2050,7-Sep-11
651,Dharwad,Dharwar,Soyabean,Soyabeen,FAQ,2441,2441,2441,7-Sep-11
122,Belgaum,Bailahongal,Soyabean,Soyabeen,FAQ,2300,2384,2350,8-Sep-11
650,Dharwad,Dharwar,Soyabean,Soyabeen,FAQ,2000,2315,2305,8-Sep-11
851,Dharwad,Hubli (Amaragol),Soyabean,Soyabeen,FAQ,2209,2209,2209,8-Sep-11
1348,Haveri,Savanur,Soyabean,Soyabeen,FAQ,1945,2081,2013,8-Sep-11
121,Belgaum,Bailahongal,Soyabean,Soyabeen,FAQ,2200,2370,2300,9-Sep-11
393,Bidar,Basava Kalayana,Soyabean,Soyabeen,FAQ,2250,2250,2250,9-Sep-11
649,Dharwad,Dharwar,Soyabean,Soyabeen,FAQ,2300,2350,2300,9-Sep-11
850,Dharwad,Hubli (Amaragol),Soyabean,Soyabeen,FAQ,2300,2300,2300,9-Sep-11
648,Dharwad,Dharwar,Soyabean,Soyabeen,FAQ,2250,2350,2300,10-Sep-11
4,Belgaum,Athani,Soyabean,Soyabeen,FAQ,2200,2350,2320,12-Sep-11
120,Belgaum,Bailahongal,Soyabean,Soyabeen,FAQ,2350,2414,2380,12-Sep-11
277,Bangalore,Bangalore,Soyabean,Soyabeen,FAQ,2200,2420,2340,12-Sep-11
647,Dharwad,Dharwar,Soyabean,Soyabeen,FAQ,2400,2400,2400,12-Sep-11
1064,Bagalkot,Jamakhandi,Soyabean,Soyabeen,Medium,1600,1900,1800,12-Sep-11
1137,Dharwad,Kalagategi,Soyabean,Soyabeen,FAQ,2060,2350,2210,12-Sep-11
119,Belgaum,Bailahongal,Soyabean,Soyabeen,FAQ,2320,2394,2350,13-Sep-11
392,Bidar,Basava Kalayana,Soyabean,Soyabeen,FAQ,2250,2250,2250,13-Sep-11
646,Dharwad,Dharwar,Soyabean,Soyabeen,FAQ,2430,2430,2430,13-Sep-11
1136,Dharwad,Kalagategi,Soyabean,Soyabeen,Medium,2170,2380,2260,13-Sep-11
1301,Belgaum,Sankeshwar,Soyabean,Soyabeen,FAQ,2250,2300,2275,13-Sep-11
3,Belgaum,Athani,Soyabean,Soyabeen,FAQ,2200,2350,2300,14-Sep-11
118,Belgaum,Bailahongal,Soyabean,Soyabeen,FAQ,2300,2354,2330,14-Sep-11
645,Dharwad,Dharwar,Soyabean,Soyabeen,FAQ,2150,2150,2150,14-Sep-11
1063,Bagalkot,Jamakhandi,Soyabean,Soyabeen,FAQ,1600,1600,1600,14-Sep-11
1300,Belgaum,Sankeshwar,Soyabean,Soyabeen,FAQ,2200,2250,2225,14-Sep-11
117,Belgaum,Bailahongal,Soyabean,Soyabeen,FAQ,2300,2334,2320,15-Sep-11
644,Dharwad,Dharwar,Soyabean,Soyabeen,FAQ,2407,2407,2407,15-Sep-11
849,Dharwad,Hubli (Amaragol),Soyabean,Soyabeen,FAQ,2176,2250,2211,15-Sep-11
1135,Dharwad,Kalagategi,Soyabean,Soyabeen,Medium,2120,2370,2260,15-Sep-11
1243,Belgaum,Nippani,Soyabean,Other,FAQ,1800,1800,1800,15-Sep-11
1299,Belgaum,Sankeshwar,Soyabean,Soyabeen,FAQ,2250,2300,2275,15-Sep-11
391,Bidar,Basava Kalayana,Soyabean,Soyabeen,FAQ,2250,2250,2250,16-Sep-11
848,Dharwad,Hubli (Amaragol),Soyabean,Soyabeen,FAQ,2250,2250,2250,16-Sep-11
1134,Dharwad,Kalagategi,Soyabean,Soyabeen,Medium,2090,2360,2280,16-Sep-11
1298,Belgaum,Sankeshwar,Soyabean,Soyabeen,FAQ,2300,2350,2325,16-Sep-11
116,Belgaum,Bailahongal,Soyabean,Soyabeen,FAQ,2250,2294,2270,17-Sep-11
643,Dharwad,Dharwar,Soyabean,Soyabeen,FAQ,2170,2170,2170,17-Sep-11
1062,Bagalkot,Jamakhandi,Soyabean,Soyabeen,Medium,1600,2200,1690,17-Sep-11
1133,Dharwad,Kalagategi,Soyabean,Soyabeen,Medium,2130,2350,2260,17-Sep-11
1242,Belgaum,Nippani,Soyabean,Other,FAQ,2000,2000,2000,17-Sep-11
1297,Belgaum,Sankeshwar,Soyabean,Soyabeen,FAQ,2150,2200,2175,17-Sep-11
1347,Haveri,Savanur,Soyabean,Soyabeen,FAQ,2081,2081,2081,17-Sep-11
1132,Dharwad,Kalagategi,Soyabean,Soyabeen,Medium,2170,2380,2260,18-Sep-11
1296,Belgaum,Sankeshwar,Soyabean,Soyabeen,FAQ,2150,2200,2175,18-Sep-11
115,Belgaum,Bailahongal,Soyabean,Soyabeen,FAQ,2100,2164,2140,19-Sep-11
276,Bangalore,Bangalore,Soyabean,Soyabeen,FAQ,2080,2280,2130,19-Sep-11
390,Bidar,Basava Kalayana,Soyabean,Soyabeen,FAQ,2150,2300,2250,19-Sep-11
642,Dharwad,Dharwar,Soyabean,Soyabeen,FAQ,2170,2250,2170,19-Sep-11
847,Dharwad,Hubli (Amaragol),Soyabean,Soyabeen,FAQ,1011,1929,1927,19-Sep-11
1131,Dharwad,Kalagategi,Soyabean,Soyabeen,Medium,2070,2360,2210,19-Sep-11
1295,Belgaum,Sankeshwar,Soyabean,Soyabeen,FAQ,2150,2325,2250,19-Sep-11
114,Belgaum,Bailahongal,Soyabean,Soyabeen,FAQ,2000,2104,2050,20-Sep-11
846,Dharwad,Hubli (Amaragol),Soyabean,Soyabeen,FAQ,2150,2150,2150,20-Sep-11
1061,Bagalkot,Jamakhandi,Soyabean,Soyabeen,Medium,1690,1690,1690,20-Sep-11
1241,Belgaum,Nippani,Soyabean,Other,FAQ,2000,2000,2000,20-Sep-11
1294,Belgaum,Sankeshwar,Soyabean,Soyabeen,FAQ,2100,2200,2150,20-Sep-11
2,Belgaum,Athani,Soyabean,Soyabeen,FAQ,2150,2200,2195,21-Sep-11
113,Belgaum,Bailahongal,Soyabean,Soyabeen,FAQ,2000,2064,2030,21-Sep-11
389,Bidar,Basava Kalayana,Soyabean,Soyabeen,FAQ,2000,2200,2150,21-Sep-11
641,Dharwad,Dharwar,Soyabean,Soyabeen,FAQ,2370,2370,2370,21-Sep-11
845,Dharwad,Hubli (Amaragol),Soyabean,Soyabeen,FAQ,1131,1942,1942,21-Sep-11
1293,Belgaum,Sankeshwar,Soyabean,Soyabeen,FAQ,2050,2100,2075,21-Sep-11
112,Belgaum,Bailahongal,Soyabean,Soyabeen,FAQ,2000,2094,2050,22-Sep-11
388,Bidar,Basava Kalayana,Soyabean,Soyabeen,FAQ,2000,2200,2150,22-Sep-11
753,Haveri,Haveri,Soyabean,Soyabeen,Medium,2250,2250,2250,22-Sep-11
844,Dharwad,Hubli (Amaragol),Soyabean,Soyabeen,FAQ,2750,2750,2750,22-Sep-11
1060,Bagalkot,Jamakhandi,Soyabean,Soyabeen,Medium,1690,1690,1690,22-Sep-11
1129,Dharwad,Kalagategi,Soyabean,Soyabeen,Large,2060,2360,2210,22-Sep-11
1130,Dharwad,Kalagategi,Soyabean,Soyabeen,FAQ,2060,2360,2210,22-Sep-11
1292,Belgaum,Sankeshwar,Soyabean,Soyabeen,FAQ,2050,2150,2100,22-Sep-11
111,Belgaum,Bailahongal,Soyabean,Soyabeen,FAQ,2000,2084,2050,23-Sep-11
387,Bidar,Basava Kalayana,Soyabean,Soyabeen,FAQ,1900,2150,2000,23-Sep-11
640,Dharwad,Dharwar,Soyabean,Soyabeen,FAQ,1975,2200,2100,23-Sep-11
1038,Bidar,Humanabad,Soyabean,Soyabeen,FAQ,2000,2000,2000,23-Sep-11
1291,Belgaum,Sankeshwar,Soyabean,Soyabeen,FAQ,2050,2100,2075,23-Sep-11
110,Belgaum,Bailahongal,Soyabean,Soyabeen,FAQ,2000,2064,2040,24-Sep-11
386,Bidar,Basava Kalayana,Soyabean,Soyabeen,FAQ,1900,2100,2000,24-Sep-11
843,Dharwad,Hubli (Amaragol),Soyabean,Soyabeen,FAQ,1561,1851,1851,24-Sep-11
1037,Bidar,Humanabad,Soyabean,Soyabeen,FAQ,2000,2000,2000,24-Sep-11
1290,Belgaum,Sankeshwar,Soyabean,Soyabeen,FAQ,2000,2100,2050,24-Sep-11
1036,Bidar,Humanabad,Soyabean,Soyabeen,FAQ,2050,2050,2050,25-Sep-11
109,Belgaum,Bailahongal,Soyabean,Soyabeen,FAQ,2000,2044,2020,26-Sep-11
385,Bidar,Basava Kalayana,Soyabean,Soyabeen,FAQ,1650,1900,1800,26-Sep-11
639,Dharwad,Dharwar,Soyabean,Soyabeen,FAQ,1950,2050,1985,26-Sep-11
842,Dharwad,Hubli (Amaragol),Soyabean,Soyabeen,FAQ,1805,1825,1825,26-Sep-11
1289,Belgaum,Sankeshwar,Soyabean,Soyabeen,FAQ,2000,2100,2050,26-Sep-11
1346,Haveri,Savanur,Soyabean,Soyabeen,FAQ,1864,1950,1907,26-Sep-11
108,Belgaum,Bailahongal,Soyabean,Soyabeen,FAQ,1920,2014,1950,27-Sep-11
1288,Belgaum,Sankeshwar,Soyabean,Soyabeen,FAQ,2000,2050,2025,27-Sep-11
107,Belgaum,Bailahongal,Soyabean,Soyabeen,FAQ,1940,2004,1970,28-Sep-11
275,Bangalore,Bangalore,Soyabean,Soyabeen,FAQ,2080,2280,2130,28-Sep-11
638,Dharwad,Dharwar,Soyabean,Soyabeen,FAQ,2127,2127,2127,28-Sep-11
841,Dharwad,Hubli (Amaragol),Soyabean,Soyabeen,FAQ,1401,2030,1701,28-Sep-11
1059,Bagalkot,Jamakhandi,Soyabean,Soyabeen,Medium,1670,1670,1670,28-Sep-11
1240,Belgaum,Nippani,Soyabean,Soyabeen,FAQ,2000,2000,2000,28-Sep-11
1287,Belgaum,Sankeshwar,Soyabean,Soyabeen,FAQ,1900,2000,1950,28-Sep-11
1345,Haveri,Savanur,Soyabean,Soyabeen,FAQ,1839,1989,1914,28-Sep-11
106,Belgaum,Bailahongal,Soyabean,Soyabeen,FAQ,1900,1964,1950,29-Sep-11
384,Bidar,Basava Kalayana,Soyabean,Soyabeen,FAQ,1700,1950,1900,29-Sep-11
637,Dharwad,Dharwar,Soyabean,Soyabeen,FAQ,1800,2040,1970,29-Sep-11
1035,Bidar,Humanabad,Soyabean,Soyabeen,FAQ,1800,2010,1950,29-Sep-11
1127,Dharwad,Kalagategi,Soyabean,Soyabeen,Medium,1890,2120,2060,29-Sep-11
1128,Dharwad,Kalagategi,Soyabean,Soyabeen,FAQ,1890,2120,2060,29-Sep-11
1286,Belgaum,Sankeshwar,Soyabean,Soyabeen,FAQ,1900,2000,1950,29-Sep-11
1344,Haveri,Savanur,Soyabean,Soyabeen,FAQ,2009,2130,2070,29-Sep-11
105,Belgaum,Bailahongal,Soyabean,Soyabeen,FAQ,1930,1974,1950,30-Sep-11
274,Bangalore,Bangalore,Soyabean,Soyabeen,FAQ,2080,2280,2130,30-Sep-11
383,Bidar,Basava Kalayana,Soyabean,Soyabeen,FAQ,1700,1900,1800,30-Sep-11
840,Dharwad,Hubli (Amaragol),Soyabean,Soyabeen,FAQ,1861,1921,1921,30-Sep-11
1034,Bidar,Humanabad,Soyabean,Soyabeen,FAQ,1800,1925,1825,30-Sep-11
1125,Dharwad,Kalagategi,Soyabean,Soyabeen,Medium,1860,2120,2080,30-Sep-11
1126,Dharwad,Kalagategi,Soyabean,Soyabeen,FAQ,1860,2120,2080,30-Sep-11
1239,Belgaum,Nippani,Soyabean,Soyabeen,FAQ,2000,2000,2000,30-Sep-11
1285,Belgaum,Sankeshwar,Soyabean,Soyabeen,FAQ,1950,2000,1975,30-Sep-11
104,Belgaum,Bailahongal,Soyabean,Soyabeen,FAQ,1900,1944,1920,1-Oct-11
382,Bidar,Basava Kalayana,Soyabean,Soyabeen,FAQ,1700,1950,1800,1-Oct-11
839,Dharwad,Hubli (Amaragol),Soyabean,Soyabeen,FAQ,1725,2075,1825,1-Oct-11
1343,Haveri,Savanur,Soyabean,Soyabeen,FAQ,1880,1980,1930,1-Oct-11
103,Belgaum,Bailahongal,Soyabean,Soyabeen,FAQ,1900,1934,1920,3-Oct-11
381,Bidar,Basava Kalayana,Soyabean,Soyabeen,FAQ,1700,1950,1850,3-Oct-11
636,Dharwad,Dharwar,Soyabean,Soyabeen,FAQ,1880,2030,1950,3-Oct-11
752,Haveri,Haveri,Soyabean,Soyabeen,Medium,1950,2100,2025,3-Oct-11
838,Dharwad,Hubli (Amaragol),Soyabean,Soyabeen,FAQ,1709,1909,1869,3-Oct-11
1058,Bagalkot,Jamakhandi,Soyabean,Soyabeen,Medium,1690,1690,1690,3-Oct-11
1238,Belgaum,Nippani,Soyabean,Soyabeen,FAQ,2000,2000,2000,3-Oct-11
1342,Haveri,Savanur,Soyabean,Soyabeen,FAQ,1919,2005,1962,3-Oct-11
102,Belgaum,Bailahongal,Soyabean,Soyabeen,FAQ,1940,1964,1950,4-Oct-11
635,Dharwad,Dharwar,Soyabean,Soyabeen,FAQ,1850,1945,1930,4-Oct-11
837,Dharwad,Hubli (Amaragol),Soyabean,Soyabeen,FAQ,1825,1900,1900,4-Oct-11
1237,Belgaum,Nippani,Soyabean,Soyabeen,FAQ,1775,1900,1900,4-Oct-11
1284,Belgaum,Sankeshwar,Soyabean,Soyabeen,FAQ,1950,2000,1975,4-Oct-11
1341,Haveri,Savanur,Soyabean,Soyabeen,FAQ,1880,2010,1945,4-Oct-11
101,Belgaum,Bailahongal,Soyabean,Soyabeen,FAQ,1930,1964,1950,5-Oct-11
100,Belgaum,Bailahongal,Soyabean,Soyabeen,FAQ,1900,1950,1920,6-Oct-11
1124,Dharwad,Kalagategi,Soyabean,Soyabeen,Medium,1860,2050,1910,6-Oct-11
1340,Haveri,Savanur,Soyabean,Soyabeen,FAQ,1789,1881,1835,6-Oct-11
99,Belgaum,Bailahongal,Soyabean,Soyabeen,FAQ,1900,1984,1950,7-Oct-11
634,Dharwad,Dharwar,Soyabean,Soyabeen,FAQ,1930,2661,2000,7-Oct-11
836,Dharwad,Hubli (Amaragol),Soyabean,Soyabeen,FAQ,1409,2075,1905,7-Oct-11
1033,Bidar,Humanabad,Soyabean,Soyabeen,FAQ,1750,1940,1875,7-Oct-11
1283,Belgaum,Sankeshwar,Soyabean,Soyabeen,FAQ,1850,1950,1900,7-Oct-11
98,Belgaum,Bailahongal,Soyabean,Soyabeen,FAQ,1900,1984,1950,8-Oct-11
380,Bidar,Basava Kalayana,Soyabean,Soyabeen,FAQ,1750,1925,1850,8-Oct-11
633,Dharwad,Dharwar,Soyabean,Soyabeen,FAQ,1850,2015,1990,8-Oct-11
835,Dharwad,Hubli (Amaragol),Soyabean,Soyabeen,FAQ,1910,1921,1911,8-Oct-11
1339,Haveri,Savanur,Soyabean,Soyabeen,FAQ,1931,1990,1961,8-Oct-11
97,Belgaum,Bailahongal,Soyabean,Soyabeen,FAQ,1900,1980,1950,10-Oct-11
379,Bidar,Basava Kalayana,Soyabean,Soyabeen,FAQ,1800,1930,1900,10-Oct-11
535,Bidar,Bhalki,Soyabean,Soyabeen,Medium,1790,1861,1810,10-Oct-11
632,Dharwad,Dharwar,Soyabean,Soyabeen,FAQ,1940,2025,2010,10-Oct-11
751,Haveri,Haveri,Soyabean,Soyabeen,Medium,1900,1950,1925,10-Oct-11
834,Dharwad,Hubli (Amaragol),Soyabean,Soyabeen,FAQ,1900,2050,1911,10-Oct-11
1282,Belgaum,Sankeshwar,Soyabean,Soyabeen,FAQ,1900,1950,1925,10-Oct-11
1338,Haveri,Savanur,Soyabean,Soyabeen,FAQ,1870,2010,1940,10-Oct-11
96,Belgaum,Bailahongal,Soyabean,Soyabeen,FAQ,1950,1990,1970,11-Oct-11
28,Bidar,Aurad,Soyabean,Soyabeen,FAQ,1874,1930,1880,12-Oct-11
95,Belgaum,Bailahongal,Soyabean,Soyabeen,FAQ,1950,2000,1980,12-Oct-11
378,Bidar,Basava Kalayana,Soyabean,Soyabeen,FAQ,1700,1911,1850,12-Oct-11
534,Bidar,Bhalki,Soyabean,Soyabeen,Medium,1875,1959,1901,12-Oct-11
631,Dharwad,Dharwar,Soyabean,Soyabeen,FAQ,1900,2050,2020,12-Oct-11
833,Dharwad,Hubli (Amaragol),Soyabean,Soyabeen,FAQ,1900,2020,2020,12-Oct-11
1123,Dharwad,Kalagategi,Soyabean,Soyabeen,FAQ,1820,2050,1910,12-Oct-11
1236,Belgaum,Nippani,Soyabean,Soyabeen,FAQ,1900,1900,1900,12-Oct-11
1281,Belgaum,Sankeshwar,Soyabean,Soyabeen,FAQ,1900,2000,1950,12-Oct-11
27,Bidar,Aurad,Soyabean,Soyabeen,FAQ,1775,1948,1902,13-Oct-11
94,Belgaum,Bailahongal,Soyabean,Soyabeen,FAQ,1950,1990,1970,13-Oct-11
273,Bangalore,Bangalore,Soyabean,Soyabeen,FAQ,2080,2280,2130,13-Oct-11
377,Bidar,Basava Kalayana,Soyabean,Soyabeen,FAQ,1800,1911,1850,13-Oct-11
533,Bidar,Bhalki,Soyabean,Soyabeen,Medium,1780,1901,1850,13-Oct-11
832,Dharwad,Hubli (Amaragol),Soyabean,Soyabeen,FAQ,1921,1926,1925,13-Oct-11
1032,Bidar,Humanabad,Soyabean,Soyabeen,FAQ,1750,1925,1900,13-Oct-11
1121,Dharwad,Kalagategi,Soyabean,Soyabeen,Medium,1810,2050,1910,13-Oct-11
1122,Dharwad,Kalagategi,Soyabean,Soyabeen,FAQ,1810,2050,1910,13-Oct-11
26,Bidar,Aurad,Soyabean,Soyabeen,FAQ,1831,1941,1900,14-Oct-11
93,Belgaum,Bailahongal,Soyabean,Soyabeen,FAQ,1900,2000,1960,14-Oct-11
376,Bidar,Basava Kalayana,Soyabean,Soyabeen,FAQ,1700,1930,1850,14-Oct-11
532,Bidar,Bhalki,Soyabean,Soyabeen,Medium,1850,1944,1901,14-Oct-11
573,Bidar,Bidar,Soyabean,Soyabeen,FAQ,1841,1910,1861,14-Oct-11
630,Dharwad,Dharwar,Soyabean,Soyabeen,FAQ,1900,2050,2000,14-Oct-11
831,Dharwad,Hubli (Amaragol),Soyabean,Soyabeen,FAQ,1906,1937,1927,14-Oct-11
1031,Bidar,Humanabad,Soyabean,Soyabeen,FAQ,1705,1925,1850,14-Oct-11
1235,Belgaum,Nippani,Soyabean,Soyabeen,FAQ,1900,1900,1900,14-Oct-11
1280,Belgaum,Sankeshwar,Soyabean,Soyabeen,FAQ,1700,1800,1750,14-Oct-11
531,Bidar,Bhalki,Soyabean,Soyabeen,Medium,1890,1943,1901,15-Oct-11
572,Bidar,Bidar,Soyabean,Soyabeen,FAQ,1794,1879,1860,15-Oct-11
629,Dharwad,Dharwar,Soyabean,Soyabeen,FAQ,1975,2010,1990,15-Oct-11
750,Haveri,Haveri,Soyabean,Soyabeen,Medium,1950,2050,2000,15-Oct-11
830,Dharwad,Hubli (Amaragol),Soyabean,Soyabeen,FAQ,1740,1961,1900,15-Oct-11
1030,Bidar,Humanabad,Soyabean,Soyabeen,FAQ,1750,1915,1850,15-Oct-11
1279,Belgaum,Sankeshwar,Soyabean,Soyabeen,FAQ,1900,2000,1950,15-Oct-11
1337,Haveri,Savanur,Soyabean,Soyabeen,FAQ,1919,2040,1980,15-Oct-11
1029,Bidar,Humanabad,Soyabean,Soyabeen,FAQ,1700,1950,1800,16-Oct-11
92,Belgaum,Bailahongal,Soyabean,Soyabeen,FAQ,1990,2020,2005,17-Oct-11
530,Bidar,Bhalki,Soyabean,Soyabeen,Medium,1905,1985,1925,17-Oct-11
571,Bidar,Bidar,Soyabean,Soyabeen,FAQ,1770,1879,1864,17-Oct-11
628,Dharwad,Dharwar,Soyabean,Soyabeen,FAQ,2080,2080,2080,17-Oct-11
1278,Belgaum,Sankeshwar,Soyabean,Soyabeen,FAQ,1950,2000,1975,17-Oct-11
1336,Haveri,Savanur,Soyabean,Soyabeen,FAQ,1969,2030,2000,17-Oct-11
25,Bidar,Aurad,Soyabean,Soyabeen,FAQ,1751,1974,1911,18-Oct-11
91,Belgaum,Bailahongal,Soyabean,Soyabeen,FAQ,1950,2010,1980,18-Oct-11
570,Bidar,Bidar,Soyabean,Soyabeen,FAQ,1824,1865,1845,18-Oct-11
627,Dharwad,Dharwar,Soyabean,Soyabeen,FAQ,1970,2030,2000,18-Oct-11
829,Dharwad,Hubli (Amaragol),Soyabean,Soyabeen,FAQ,1930,1977,1939,18-Oct-11
1028,Bidar,Humanabad,Soyabean,Soyabeen,FAQ,1650,1891,1802,18-Oct-11
1234,Belgaum,Nippani,Soyabean,Soyabeen,FAQ,1900,1900,1900,18-Oct-11
24,Bidar,Aurad,Soyabean,Soyabeen,FAQ,1876,1950,1925,19-Oct-11
90,Belgaum,Bailahongal,Soyabean,Soyabeen,FAQ,1950,2010,1980,19-Oct-11
569,Bidar,Bidar,Soyabean,Soyabeen,FAQ,1800,1855,1836,19-Oct-11
626,Dharwad,Dharwar,Soyabean,Soyabeen,FAQ,1950,2010,1980,19-Oct-11
828,Dharwad,Hubli (Amaragol),Soyabean,Soyabeen,FAQ,1941,1970,1950,19-Oct-11
1027,Bidar,Humanabad,Soyabean,Soyabeen,FAQ,1722,1860,1800,19-Oct-11
23,Bidar,Aurad,Soyabean,Soyabeen,FAQ,1750,1936,1900,20-Oct-11
89,Belgaum,Bailahongal,Soyabean,Soyabeen,FAQ,1900,1990,1950,20-Oct-11
568,Bidar,Bidar,Soyabean,Soyabeen,FAQ,1736,1825,1818,20-Oct-11
625,Dharwad,Dharwar,Soyabean,Soyabeen,FAQ,1700,1700,1700,20-Oct-11
827,Dharwad,Hubli (Amaragol),Soyabean,Soyabeen,FAQ,1943,2000,2000,20-Oct-11
1119,Dharwad,Kalagategi,Soyabean,Soyabeen,Medium,1810,2000,1910,20-Oct-11
1120,Dharwad,Kalagategi,Soyabean,Soyabeen,FAQ,1810,2000,1910,20-Oct-11
1335,Haveri,Savanur,Soyabean,Soyabeen,FAQ,1869,2040,1955,20-Oct-11
22,Bidar,Aurad,Soyabean,Soyabeen,FAQ,1651,1971,1890,21-Oct-11
88,Belgaum,Bailahongal,Soyabean,Soyabeen,FAQ,1900,2010,1950,21-Oct-11
624,Dharwad,Dharwar,Soyabean,Soyabeen,FAQ,1965,2125,2125,21-Oct-11
826,Dharwad,Hubli (Amaragol),Soyabean,Soyabeen,FAQ,2000,2050,2050,21-Oct-11
1057,Bagalkot,Jamakhandi,Soyabean,Soyabeen,Medium,1690,1690,1690,21-Oct-11
1233,Belgaum,Nippani,Soyabean,Soyabeen,FAQ,1900,1900,1900,21-Oct-11
1277,Belgaum,Sankeshwar,Soyabean,Soyabeen,FAQ,1800,1827,1810,21-Oct-11
87,Belgaum,Bailahongal,Soyabean,Soyabeen,FAQ,1950,2010,1980,22-Oct-11
623,Dharwad,Dharwar,Soyabean,Soyabeen,FAQ,1975,2035,2005,22-Oct-11
825,Dharwad,Hubli (Amaragol),Soyabean,Soyabeen,FAQ,1921,2040,1979,22-Oct-11
1232,Belgaum,Nippani,Soyabean,Other,FAQ,1900,1900,1900,22-Oct-11
1276,Belgaum,Sankeshwar,Soyabean,Soyabeen,FAQ,1900,2000,1950,22-Oct-11
622,Dharwad,Dharwar,Soyabean,Soyabeen,FAQ,1980,2060,2020,24-Oct-11
824,Dharwad,Hubli (Amaragol),Soyabean,Soyabeen,FAQ,2007,2037,2037,24-Oct-11
21,Bidar,Aurad,Soyabean,Soyabeen,FAQ,1881,2027,1975,27-Oct-11
20,Bidar,Aurad,Soyabean,Soyabeen,FAQ,1861,2020,1965,28-Oct-11
86,Belgaum,Bailahongal,Soyabean,Soyabeen,FAQ,2000,2060,2040,28-Oct-11
529,Bidar,Bhalki,Soyabean,Soyabeen,Medium,1925,1961,1940,28-Oct-11
621,Dharwad,Dharwar,Soyabean,Soyabeen,FAQ,1700,2050,1850,28-Oct-11
749,Haveri,Haveri,Soyabean,Soyabeen,Medium,1800,2000,1900,28-Oct-11
823,Dharwad,Hubli (Amaragol),Soyabean,Soyabeen,FAQ,1990,1990,1990,28-Oct-11
1026,Bidar,Humanabad,Soyabean,Soyabeen,FAQ,1851,2021,1911,28-Oct-11
1056,Bagalkot,Jamakhandi,Soyabean,Soyabeen,Medium,1930,1930,1930,28-Oct-11
1275,Belgaum,Sankeshwar,Soyabean,Soyabeen,FAQ,1800,1887,1850,28-Oct-11
85,Belgaum,Bailahongal,Soyabean,Soyabeen,FAQ,2000,2050,2020,29-Oct-11
528,Bidar,Bhalki,Soyabean,Soyabeen,Medium,1890,1919,1901,29-Oct-11
567,Bidar,Bidar,Soyabean,Soyabeen,FAQ,1885,1951,1930,29-Oct-11
620,Dharwad,Dharwar,Soyabean,Soyabeen,FAQ,1990,2050,2020,29-Oct-11
822,Dharwad,Hubli (Amaragol),Soyabean,Soyabeen,FAQ,2011,2083,2041,29-Oct-11
1025,Bidar,Humanabad,Soyabean,Soyabeen,FAQ,1651,1981,1851,29-Oct-11
1231,Belgaum,Nippani,Soyabean,Other,FAQ,1900,1900,1900,29-Oct-11
1274,Belgaum,Sankeshwar,Soyabean,Soyabeen,FAQ,1900,1979,1950,29-Oct-11
1024,Bidar,Humanabad,Soyabean,Soyabeen,FAQ,1800,1981,1900,30-Oct-11
19,Bidar,Aurad,Soyabean,Soyabeen,FAQ,1800,1975,1901,31-Oct-11
84,Belgaum,Bailahongal,Soyabean,Soyabeen,FAQ,2000,2040,2010,31-Oct-11
375,Bidar,Basava Kalayana,Soyabean,Soyabeen,FAQ,1750,1920,1850,31-Oct-11
527,Bidar,Bhalki,Soyabean,Soyabeen,Medium,1850,1890,1870,31-Oct-11
566,Bidar,Bidar,Soyabean,Soyabeen,FAQ,1855,1903,1890,31-Oct-11
619,Dharwad,Dharwar,Soyabean,Soyabeen,FAQ,1750,1900,1825,31-Oct-11
1118,Dharwad,Kalagategi,Soyabean,Soyabeen,Medium,1820,2040,1910,31-Oct-11
1230,Belgaum,Nippani,Soyabean,Other,FAQ,1900,1900,1900,31-Oct-11
1273,Belgaum,Sankeshwar,Soyabean,Soyabeen,FAQ,1900,2000,1950,31-Oct-11
18,Bidar,Aurad,Soyabean,Soyabeen,FAQ,1851,1980,1959,2-Nov-11
83,Belgaum,Bailahongal,Soyabean,Soyabeen,FAQ,2000,2040,2010,2-Nov-11
272,Bangalore,Bangalore,Soyabean,Soyabeen,FAQ,2050,2080,2070,2-Nov-11
526,Bidar,Bhalki,Soyabean,Soyabeen,Medium,1850,1901,1875,2-Nov-11
565,Bidar,Bidar,Soyabean,Soyabeen,FAQ,1801,1890,1884,2-Nov-11
618,Dharwad,Dharwar,Soyabean,Soyabeen,FAQ,2050,2120,2085,2-Nov-11
821,Dharwad,Hubli (Amaragol),Soyabean,Soyabeen,FAQ,1700,2100,2019,2-Nov-11
1023,Bidar,Humanabad,Soyabean,Soyabeen,FAQ,1825,1960,1900,2-Nov-11
1055,Bagalkot,Jamakhandi,Soyabean,Soyabeen,Medium,1950,1950,1950,2-Nov-11
1272,Belgaum,Sankeshwar,Soyabean,Soyabeen,FAQ,1900,1980,1950,2-Nov-11
17,Bidar,Aurad,Soyabean,Soyabeen,FAQ,1850,1987,1951,3-Nov-11
82,Belgaum,Bailahongal,Soyabean,Soyabeen,FAQ,2000,2050,2020,3-Nov-11
374,Bidar,Basava Kalayana,Soyabean,Soyabeen,FAQ,1800,1900,1850,3-Nov-11
525,Bidar,Bhalki,Soyabean,Soyabeen,Medium,1901,1955,1920,3-Nov-11
564,Bidar,Bidar,Soyabean,Soyabeen,FAQ,1801,1929,1901,3-Nov-11
617,Dharwad,Dharwar,Soyabean,Soyabeen,FAQ,2060,2060,2060,3-Nov-11
820,Dharwad,Hubli (Amaragol),Soyabean,Soyabeen,FAQ,2029,2031,2031,3-Nov-11
1022,Bidar,Humanabad,Soyabean,Soyabeen,FAQ,1850,1976,1900,3-Nov-11
1117,Dharwad,Kalagategi,Soyabean,Soyabeen,Medium,1840,2060,1930,3-Nov-11
1334,Haveri,Savanur,Soyabean,Soyabeen,FAQ,1924,2024,1974,3-Nov-11
16,Bidar,Aurad,Soyabean,Soyabeen,FAQ,1850,2022,1980,4-Nov-11
81,Belgaum,Bailahongal,Soyabean,Soyabeen,FAQ,2000,2060,2030,4-Nov-11
563,Bidar,Bidar,Soyabean,Soyabeen,FAQ,1879,2000,1933,4-Nov-11
616,Dharwad,Dharwar,Soyabean,Soyabeen,FAQ,1800,2090,1950,4-Nov-11
819,Dharwad,Hubli (Amaragol),Soyabean,Soyabeen,FAQ,2070,2070,2070,4-Nov-11
1021,Bidar,Humanabad,Soyabean,Soyabeen,FAQ,1800,2050,2000,4-Nov-11
15,Bidar,Aurad,Soyabean,Soyabeen,FAQ,1891,2001,1950,5-Nov-11
80,Belgaum,Bailahongal,Soyabean,Soyabeen,FAQ,2000,2070,2050,5-Nov-11
271,Bangalore,Bangalore,Soyabean,Soyabeen,FAQ,2050,2080,2070,5-Nov-11
373,Bidar,Basava Kalayana,Soyabean,Soyabeen,FAQ,1850,1950,1930,5-Nov-11
524,Bidar,Bhalki,Soyabean,Soyabeen,Medium,1930,1975,1950,5-Nov-11
562,Bidar,Bidar,Soyabean,Soyabeen,FAQ,1965,1991,1985,5-Nov-11
615,Dharwad,Dharwar,Soyabean,Soyabeen,FAQ,2030,2105,2070,5-Nov-11
818,Dharwad,Hubli (Amaragol),Soyabean,Soyabeen,FAQ,1950,2109,2039,5-Nov-11
1020,Bidar,Humanabad,Soyabean,Soyabeen,FAQ,1900,2041,1950,5-Nov-11
1271,Belgaum,Sankeshwar,Soyabean,Soyabeen,FAQ,1850,1900,1875,5-Nov-11
1333,Haveri,Savanur,Soyabean,Soyabeen,FAQ,1833,1833,1833,5-Nov-11
1019,Bidar,Humanabad,Soyabean,Soyabeen,FAQ,1850,2006,1950,6-Nov-11
14,Bidar,Aurad,Soyabean,Soyabeen,FAQ,1775,2011,1980,8-Nov-11
79,Belgaum,Bailahongal,Soyabean,Soyabeen,FAQ,2000,2060,2030,8-Nov-11
372,Bidar,Basava Kalayana,Soyabean,Soyabeen,FAQ,1800,1925,1900,8-Nov-11
523,Bidar,Bhalki,Soyabean,Soyabeen,Medium,1950,1992,1975,8-Nov-11
561,Bidar,Bidar,Soyabean,Soyabeen,FAQ,1956,1990,1975,8-Nov-11
614,Dharwad,Dharwar,Soyabean,Soyabeen,FAQ,1900,2100,2000,8-Nov-11
817,Dharwad,Hubli (Amaragol),Soyabean,Soyabeen,FAQ,1651,2039,2039,8-Nov-11
1270,Belgaum,Sankeshwar,Soyabean,Soyabeen,FAQ,1900,2000,1950,8-Nov-11
1332,Haveri,Savanur,Soyabean,Soyabeen,FAQ,1833,1833,1833,8-Nov-11
13,Bidar,Aurad,Soyabean,Soyabeen,FAQ,1775,2002,1950,9-Nov-11
78,Belgaum,Bailahongal,Soyabean,Soyabeen,FAQ,2000,2060,2030,9-Nov-11
371,Bidar,Basava Kalayana,Soyabean,Soyabeen,FAQ,1800,1950,1900,9-Nov-11
522,Bidar,Bhalki,Soyabean,Soyabeen,Medium,1950,1980,1960,9-Nov-11
560,Bidar,Bidar,Soyabean,Soyabeen,FAQ,1954,1991,1986,9-Nov-11
613,Dharwad,Dharwar,Soyabean,Soyabeen,FAQ,2030,2090,2060,9-Nov-11
816,Dharwad,Hubli (Amaragol),Soyabean,Soyabeen,FAQ,1709,2049,2049,9-Nov-11
1018,Bidar,Humanabad,Soyabean,Soyabeen,FAQ,1700,1991,1850,9-Nov-11
1269,Belgaum,Sankeshwar,Soyabean,Soyabeen,FAQ,2000,2100,2050,9-Nov-11
1331,Haveri,Savanur,Soyabean,Soyabeen,FAQ,2022,2025,2023,9-Nov-11
77,Belgaum,Bailahongal,Soyabean,Soyabeen,FAQ,2000,2050,2030,10-Nov-11
370,Bidar,Basava Kalayana,Soyabean,Soyabeen,FAQ,1850,1930,1900,10-Nov-11
612,Dharwad,Dharwar,Soyabean,Soyabeen,FAQ,2070,2080,2070,10-Nov-11
748,Haveri,Haveri,Soyabean,Soyabeen,Medium,2000,2000,2000,10-Nov-11
815,Dharwad,Hubli (Amaragol),Soyabean,Soyabeen,FAQ,2080,2080,2080,10-Nov-11
1017,Bidar,Humanabad,Soyabean,Soyabeen,FAQ,1701,1984,1900,10-Nov-11
1268,Belgaum,Sankeshwar,Soyabean,Soyabeen,FAQ,1900,2000,1950,10-Nov-11
12,Bidar,Aurad,Soyabean,Soyabeen,FAQ,1725,2002,1950,11-Nov-11
76,Belgaum,Bailahongal,Soyabean,Soyabeen,FAQ,2000,2050,2030,11-Nov-11
369,Bidar,Basava Kalayana,Soyabean,Soyabeen,FAQ,1800,1950,1900,11-Nov-11
521,Bidar,Bhalki,Soyabean,Soyabeen,Medium,1951,1975,1965,11-Nov-11
559,Bidar,Bidar,Soyabean,Soyabeen,FAQ,1926,1991,1985,11-Nov-11
611,Dharwad,Dharwar,Soyabean,Soyabeen,FAQ,1800,2120,1960,11-Nov-11
814,Dharwad,Hubli (Amaragol),Soyabean,Soyabeen,FAQ,2029,2100,2054,11-Nov-11
1016,Bidar,Humanabad,Soyabean,Soyabeen,FAQ,1751,1986,1951,11-Nov-11
1267,Belgaum,Sankeshwar,Soyabean,Soyabeen,FAQ,1900,1980,1950,11-Nov-11
11,Bidar,Aurad,Soyabean,Soyabeen,FAQ,1891,2006,1975,12-Nov-11
75,Belgaum,Bailahongal,Soyabean,Soyabeen,FAQ,2000,2070,2040,12-Nov-11
368,Bidar,Basava Kalayana,Soyabean,Soyabeen,FAQ,1800,1950,1900,12-Nov-11
520,Bidar,Bhalki,Soyabean,Soyabeen,Medium,1950,1975,1960,12-Nov-11
558,Bidar,Bidar,Soyabean,Soyabeen,FAQ,1951,1993,1985,12-Nov-11
610,Dharwad,Dharwar,Soyabean,Soyabeen,FAQ,1800,2105,1950,12-Nov-11
813,Dharwad,Hubli (Amaragol),Soyabean,Soyabeen,FAQ,1629,2059,2008,12-Nov-11
1015,Bidar,Humanabad,Soyabean,Soyabeen,FAQ,1900,1986,1925,12-Nov-11
1116,Dharwad,Kalagategi,Soyabean,Soyabeen,Medium,1840,2040,1930,12-Nov-11
1014,Bidar,Humanabad,Soyabean,Soyabeen,FAQ,1900,1995,1960,13-Nov-11
74,Belgaum,Bailahongal,Soyabean,Soyabeen,FAQ,2000,2080,2050,14-Nov-11
10,Bidar,Aurad,Soyabean,Soyabeen,FAQ,1950,2025,2000,15-Nov-11
73,Belgaum,Bailahongal,Soyabean,Soyabeen,FAQ,2000,2095,2050,15-Nov-11
367,Bidar,Basava Kalayana,Soyabean,Soyabeen,FAQ,1850,1970,1900,15-Nov-11
519,Bidar,Bhalki,Soyabean,Soyabeen,Medium,1990,2021,2001,15-Nov-11
557,Bidar,Bidar,Soyabean,Soyabeen,FAQ,2003,2021,2015,15-Nov-11
609,Dharwad,Dharwar,Soyabean,Soyabeen,FAQ,1800,2110,1955,15-Nov-11
812,Dharwad,Hubli (Amaragol),Soyabean,Soyabeen,FAQ,1909,2088,2035,15-Nov-11
1115,Dharwad,Kalagategi,Soyabean,Soyabeen,FAQ,1840,2050,1960,15-Nov-11
1266,Belgaum,Sankeshwar,Soyabean,Soyabeen,FAQ,2050,2100,2075,15-Nov-11
9,Bidar,Aurad,Soyabean,Soyabeen,FAQ,1981,2019,2019,16-Nov-11
72,Belgaum,Bailahongal,Soyabean,Soyabeen,FAQ,2050,2100,2070,16-Nov-11
366,Bidar,Basava Kalayana,Soyabean,Soyabeen,FAQ,1850,2000,1950,16-Nov-11
518,Bidar,Bhalki,Soyabean,Soyabeen,Medium,1890,2030,1950,16-Nov-11
556,Bidar,Bidar,Soyabean,Soyabeen,FAQ,2005,2015,2010,16-Nov-11
608,Dharwad,Dharwar,Soyabean,Soyabeen,FAQ,2000,2130,2065,16-Nov-11
811,Dharwad,Hubli (Amaragol),Soyabean,Soyabeen,FAQ,2061,2110,2071,16-Nov-11
1013,Bidar,Humanabad,Soyabean,Soyabeen,FAQ,1900,2035,2020,16-Nov-11
1265,Belgaum,Sankeshwar,Soyabean,Soyabeen,FAQ,2050,2100,2075,16-Nov-11
8,Bidar,Aurad,Soyabean,Soyabeen,FAQ,1900,2035,2010,17-Nov-11
71,Belgaum,Bailahongal,Soyabean,Soyabeen,FAQ,2000,2100,2080,17-Nov-11
270,Bangalore,Bangalore,Soyabean,Soyabeen,FAQ,2050,2140,2090,17-Nov-11
365,Bidar,Basava Kalayana,Soyabean,Soyabeen,FAQ,1850,2020,1975,17-Nov-11
517,Bidar,Bhalki,Soyabean,Soyabeen,Medium,1990,2020,2001,17-Nov-11
555,Bidar,Bidar,Soyabean,Soyabeen,FAQ,2005,2018,2007,17-Nov-11
607,Dharwad,Dharwar,Soyabean,Soyabeen,FAQ,1860,2120,1990,17-Nov-11
810,Dharwad,Hubli (Amaragol),Soyabean,Soyabeen,FAQ,1400,2100,2069,17-Nov-11
1012,Bidar,Humanabad,Soyabean,Soyabeen,FAQ,1830,2061,2015,17-Nov-11
1054,Bagalkot,Jamakhandi,Soyabean,Soyabeen,Medium,1900,1900,1900,17-Nov-11
1113,Dharwad,Kalagategi,Soyabean,Soyabeen,Medium,1840,2060,1900,17-Nov-11
1114,Dharwad,Kalagategi,Soyabean,Soyabeen,FAQ,1840,2060,1900,17-Nov-11
1264,Belgaum,Sankeshwar,Soyabean,Soyabeen,FAQ,2000,2100,2050,17-Nov-11
70,Belgaum,Bailahongal,Soyabean,Soyabeen,FAQ,2000,2095,2060,18-Nov-11
364,Bidar,Basava Kalayana,Soyabean,Soyabeen,FAQ,1800,2000,1950,18-Nov-11
516,Bidar,Bhalki,Soyabean,Soyabeen,Medium,1950,2024,2001,18-Nov-11
554,Bidar,Bidar,Soyabean,Soyabeen,FAQ,2008,2016,2010,18-Nov-11
606,Dharwad,Dharwar,Soyabean,Soyabeen,FAQ,1850,2005,1930,18-Nov-11
1011,Bidar,Humanabad,Soyabean,Soyabeen,FAQ,2000,2075,2025,18-Nov-11
1111,Dharwad,Kalagategi,Soyabean,Soyabeen,Medium,1780,2040,1900,18-Nov-11
1112,Dharwad,Kalagategi,Soyabean,Soyabeen,FAQ,1780,2040,1900,18-Nov-11
1229,Belgaum,Nippani,Soyabean,Soyabeen,FAQ,2000,2000,2000,18-Nov-11
69,Belgaum,Bailahongal,Soyabean,Soyabeen,FAQ,2050,2105,2070,19-Nov-11
363,Bidar,Basava Kalayana,Soyabean,Soyabeen,FAQ,1900,2020,1950,19-Nov-11
515,Bidar,Bhalki,Soyabean,Soyabeen,Medium,2001,2046,2020,19-Nov-11
553,Bidar,Bidar,Soyabean,Soyabeen,FAQ,2005,2035,2015,19-Nov-11
605,Dharwad,Dharwar,Soyabean,Soyabeen,FAQ,2070,2130,2100,19-Nov-11
809,Dharwad,Hubli (Amaragol),Soyabean,Soyabeen,FAQ,2011,2070,2070,19-Nov-11
1010,Bidar,Humanabad,Soyabean,Soyabeen,FAQ,1675,2071,2025,19-Nov-11
1228,Belgaum,Nippani,Soyabean,Soyabeen,FAQ,1900,1900,1900,19-Nov-11
1263,Belgaum,Sankeshwar,Soyabean,Soyabeen,FAQ,2000,2050,2025,19-Nov-11
1009,Bidar,Humanabad,Soyabean,Soyabeen,FAQ,2025,2700,2600,20-Nov-11
68,Belgaum,Bailahongal,Soyabean,Soyabeen,FAQ,2050,2110,2070,21-Nov-11
362,Bidar,Basava Kalayana,Soyabean,Soyabeen,FAQ,1950,2050,2000,21-Nov-11
514,Bidar,Bhalki,Soyabean,Soyabeen,Medium,2001,2072,2030,21-Nov-11
552,Bidar,Bidar,Soyabean,Soyabeen,FAQ,2017,2044,2033,21-Nov-11
604,Dharwad,Dharwar,Soyabean,Soyabeen,FAQ,1950,2150,2040,21-Nov-11
808,Dharwad,Hubli (Amaragol),Soyabean,Soyabeen,FAQ,1829,2103,2085,21-Nov-11
1053,Bagalkot,Jamakhandi,Soyabean,Soyabeen,Medium,2000,2000,2000,21-Nov-11
1262,Belgaum,Sankeshwar,Soyabean,Soyabeen,FAQ,2000,2050,2025,21-Nov-11
1330,Haveri,Savanur,Soyabean,Soyabeen,FAQ,1873,2064,1969,21-Nov-11
67,Belgaum,Bailahongal,Soyabean,Soyabeen,FAQ,2000,2110,2080,22-Nov-11
361,Bidar,Basava Kalayana,Soyabean,Soyabeen,FAQ,1900,2020,1950,22-Nov-11
551,Bidar,Bidar,Soyabean,Soyabeen,FAQ,1977,2044,2034,22-Nov-11
603,Dharwad,Dharwar,Soyabean,Soyabeen,FAQ,1880,2130,2005,22-Nov-11
807,Dharwad,Hubli (Amaragol),Soyabean,Soyabeen,FAQ,1700,2113,2070,22-Nov-11
1008,Bidar,Humanabad,Soyabean,Soyabeen,FAQ,2000,2075,2041,22-Nov-11
1110,Dharwad,Kalagategi,Soyabean,Soyabeen,Medium,1830,2060,1920,22-Nov-11
66,Belgaum,Bailahongal,Soyabean,Soyabeen,FAQ,2000,2120,2080,23-Nov-11
360,Bidar,Basava Kalayana,Soyabean,Soyabeen,FAQ,1900,2100,2000,23-Nov-11
513,Bidar,Bhalki,Soyabean,Soyabeen,Medium,2090,2140,2101,23-Nov-11
550,Bidar,Bidar,Soyabean,Soyabeen,FAQ,2055,2090,2085,23-Nov-11
602,Dharwad,Dharwar,Soyabean,Soyabeen,FAQ,1900,2170,2035,23-Nov-11
806,Dharwad,Hubli (Amaragol),Soyabean,Soyabeen,FAQ,2060,2086,2086,23-Nov-11
1007,Bidar,Humanabad,Soyabean,Soyabeen,FAQ,1900,2080,2000,23-Nov-11
1109,Dharwad,Kalagategi,Soyabean,Soyabeen,FAQ,1840,2020,1930,23-Nov-11
1261,Belgaum,Sankeshwar,Soyabean,Soyabeen,FAQ,2000,2100,2050,23-Nov-11
65,Belgaum,Bailahongal,Soyabean,Soyabeen,FAQ,2050,2110,2070,24-Nov-11
359,Bidar,Basava Kalayana,Soyabean,Soyabeen,FAQ,1950,2100,2050,24-Nov-11
512,Bidar,Bhalki,Soyabean,Soyabeen,Medium,2080,2101,2090,24-Nov-11
549,Bidar,Bidar,Soyabean,Soyabeen,FAQ,2050,2085,2081,24-Nov-11
601,Dharwad,Dharwar,Soyabean,Soyabeen,FAQ,2080,2150,2115,24-Nov-11
805,Dharwad,Hubli (Amaragol),Soyabean,Soyabeen,FAQ,1721,2097,2050,24-Nov-11
1006,Bidar,Humanabad,Soyabean,Soyabeen,FAQ,2000,2112,2080,24-Nov-11
1329,Haveri,Savanur,Soyabean,Soyabeen,FAQ,1937,1937,1937,24-Nov-11
1107,Dharwad,Kalagategi,Soyabean,Soyabeen,Medium,1820,2060,1940,25-Nov-11
1108,Dharwad,Kalagategi,Soyabean,Soyabeen,FAQ,1820,2060,1940,25-Nov-11
1227,Belgaum,Nippani,Soyabean,Soyabeen,FAQ,2000,2000,2000,25-Nov-11
1260,Belgaum,Sankeshwar,Soyabean,Soyabeen,FAQ,2000,2080,2050,25-Nov-11
64,Belgaum,Bailahongal,Soyabean,Soyabeen,FAQ,2000,2100,2050,26-Nov-11
358,Bidar,Basava Kalayana,Soyabean,Soyabeen,FAQ,1950,2110,2050,26-Nov-11
548,Bidar,Bidar,Soyabean,Soyabeen,FAQ,1850,2075,1995,26-Nov-11
804,Dharwad,Hubli (Amaragol),Soyabean,Soyabeen,FAQ,2119,2119,2119,26-Nov-11
1005,Bidar,Humanabad,Soyabean,Soyabeen,FAQ,2100,2100,2100,26-Nov-11
1105,Dharwad,Kalagategi,Soyabean,Soyabeen,Medium,1810,2040,1930,26-Nov-11
1106,Dharwad,Kalagategi,Soyabean,Soyabeen,FAQ,1810,2040,1930,26-Nov-11
1259,Belgaum,Sankeshwar,Soyabean,Soyabeen,FAQ,2000,2100,2050,26-Nov-11
1328,Haveri,Savanur,Soyabean,Soyabeen,FAQ,1921,1921,1921,26-Nov-11
1004,Bidar,Humanabad,Soyabean,Soyabeen,FAQ,1951,2115,2100,27-Nov-11
63,Belgaum,Bailahongal,Soyabean,Soyabeen,FAQ,2080,2110,2090,28-Nov-11
357,Bidar,Basava Kalayana,Soyabean,Soyabeen,FAQ,1800,2150,2000,28-Nov-11
511,Bidar,Bhalki,Soyabean,Soyabeen,Medium,1990,2060,2020,28-Nov-11
547,Bidar,Bidar,Soyabean,Soyabeen,FAQ,2015,2085,2065,28-Nov-11
600,Dharwad,Dharwar,Soyabean,Soyabeen,FAQ,1970,2150,2080,28-Nov-11
803,Dharwad,Hubli (Amaragol),Soyabean,Soyabeen,FAQ,2059,2160,2097,28-Nov-11
1052,Bagalkot,Jamakhandi,Soyabean,Soyabeen,Medium,2000,2000,2000,28-Nov-11
1103,Dharwad,Kalagategi,Soyabean,Soyabeen,Medium,1760,2030,1910,28-Nov-11
1104,Dharwad,Kalagategi,Soyabean,Soyabeen,FAQ,1760,2030,1910,28-Nov-11
62,Belgaum,Bailahongal,Soyabean,Soyabeen,FAQ,2080,2120,2100,29-Nov-11
356,Bidar,Basava Kalayana,Soyabean,Soyabeen,FAQ,1950,2125,2050,29-Nov-11
510,Bidar,Bhalki,Soyabean,Soyabeen,Medium,1990,2060,2020,29-Nov-11
546,Bidar,Bidar,Soyabean,Soyabeen,FAQ,2040,2081,2076,29-Nov-11
599,Dharwad,Dharwar,Soyabean,Soyabeen,FAQ,2090,2135,2100,29-Nov-11
802,Dharwad,Hubli (Amaragol),Soyabean,Soyabeen,FAQ,2070,2080,2080,29-Nov-11
1003,Bidar,Humanabad,Soyabean,Soyabeen,FAQ,2000,2101,2080,29-Nov-11
1258,Belgaum,Sankeshwar,Soyabean,Soyabeen,FAQ,2025,2070,2050,29-Nov-11
61,Belgaum,Bailahongal,Soyabean,Soyabeen,FAQ,2080,2110,2090,30-Nov-11
269,Bangalore,Bangalore,Soyabean,Soyabeen,FAQ,2050,2140,2090,30-Nov-11
355,Bidar,Basava Kalayana,Soyabean,Soyabeen,FAQ,1950,2125,2100,30-Nov-11
509,Bidar,Bhalki,Soyabean,Soyabeen,Medium,2030,2075,2050,30-Nov-11
545,Bidar,Bidar,Soyabean,Soyabeen,FAQ,2076,2100,2094,30-Nov-11
598,Dharwad,Dharwar,Soyabean,Soyabeen,FAQ,2010,2160,2085,30-Nov-11
747,Haveri,Haveri,Soyabean,Soyabeen,Medium,2100,2110,2100,30-Nov-11
1002,Bidar,Humanabad,Soyabean,Soyabeen,FAQ,1900,2120,2050,30-Nov-11
60,Belgaum,Bailahongal,Soyabean,Soyabeen,FAQ,2080,2110,2090,1-Dec-11
597,Dharwad,Dharwar,Soyabean,Soyabeen,FAQ,1980,2150,2065,1-Dec-11
1001,Bidar,Humanabad,Soyabean,Soyabeen,FAQ,2000,2115,2100,1-Dec-11
1102,Dharwad,Kalagategi,Soyabean,Soyabeen,Medium,1810,1980,1860,1-Dec-11
354,Bidar,Basava Kalayana,Soyabean,Soyabeen,FAQ,1950,2125,2100,2-Dec-11
508,Bidar,Bhalki,Soyabean,Soyabeen,Medium,2040,2075,2050,2-Dec-11
544,Bidar,Bidar,Soyabean,Soyabeen,FAQ,2097,2107,2102,2-Dec-11
596,Dharwad,Dharwar,Soyabean,Soyabeen,FAQ,1980,2150,2065,2-Dec-11
746,Haveri,Haveri,Soyabean,Soyabeen,Medium,2100,2100,2100,2-Dec-11
801,Dharwad,Hubli (Amaragol),Soyabean,Soyabeen,FAQ,2060,2133,2127,2-Dec-11
1000,Bidar,Humanabad,Soyabean,Soyabeen,FAQ,2100,2100,2100,2-Dec-11
1100,Dharwad,Kalagategi,Soyabean,Soyabeen,Medium,1790,1990,1840,2-Dec-11
1101,Dharwad,Kalagategi,Soyabean,Soyabeen,FAQ,1790,1990,1840,2-Dec-11
1226,Belgaum,Nippani,Soyabean,Soyabeen,FAQ,2000,2000,2000,2-Dec-11
1257,Belgaum,Sankeshwar,Soyabean,Soyabeen,FAQ,2050,2100,2075,2-Dec-11
59,Belgaum,Bailahongal,Soyabean,Soyabeen,FAQ,2000,2100,2080,3-Dec-11
353,Bidar,Basava Kalayana,Soyabean,Soyabeen,FAQ,1950,2150,2100,3-Dec-11
507,Bidar,Bhalki,Soyabean,Soyabeen,Medium,2040,2061,2050,3-Dec-11
543,Bidar,Bidar,Soyabean,Soyabeen,FAQ,2050,2085,2055,3-Dec-11
595,Dharwad,Dharwar,Soyabean,Soyabeen,FAQ,1980,2080,2030,3-Dec-11
800,Dharwad,Hubli (Amaragol),Soyabean,Soyabeen,FAQ,2063,2141,2085,3-Dec-11
1098,Dharwad,Kalagategi,Soyabean,Soyabeen,Medium,1790,1980,1860,3-Dec-11
1099,Dharwad,Kalagategi,Soyabean,Soyabeen,FAQ,1790,1980,1860,3-Dec-11
1256,Belgaum,Sankeshwar,Soyabean,Soyabeen,FAQ,2000,2130,2100,3-Dec-11
58,Belgaum,Bailahongal,Soyabean,Soyabeen,FAQ,2000,2120,2100,5-Dec-11
352,Bidar,Basava Kalayana,Soyabean,Soyabeen,FAQ,1950,2150,2100,5-Dec-11
542,Bidar,Bidar,Soyabean,Soyabeen,FAQ,2030,2055,2040,5-Dec-11
594,Dharwad,Dharwar,Soyabean,Soyabeen,FAQ,1980,2080,2030,5-Dec-11
799,Dharwad,Hubli (Amaragol),Soyabean,Soyabeen,FAQ,1759,2149,2081,5-Dec-11
1327,Haveri,Savanur,Soyabean,Soyabeen,FAQ,1989,2119,2054,5-Dec-11
1096,Dharwad,Kalagategi,Soyabean,Soyabeen,Medium,1840,2010,1930,6-Dec-11
1097,Dharwad,Kalagategi,Soyabean,Soyabeen,FAQ,1840,2010,1930,6-Dec-11
57,Belgaum,Bailahongal,Soyabean,Soyabeen,FAQ,2000,2110,2090,7-Dec-11
268,Bangalore,Bangalore,Soyabean,Soyabeen,FAQ,2050,2140,2090,7-Dec-11
351,Bidar,Basava Kalayana,Soyabean,Soyabeen,FAQ,1950,2100,2050,7-Dec-11
506,Bidar,Bhalki,Soyabean,Soyabeen,Medium,2080,2120,2101,7-Dec-11
541,Bidar,Bidar,Soyabean,Soyabeen,FAQ,2015,2144,2130,7-Dec-11
593,Dharwad,Dharwar,Soyabean,Soyabeen,FAQ,1990,2130,2060,7-Dec-11
798,Dharwad,Hubli (Amaragol),Soyabean,Soyabeen,FAQ,2083,2129,2119,7-Dec-11
1094,Dharwad,Kalagategi,Soyabean,Soyabeen,Medium,1820,1990,1910,7-Dec-11
1095,Dharwad,Kalagategi,Soyabean,Soyabeen,FAQ,1820,1990,1910,7-Dec-11
1255,Belgaum,Sankeshwar,Soyabean,Soyabeen,FAQ,1980,2060,2000,7-Dec-11
56,Belgaum,Bailahongal,Soyabean,Soyabeen,FAQ,2000,2135,2010,8-Dec-11
350,Bidar,Basava Kalayana,Soyabean,Soyabeen,FAQ,1950,2100,2050,8-Dec-11
505,Bidar,Bhalki,Soyabean,Soyabeen,Medium,2050,2135,2101,8-Dec-11
540,Bidar,Bidar,Soyabean,Soyabeen,FAQ,2135,2140,2135,8-Dec-11
592,Dharwad,Dharwar,Soyabean,Soyabeen,FAQ,2050,2060,2055,8-Dec-11
797,Dharwad,Hubli (Amaragol),Soyabean,Soyabeen,FAQ,1569,2159,2075,8-Dec-11
1092,Dharwad,Kalagategi,Soyabean,Soyabeen,Medium,1840,2010,1930,8-Dec-11
1093,Dharwad,Kalagategi,Soyabean,Soyabeen,FAQ,1840,2010,1930,8-Dec-11
1254,Belgaum,Sankeshwar,Soyabean,Soyabeen,FAQ,2000,2115,2100,8-Dec-11
1326,Haveri,Savanur,Soyabean,Soyabeen,FAQ,1927,2062,1995,8-Dec-11
55,Belgaum,Bailahongal,Soyabean,Soyabeen,FAQ,2000,2140,2110,9-Dec-11
349,Bidar,Basava Kalayana,Soyabean,Soyabeen,FAQ,1950,2125,2100,9-Dec-11
504,Bidar,Bhalki,Soyabean,Soyabeen,Medium,2101,2154,2120,9-Dec-11
539,Bidar,Bidar,Soyabean,Soyabeen,FAQ,2132,2153,2145,9-Dec-11
591,Dharwad,Dharwar,Soyabean,Soyabeen,FAQ,2070,2070,2070,9-Dec-11
745,Haveri,Haveri,Soyabean,Soyabeen,Medium,2100,2125,2125,9-Dec-11
796,Dharwad,Hubli (Amaragol),Soyabean,Soyabeen,FAQ,1959,2149,2080,9-Dec-11
1225,Belgaum,Nippani,Soyabean,Soyabeen,FAQ,2000,2000,2000,9-Dec-11
54,Belgaum,Bailahongal,Soyabean,Soyabeen,FAQ,2000,2140,2010,10-Dec-11
348,Bidar,Basava Kalayana,Soyabean,Soyabeen,FAQ,1950,2125,2100,10-Dec-11
590,Dharwad,Dharwar,Soyabean,Soyabeen,FAQ,2010,2105,2060,10-Dec-11
795,Dharwad,Hubli (Amaragol),Soyabean,Soyabeen,FAQ,1961,2156,2075,10-Dec-11
1325,Haveri,Savanur,Soyabean,Soyabeen,FAQ,1880,2095,1988,10-Dec-11
999,Bidar,Humanabad,Soyabean,Soyabeen,FAQ,2011,2151,2115,11-Dec-11
267,Bangalore,Bangalore,Soyabean,Soyabeen,FAQ,2050,2140,2090,12-Dec-11
347,Bidar,Basava Kalayana,Soyabean,Soyabeen,FAQ,1950,2125,2100,12-Dec-11
503,Bidar,Bhalki,Soyabean,Soyabeen,Medium,2105,2150,2125,12-Dec-11
538,Bidar,Bidar,Soyabean,Soyabeen,FAQ,2147,2155,2147,12-Dec-11
589,Dharwad,Dharwar,Soyabean,Soyabeen,FAQ,1810,2170,1990,12-Dec-11
794,Dharwad,Hubli (Amaragol),Soyabean,Soyabeen,FAQ,2130,2168,2150,12-Dec-11
1090,Dharwad,Kalagategi,Soyabean,Soyabeen,Medium,1840,2010,1920,12-Dec-11
1091,Dharwad,Kalagategi,Soyabean,Soyabeen,FAQ,1840,2010,1920,12-Dec-11
1224,Belgaum,Nippani,Soyabean,Soyabeen,FAQ,2000,2000,2000,12-Dec-11
1253,Belgaum,Sankeshwar,Soyabean,Soyabeen,FAQ,2000,2120,2050,12-Dec-11
1324,Haveri,Savanur,Soyabean,Soyabeen,FAQ,1987,2127,2057,12-Dec-11
53,Belgaum,Bailahongal,Soyabean,Soyabeen,FAQ,2000,2155,2130,13-Dec-11
346,Bidar,Basava Kalayana,Soyabean,Soyabeen,FAQ,2050,2125,2100,13-Dec-11
502,Bidar,Bhalki,Soyabean,Soyabeen,Medium,2130,2170,2160,13-Dec-11
588,Dharwad,Dharwar,Soyabean,Soyabeen,FAQ,1950,2080,2020,13-Dec-11
793,Dharwad,Hubli (Amaragol),Soyabean,Soyabeen,FAQ,2100,2182,2167,13-Dec-11
1088,Dharwad,Kalagategi,Soyabean,Soyabeen,Medium,1820,2020,1910,13-Dec-11
1089,Dharwad,Kalagategi,Soyabean,Soyabeen,FAQ,1820,2020,1910,13-Dec-11
1323,Haveri,Savanur,Soyabean,Soyabeen,FAQ,2097,2123,2110,13-Dec-11
52,Belgaum,Bailahongal,Soyabean,Soyabeen,FAQ,2050,2165,2140,14-Dec-11
345,Bidar,Basava Kalayana,Soyabean,Soyabeen,FAQ,2800,3050,2900,14-Dec-11
501,Bidar,Bhalki,Soyabean,Soyabeen,Medium,2105,2180,2150,14-Dec-11
587,Dharwad,Dharwar,Soyabean,Soyabeen,FAQ,2020,2115,2070,14-Dec-11
792,Dharwad,Hubli (Amaragol),Soyabean,Soyabeen,FAQ,1449,2300,2159,14-Dec-11
998,Bidar,Humanabad,Soyabean,Soyabeen,FAQ,2100,2100,2100,14-Dec-11
1086,Dharwad,Kalagategi,Soyabean,Soyabeen,Medium,1820,2020,1910,14-Dec-11
1087,Dharwad,Kalagategi,Soyabean,Soyabeen,FAQ,1820,2020,1910,14-Dec-11
1252,Belgaum,Sankeshwar,Soyabean,Soyabeen,FAQ,2050,2120,2075,14-Dec-11
51,Belgaum,Bailahongal,Soyabean,Soyabeen,FAQ,2000,2165,2100,15-Dec-11
344,Bidar,Basava Kalayana,Soyabean,Soyabeen,FAQ,2100,2200,2150,15-Dec-11
500,Bidar,Bhalki,Soyabean,Soyabeen,Medium,2120,2175,2150,15-Dec-11
537,Bidar,Bidar,Soyabean,Soyabeen,FAQ,2180,2191,2180,15-Dec-11
586,Dharwad,Dharwar,Soyabean,Soyabeen,FAQ,1915,2115,2015,15-Dec-11
791,Dharwad,Hubli (Amaragol),Soyabean,Soyabeen,FAQ,2050,2209,2161,15-Dec-11
1084,Dharwad,Kalagategi,Soyabean,Soyabeen,Medium,1830,2010,1910,15-Dec-11
1085,Dharwad,Kalagategi,Soyabean,Soyabeen,FAQ,1830,2010,1910,15-Dec-11
1251,Belgaum,Sankeshwar,Soyabean,Soyabeen,FAQ,1950,2000,1975,15-Dec-11
1322,Haveri,Savanur,Soyabean,Soyabeen,FAQ,2030,2190,2110,15-Dec-11
343,Bidar,Basava Kalayana,Soyabean,Soyabeen,FAQ,2100,2200,2125,16-Dec-11
585,Dharwad,Dharwar,Soyabean,Soyabeen,FAQ,2060,2210,2135,16-Dec-11
790,Dharwad,Hubli (Amaragol),Soyabean,Soyabeen,FAQ,1209,2221,1886,16-Dec-11
1082,Dharwad,Kalagategi,Soyabean,Soyabeen,Medium,1910,2090,2000,16-Dec-11
1083,Dharwad,Kalagategi,Soyabean,Soyabeen,FAQ,1910,2090,2000,16-Dec-11
1223,Belgaum,Nippani,Soyabean,Soyabeen,FAQ,2000,2000,2000,16-Dec-11
1250,Belgaum,Sankeshwar,Soyabean,Soyabeen,FAQ,2050,2120,2075,16-Dec-11
50,Belgaum,Bailahongal,Soyabean,Soyabeen,FAQ,2150,2210,2190,17-Dec-11
342,Bidar,Basava Kalayana,Soyabean,Soyabeen,FAQ,2000,2200,2150,17-Dec-11
584,Dharwad,Dharwar,Soyabean,Soyabeen,FAQ,2050,2130,2090,17-Dec-11
789,Dharwad,Hubli (Amaragol),Soyabean,Soyabeen,FAQ,1209,2211,2050,17-Dec-11
1081,Dharwad,Kalagategi,Soyabean,Soyabeen,FAQ,1930,2090,2010,17-Dec-11
1249,Belgaum,Sankeshwar,Soyabean,Soyabeen,FAQ,2050,2120,2075,17-Dec-11
1321,Haveri,Savanur,Soyabean,Soyabeen,FAQ,2135,2233,2184,17-Dec-11
997,Bidar,Humanabad,Soyabean,Soyabeen,FAQ,2100,2100,2100,18-Dec-11
49,Belgaum,Bailahongal,Soyabean,Soyabeen,FAQ,2200,2240,2210,19-Dec-11
266,Bangalore,Bangalore,Soyabean,Soyabeen,FAQ,2060,2185,2100,19-Dec-11
341,Bidar,Basava Kalayana,Soyabean,Soyabeen,FAQ,2101,2212,2150,19-Dec-11
499,Bidar,Bhalki,Soyabean,Soyabeen,Medium,2150,2211,2175,19-Dec-11
536,Bidar,Bidar,Soyabean,Soyabeen,FAQ,2210,2210,2210,19-Dec-11
583,Dharwad,Dharwar,Soyabean,Soyabeen,FAQ,1020,2200,1610,19-Dec-11
788,Dharwad,Hubli (Amaragol),Soyabean,Soyabeen,FAQ,2039,2259,2190,19-Dec-11
1080,Dharwad,Kalagategi,Soyabean,Soyabeen,FAQ,1940,2090,2010,19-Dec-11
1320,Haveri,Savanur,Soyabean,Soyabeen,FAQ,2089,2290,2190,19-Dec-11
48,Belgaum,Bailahongal,Soyabean,Soyabeen,FAQ,2200,2265,2240,20-Dec-11
340,Bidar,Basava Kalayana,Soyabean,Soyabeen,FAQ,2000,2250,2200,20-Dec-11
498,Bidar,Bhalki,Soyabean,Soyabeen,Medium,2190,2251,2201,20-Dec-11
582,Dharwad,Dharwar,Soyabean,Soyabeen,FAQ,1820,2280,2050,20-Dec-11
787,Dharwad,Hubli (Amaragol),Soyabean,Soyabeen,FAQ,2200,2289,2260,20-Dec-11
1079,Dharwad,Kalagategi,Soyabean,Soyabeen,FAQ,1930,2090,2020,20-Dec-11
1248,Belgaum,Sankeshwar,Soyabean,Soyabeen,FAQ,2050,2150,2100,20-Dec-11
47,Belgaum,Bailahongal,Soyabean,Soyabeen,FAQ,2260,2280,2270,21-Dec-11
339,Bidar,Basava Kalayana,Soyabean,Soyabeen,FAQ,2000,2250,2200,21-Dec-11
497,Bidar,Bhalki,Soyabean,Soyabeen,Medium,2225,2298,2250,21-Dec-11
581,Dharwad,Dharwar,Soyabean,Soyabeen,FAQ,2220,2290,2255,21-Dec-11
786,Dharwad,Hubli (Amaragol),Soyabean,Soyabeen,FAQ,2225,2225,2225,21-Dec-11
996,Bidar,Humanabad,Soyabean,Soyabeen,FAQ,2246,2246,2246,21-Dec-11
1078,Dharwad,Kalagategi,Soyabean,Soyabeen,FAQ,1940,2120,2040,21-Dec-11
1247,Belgaum,Sankeshwar,Soyabean,Soyabeen,FAQ,2100,2200,2150,21-Dec-11
1319,Haveri,Savanur,Soyabean,Soyabeen,FAQ,2189,2335,2262,21-Dec-11
46,Belgaum,Bailahongal,Soyabean,Soyabeen,FAQ,2260,2280,2270,22-Dec-11
338,Bidar,Basava Kalayana,Soyabean,Soyabeen,FAQ,2000,2250,2200,22-Dec-11
580,Dharwad,Dharwar,Soyabean,Soyabeen,FAQ,2085,2290,2188,22-Dec-11
785,Dharwad,Hubli (Amaragol),Soyabean,Soyabeen,FAQ,2255,2279,2269,22-Dec-11
1077,Dharwad,Kalagategi,Soyabean,Soyabeen,FAQ,1910,2120,2030,22-Dec-11
1246,Belgaum,Sankeshwar,Soyabean,Soyabeen,FAQ,2050,2160,2100,22-Dec-11
1318,Haveri,Savanur,Soyabean,Soyabeen,FAQ,2175,2320,2248,22-Dec-11
45,Belgaum,Bailahongal,Soyabean,Soyabeen,FAQ,2200,2280,2250,23-Dec-11
337,Bidar,Basava Kalayana,Soyabean,Soyabeen,FAQ,2000,2250,2150,23-Dec-11
579,Dharwad,Dharwar,Soyabean,Soyabeen,FAQ,2000,2400,2200,23-Dec-11
784,Dharwad,Hubli (Amaragol),Soyabean,Soyabeen,FAQ,2189,2200,2200,23-Dec-11
995,Bidar,Humanabad,Soyabean,Soyabeen,FAQ,2255,2255,2255,23-Dec-11
1076,Dharwad,Kalagategi,Soyabean,Soyabeen,FAQ,1920,2110,2010,23-Dec-11
1222,Belgaum,Nippani,Soyabean,Soyabeen,FAQ,2000,2000,2000,23-Dec-11
1245,Belgaum,Sankeshwar,Soyabean,Soyabeen,FAQ,2200,2250,2225,23-Dec-11
1221,Belgaum,Nippani,Soyabean,Soyabeen,FAQ,2000,2000,2000,24-Dec-11
44,Belgaum,Bailahongal,Soyabean,Soyabeen,FAQ,2200,2290,2260,26-Dec-11
336,Bidar,Basava Kalayana,Soyabean,Soyabeen,FAQ,2150,2325,2250,26-Dec-11
496,Bidar,Bhalki,Soyabean,Soyabeen,Medium,2280,2323,2301,26-Dec-11
578,Dharwad,Dharwar,Soyabean,Soyabeen,FAQ,2300,2300,2300,26-Dec-11
783,Dharwad,Hubli (Amaragol),Soyabean,Soyabeen,FAQ,1529,2360,2243,26-Dec-11
1074,Dharwad,Kalagategi,Soyabean,Soyabeen,Medium,1920,2080,1970,26-Dec-11
1075,Dharwad,Kalagategi,Soyabean,Soyabeen,FAQ,1920,2080,1970,26-Dec-11
1317,Haveri,Savanur,Soyabean,Soyabeen,FAQ,2261,2360,2310,26-Dec-11
43,Belgaum,Bailahongal,Soyabean,Soyabeen,FAQ,2250,2300,2280,27-Dec-11
265,Bangalore,Bangalore,Soyabean,Soyabeen,FAQ,2060,2230,2100,27-Dec-11
335,Bidar,Basava Kalayana,Soyabean,Soyabeen,FAQ,2100,2325,2300,27-Dec-11
495,Bidar,Bhalki,Soyabean,Soyabeen,Medium,2290,2336,2305,27-Dec-11
577,Dharwad,Dharwar,Soyabean,Soyabeen,FAQ,2275,2340,2300,27-Dec-11
782,Dharwad,Hubli (Amaragol),Soyabean,Soyabeen,FAQ,2100,2329,2290,27-Dec-11
994,Bidar,Humanabad,Soyabean,Soyabeen,FAQ,2300,2300,2300,27-Dec-11
7,Bidar,Aurad,Soyabean,Soyabeen,FAQ,1250,1250,1250,28-Dec-11
42,Belgaum,Bailahongal,Soyabean,Soyabeen,FAQ,2300,2325,2310,28-Dec-11
334,Bidar,Basava Kalayana,Soyabean,Soyabeen,FAQ,2250,2375,2300,28-Dec-11
494,Bidar,Bhalki,Soyabean,Soyabeen,Medium,2301,2372,2350,28-Dec-11
781,Dharwad,Hubli (Amaragol),Soyabean,Soyabeen,FAQ,2273,2480,2355,28-Dec-11
993,Bidar,Humanabad,Soyabean,Soyabeen,FAQ,2300,2300,2300,28-Dec-11
1073,Dharwad,Kalagategi,Soyabean,Soyabeen,Medium,2020,2200,2130,28-Dec-11
41,Belgaum,Bailahongal,Soyabean,Soyabeen,FAQ,2300,2340,2320,29-Dec-11
333,Bidar,Basava Kalayana,Soyabean,Soyabeen,FAQ,2200,2400,2350,29-Dec-11
576,Dharwad,Dharwar,Soyabean,Soyabeen,FAQ,2310,2365,2338,29-Dec-11
780,Dharwad,Hubli (Amaragol),Soyabean,Soyabeen,FAQ,2129,2411,2302,29-Dec-11
992,Bidar,Humanabad,Soyabean,Soyabeen,FAQ,2356,2356,2356,29-Dec-11
1071,Dharwad,Kalagategi,Soyabean,Soyabeen,Medium,2010,2200,2130,29-Dec-11
1072,Dharwad,Kalagategi,Soyabean,Soyabeen,FAQ,2010,2200,2130,29-Dec-11
1316,Haveri,Savanur,Soyabean,Soyabeen,FAQ,2239,2407,2323,29-Dec-11
40,Belgaum,Bailahongal,Soyabean,Soyabeen,FAQ,2300,2350,2320,30-Dec-11
332,Bidar,Basava Kalayana,Soyabean,Soyabeen,FAQ,2250,2350,2340,30-Dec-11
493,Bidar,Bhalki,Soyabean,Soyabeen,Medium,2305,2350,2325,30-Dec-11
575,Dharwad,Dharwar,Soyabean,Soyabeen,FAQ,2250,2390,2320,30-Dec-11
779,Dharwad,Hubli (Amaragol),Soyabean,Soyabeen,FAQ,2156,2450,2350,30-Dec-11
991,Bidar,Humanabad,Soyabean,Soyabeen,FAQ,2321,2321,2321,30-Dec-11
1069,Dharwad,Kalagategi,Soyabean,Soyabeen,Medium,1980,2180,2060,30-Dec-11
1070,Dharwad,Kalagategi,Soyabean,Soyabeen,FAQ,1980,2180,2060,30-Dec-11
1220,Belgaum,Nippani,Soyabean,Soyabeen,FAQ,2000,2000,2000,30-Dec-11
39,Belgaum,Bailahongal,Soyabean,Soyabeen,FAQ,2300,2355,2320,31-Dec-11
331,Bidar,Basava Kalayana,Soyabean,Soyabeen,FAQ,2280,2451,2350,31-Dec-11
492,Bidar,Bhalki,Soyabean,Soyabeen,Medium,2290,2370,2301,31-Dec-11
574,Dharwad,Dharwar,Soyabean,Soyabeen,FAQ,2290,2380,2335,31-Dec-11
778,Dharwad,Hubli (Amaragol),Soyabean,Soyabeen,FAQ,1509,2393,2259,31-Dec-11
1067,Dharwad,Kalagategi,Soyabean,Soyabeen,Medium,1960,2190,2040,31-Dec-11
1068,Dharwad,Kalagategi,Soyabean,Soyabeen,FAQ,1960,2190,2040,31-Dec-11
1244,Belgaum,Sankeshwar,Soyabean,Soyabeen,FAQ,2250,2330,2275,31-Dec-11
1315,Haveri,Savanur,Soyabean,Soyabeen,FAQ,2191,2391,2293,31-Dec-11
