"Min,Max,Modal Price from Karnataka[Soyabean] from 01-Jan-2010To31-Dec-2010 (Total-1336) (Total-1336)",,,,,,,,,
Sl no.,District Name,Market Name,Commodity,Variety,Grade,Min Price (Rs./Quintal),Max Price (Rs./Quintal),Modal Price (Rs./Quintal),Price Date
1,Belgaum,Athani,Soyabean,Soyabeen,FAQ,1700,1900,1800,27-Sep-10
2,Belgaum,Athani,Soyabean,Soyabeen,FAQ,1800,1800,1800,16-Sep-10
3,Bidar,Aurad,Soyabean,Soyabeen,FAQ,1680,2090,1900,31-Dec-10
4,Bidar,Aurad,Soyabean,Soyabeen,FAQ,1270,2154,2055,27-Dec-10
5,Bidar,Aurad,Soyabean,Soyabeen,FAQ,1970,2125,2090,24-Dec-10
6,Bidar,Aurad,Soyabean,Soyabeen,FAQ,1400,2082,2001,23-Dec-10
7,Bidar,Aurad,Soyabean,Soyabeen,FAQ,1300,2022,1960,22-Dec-10
8,Bidar,Aurad,Soyabean,Soyabeen,FAQ,1250,1971,1751,16-Dec-10
9,Bidar,Aurad,Soyabean,Soyabeen,FAQ,1675,1981,1940,15-Dec-10
10,Bidar,Aurad,Soyabean,Soyabeen,FAQ,1025,2215,1941,10-Dec-10
11,Bidar,Aurad,Soyabean,Soyabeen,FAQ,1406,1976,1900,9-Dec-10
12,Bidar,Aurad,Soyabean,Soyabeen,FAQ,1352,2026,1925,8-Dec-10
13,Bidar,Aurad,Soyabean,Soyabeen,FAQ,1450,2003,1952,7-Dec-10
14,Bidar,Aurad,Soyabean,Soyabeen,FAQ,1301,2025,1950,6-Dec-10
15,Bidar,Aurad,Soyabean,Soyabeen,FAQ,1401,2014,1945,3-Dec-10
16,Bidar,Aurad,Soyabean,Soyabeen,FAQ,1400,2000,1900,1-Dec-10
17,Bidar,Aurad,Soyabean,Soyabeen,FAQ,1501,1979,1801,9-Nov-10
18,Bidar,Aurad,Soyabean,Soyabeen,FAQ,1700,1990,1800,8-Nov-10
19,Bidar,Aurad,Soyabean,Soyabeen,FAQ,1750,1987,1900,28-Oct-10
20,Bidar,Aurad,Soyabean,Soyabeen,FAQ,1600,2009,1880,26-Oct-10
21,Bidar,Aurad,Soyabean,Soyabeen,FAQ,1850,2027,1961,25-Oct-10
22,Bidar,Aurad,Soyabean,Soyabeen,FAQ,1891,1995,1950,23-Oct-10
23,Bidar,Aurad,Soyabean,Soyabeen,FAQ,1801,2015,1956,21-Oct-10
24,Bidar,Aurad,Soyabean,Soyabeen,FAQ,1690,1950,1875,20-Oct-10
25,Bidar,Aurad,Soyabean,Soyabeen,FAQ,1700,2010,1950,14-Oct-10
26,Bidar,Aurad,Soyabean,Soyabeen,FAQ,1700,1970,1866,13-Oct-10
27,Bidar,Aurad,Soyabean,Soyabeen,FAQ,1870,1945,1874,12-Oct-10
28,Bidar,Aurad,Soyabean,Soyabeen,FAQ,1626,2030,1853,11-Oct-10
29,Bidar,Aurad,Soyabean,Soyabeen,FAQ,1891,1891,1891,20-Sep-10
30,Bidar,Aurad,Soyabean,Soyabeen,FAQ,1800,1800,1800,1-Jun-10
31,Bidar,Aurad,Soyabean,Soyabeen,FAQ,1860,1860,1860,6-May-10
32,Bidar,Aurad,Soyabean,Soyabeen,FAQ,1800,1800,1800,5-May-10
33,Bidar,Aurad,Soyabean,Soyabeen,Medium,1750,1875,1875,3-May-10
34,Bidar,Aurad,Soyabean,Soyabeen,FAQ,1750,1880,1752,27-Apr-10
35,Bidar,Aurad,Soyabean,Soyabeen,Medium,1710,1710,1710,26-Apr-10
36,Bidar,Aurad,Soyabean,Soyabeen,FAQ,1830,1830,1830,23-Apr-10
37,Bidar,Aurad,Soyabean,Soyabeen,FAQ,1900,1900,1900,3-Apr-10
38,Bidar,Aurad,Soyabean,Soyabeen,FAQ,1950,1950,1950,29-Mar-10
39,Bidar,Aurad,Soyabean,Soyabeen,FAQ,1951,1951,1951,25-Mar-10
40,Bidar,Aurad,Soyabean,Soyabeen,FAQ,1901,1945,1945,20-Mar-10
41,Bidar,Aurad,Soyabean,Soyabeen,FAQ,1950,1950,1950,19-Mar-10
42,Bidar,Aurad,Soyabean,Soyabeen,FAQ,2025,2025,2025,4-Mar-10
43,Bidar,Aurad,Soyabean,Soyabeen,FAQ,2021,2050,2049,3-Mar-10
44,Bidar,Aurad,Soyabean,Soyabeen,FAQ,1850,2089,2071,23-Feb-10
45,Bidar,Aurad,Soyabean,Soyabeen,FAQ,1751,2100,2050,18-Feb-10
46,Bidar,Aurad,Soyabean,Soyabeen,FAQ,2030,2111,2030,16-Feb-10
47,Bidar,Aurad,Soyabean,Soyabeen,FAQ,2000,2000,2000,9-Feb-10
48,Bidar,Aurad,Soyabean,Soyabeen,FAQ,1900,1900,1900,4-Feb-10
49,Bidar,Aurad,Soyabean,Soyabeen,FAQ,2000,2000,2000,1-Feb-10
50,Bidar,Aurad,Soyabean,Soyabeen,FAQ,1971,1981,1971,30-Jan-10
51,Bidar,Aurad,Soyabean,Soyabeen,FAQ,2021,2021,2021,29-Jan-10
52,Bidar,Aurad,Soyabean,Soyabeen,FAQ,2025,2026,2025,28-Jan-10
53,Bidar,Aurad,Soyabean,Soyabeen,FAQ,2001,2061,2049,27-Jan-10
54,Bidar,Aurad,Soyabean,Soyabeen,FAQ,1900,2112,2100,25-Jan-10
55,Bidar,Aurad,Soyabean,Soyabeen,FAQ,2090,2160,2126,23-Jan-10
56,Bidar,Aurad,Soyabean,Soyabeen,FAQ,2155,2160,2160,22-Jan-10
57,Bidar,Aurad,Soyabean,Soyabeen,FAQ,1905,2209,2150,19-Jan-10
58,Bidar,Aurad,Soyabean,Soyabeen,FAQ,1901,2171,2050,18-Jan-10
59,Bidar,Aurad,Soyabean,Soyabeen,FAQ,2103,2140,2125,16-Jan-10
60,Bidar,Aurad,Soyabean,Soyabeen,FAQ,2201,2201,2201,12-Jan-10
61,Bidar,Aurad,Soyabean,Soyabeen,FAQ,2085,2230,2222,8-Jan-10
62,Bidar,Aurad,Soyabean,Soyabeen,FAQ,2221,2288,2288,7-Jan-10
63,Bidar,Aurad,Soyabean,Soyabeen,FAQ,2156,2290,2288,6-Jan-10
64,Bidar,Aurad,Soyabean,Soyabeen,FAQ,1801,2335,2230,5-Jan-10
65,Bidar,Aurad,Soyabean,Soyabeen,FAQ,2201,2357,2240,4-Jan-10
66,Bidar,Aurad,Soyabean,Soyabeen,FAQ,2295,2319,2319,2-Jan-10
67,Bidar,Aurad,Soyabean,Soyabeen,FAQ,2252,2319,2290,1-Jan-10
68,Belgaum,Bailahongal,Soyabean,Soyabeen,FAQ,2100,2154,2134,31-Dec-10
69,Belgaum,Bailahongal,Soyabean,Soyabeen,FAQ,2080,2124,2100,27-Dec-10
70,Belgaum,Bailahongal,Soyabean,Soyabeen,FAQ,2050,2104,2090,24-Dec-10
71,Belgaum,Bailahongal,Soyabean,Soyabeen,FAQ,2020,2094,2080,23-Dec-10
72,Belgaum,Bailahongal,Soyabean,Soyabeen,FAQ,2000,2074,2045,22-Dec-10
73,Belgaum,Bailahongal,Soyabean,Soyabeen,FAQ,2000,2094,2080,13-Dec-10
74,Belgaum,Bailahongal,Soyabean,Soyabeen,FAQ,2000,2094,2080,10-Dec-10
75,Belgaum,Bailahongal,Soyabean,Soyabeen,FAQ,2060,2104,2090,9-Dec-10
76,Belgaum,Bailahongal,Soyabean,Soyabeen,FAQ,2000,2094,2060,8-Dec-10
77,Belgaum,Bailahongal,Soyabean,Soyabeen,FAQ,2080,2125,2100,6-Dec-10
78,Belgaum,Bailahongal,Soyabean,Soyabeen,FAQ,2000,2124,2100,4-Dec-10
79,Belgaum,Bailahongal,Soyabean,Soyabeen,FAQ,2050,2110,2090,3-Dec-10
80,Belgaum,Bailahongal,Soyabean,Soyabeen,FAQ,2050,2100,2090,2-Dec-10
81,Belgaum,Bailahongal,Soyabean,Soyabeen,FAQ,2050,2080,2070,1-Dec-10
82,Belgaum,Bailahongal,Soyabean,Soyabeen,FAQ,2000,2054,2050,30-Nov-10
83,Belgaum,Bailahongal,Soyabean,Soyabeen,FAQ,2000,2050,2040,29-Nov-10
84,Belgaum,Bailahongal,Soyabean,Soyabeen,FAQ,2020,2054,2040,27-Nov-10
85,Belgaum,Bailahongal,Soyabean,Soyabeen,FAQ,2030,2074,2060,26-Nov-10
86,Belgaum,Bailahongal,Soyabean,Soyabeen,FAQ,2050,2094,2080,25-Nov-10
87,Belgaum,Bailahongal,Soyabean,Soyabeen,FAQ,2020,2064,2050,23-Nov-10
88,Belgaum,Bailahongal,Soyabean,Soyabeen,FAQ,2000,2020,2014,20-Nov-10
89,Belgaum,Bailahongal,Soyabean,Soyabeen,FAQ,2000,2014,2010,18-Nov-10
90,Belgaum,Bailahongal,Soyabean,Soyabeen,FAQ,2030,2064,2040,16-Nov-10
91,Belgaum,Bailahongal,Soyabean,Soyabeen,FAQ,2000,2044,2020,15-Nov-10
92,Belgaum,Bailahongal,Soyabean,Soyabeen,FAQ,2000,2044,2020,13-Nov-10
93,Belgaum,Bailahongal,Soyabean,Soyabeen,FAQ,2020,2054,2040,12-Nov-10
94,Belgaum,Bailahongal,Soyabean,Soyabeen,FAQ,2040,2080,2064,11-Nov-10
95,Belgaum,Bailahongal,Soyabean,Soyabeen,FAQ,2020,2050,2044,10-Nov-10
96,Belgaum,Bailahongal,Soyabean,Soyabeen,FAQ,2000,2024,2020,9-Nov-10
97,Belgaum,Bailahongal,Soyabean,Soyabeen,FAQ,1990,2004,2000,8-Nov-10
98,Belgaum,Bailahongal,Soyabean,Soyabeen,FAQ,1900,1939,1920,4-Nov-10
99,Belgaum,Bailahongal,Soyabean,Soyabeen,FAQ,1880,1914,1910,3-Nov-10
100,Belgaum,Bailahongal,Soyabean,Soyabeen,FAQ,1900,1914,1910,2-Nov-10
101,Belgaum,Bailahongal,Soyabean,Soyabeen,FAQ,1900,1939,1925,30-Oct-10
102,Belgaum,Bailahongal,Soyabean,Soyabeen,FAQ,1900,1964,1940,29-Oct-10
103,Belgaum,Bailahongal,Soyabean,Soyabeen,FAQ,1950,1979,1955,28-Oct-10
104,Belgaum,Bailahongal,Soyabean,Soyabeen,FAQ,1950,1979,1955,27-Oct-10
105,Belgaum,Bailahongal,Soyabean,Soyabeen,FAQ,1950,1989,1975,26-Oct-10
106,Belgaum,Bailahongal,Soyabean,Soyabeen,FAQ,1950,1989,1975,25-Oct-10
107,Belgaum,Bailahongal,Soyabean,Soyabeen,FAQ,1950,1989,1975,23-Oct-10
108,Belgaum,Bailahongal,Soyabean,Soyabeen,FAQ,1900,1934,1910,21-Oct-10
109,Belgaum,Bailahongal,Soyabean,Soyabeen,FAQ,1900,1924,1910,20-Oct-10
110,Belgaum,Bailahongal,Soyabean,Soyabeen,FAQ,1850,1939,1900,19-Oct-10
111,Belgaum,Bailahongal,Soyabean,Soyabeen,FAQ,1900,1939,1920,18-Oct-10
112,Belgaum,Bailahongal,Soyabean,Soyabeen,FAQ,1900,1989,1950,16-Oct-10
113,Belgaum,Bailahongal,Soyabean,Soyabeen,FAQ,1950,1989,1970,15-Oct-10
114,Belgaum,Bailahongal,Soyabean,Soyabeen,FAQ,1900,1964,1940,14-Oct-10
115,Belgaum,Bailahongal,Soyabean,Soyabeen,FAQ,1900,1914,1910,13-Oct-10
116,Belgaum,Bailahongal,Soyabean,Soyabeen,FAQ,1850,1914,1900,12-Oct-10
117,Belgaum,Bailahongal,Soyabean,Soyabeen,FAQ,1900,1914,1910,11-Oct-10
118,Belgaum,Bailahongal,Soyabean,Soyabeen,FAQ,1864,1900,1890,9-Oct-10
119,Belgaum,Bailahongal,Soyabean,Soyabeen,FAQ,1790,1815,1810,8-Oct-10
120,Belgaum,Bailahongal,Soyabean,Soyabeen,FAQ,1700,1735,1720,6-Oct-10
121,Belgaum,Bailahongal,Soyabean,Soyabeen,FAQ,1700,1725,1710,5-Oct-10
122,Belgaum,Bailahongal,Soyabean,Soyabeen,FAQ,1700,1774,1750,4-Oct-10
123,Belgaum,Bailahongal,Soyabean,Soyabeen,FAQ,1800,1844,1810,1-Oct-10
124,Belgaum,Bailahongal,Soyabean,Soyabeen,FAQ,1800,1864,1850,30-Sep-10
125,Belgaum,Bailahongal,Soyabean,Soyabeen,FAQ,1850,1874,1860,29-Sep-10
126,Belgaum,Bailahongal,Soyabean,Soyabeen,FAQ,1900,1914,1910,28-Sep-10
127,Belgaum,Bailahongal,Soyabean,Soyabeen,FAQ,1900,1934,1920,27-Sep-10
128,Belgaum,Bailahongal,Soyabean,Soyabeen,FAQ,1900,1944,1920,25-Sep-10
129,Belgaum,Bailahongal,Soyabean,Soyabeen,FAQ,1900,1924,1920,24-Sep-10
130,Belgaum,Bailahongal,Soyabean,Soyabeen,FAQ,1900,1924,1920,23-Sep-10
131,Belgaum,Bailahongal,Soyabean,Soyabeen,FAQ,1900,1914,1910,22-Sep-10
132,Belgaum,Bailahongal,Soyabean,Soyabeen,FAQ,1900,1934,1920,21-Sep-10
133,Belgaum,Bailahongal,Soyabean,Soyabeen,FAQ,1900,1945,1930,20-Sep-10
134,Belgaum,Bailahongal,Soyabean,Soyabeen,FAQ,1900,1914,1910,17-Sep-10
135,Belgaum,Bailahongal,Soyabean,Soyabeen,FAQ,1900,1919,1910,16-Sep-10
136,Belgaum,Bailahongal,Soyabean,Soyabeen,FAQ,1900,1939,1920,13-Sep-10
137,Belgaum,Bailahongal,Soyabean,Soyabeen,FAQ,1900,1949,1920,9-Sep-10
138,Belgaum,Bailahongal,Soyabean,Soyabeen,FAQ,1900,1949,1920,8-Sep-10
139,Belgaum,Bailahongal,Soyabean,Soyabeen,FAQ,1900,1949,1920,7-Sep-10
140,Belgaum,Bailahongal,Soyabean,Soyabeen,FAQ,1900,1949,1920,4-Sep-10
141,Belgaum,Bailahongal,Soyabean,Soyabeen,FAQ,1900,1929,1910,3-Sep-10
142,Belgaum,Bailahongal,Soyabean,Soyabeen,FAQ,1890,1919,1900,2-Sep-10
143,Belgaum,Bailahongal,Soyabean,Soyabeen,FAQ,1900,1929,1910,1-Sep-10
144,Belgaum,Bailahongal,Soyabean,Soyabeen,FAQ,1900,1934,1910,31-Aug-10
145,Belgaum,Bailahongal,Soyabean,Soyabeen,FAQ,1900,1939,1920,30-Aug-10
146,Belgaum,Bailahongal,Soyabean,Soyabeen,FAQ,1900,1945,1935,28-Aug-10
147,Belgaum,Bailahongal,Soyabean,Soyabeen,FAQ,1925,1949,1930,27-Aug-10
148,Belgaum,Bailahongal,Soyabean,Soyabeen,FAQ,1900,1939,1925,26-Aug-10
149,Belgaum,Bailahongal,Soyabean,Soyabeen,FAQ,1900,1949,1920,25-Aug-10
150,Belgaum,Bailahongal,Soyabean,Soyabeen,FAQ,1900,1960,1940,24-Aug-10
151,Belgaum,Bailahongal,Soyabean,Soyabeen,FAQ,1900,1970,1950,23-Aug-10
152,Belgaum,Bailahongal,Soyabean,Soyabeen,FAQ,1900,1954,1930,21-Aug-10
153,Belgaum,Bailahongal,Soyabean,Soyabeen,FAQ,1900,1940,1920,20-Aug-10
154,Belgaum,Bailahongal,Soyabean,Soyabeen,FAQ,1900,1954,1940,19-Aug-10
155,Belgaum,Bailahongal,Soyabean,Soyabeen,FAQ,1900,1964,1950,18-Aug-10
156,Belgaum,Bailahongal,Soyabean,Soyabeen,FAQ,1950,1990,1980,17-Aug-10
157,Belgaum,Bailahongal,Soyabean,Soyabeen,FAQ,2000,2030,2010,16-Aug-10
158,Belgaum,Bailahongal,Soyabean,Soyabeen,FAQ,2000,2024,2010,12-Aug-10
159,Belgaum,Bailahongal,Soyabean,Soyabeen,FAQ,1990,2024,2015,11-Aug-10
160,Belgaum,Bailahongal,Soyabean,Soyabeen,FAQ,1990,2019,2000,10-Aug-10
161,Belgaum,Bailahongal,Soyabean,Soyabeen,FAQ,1990,2035,2000,9-Aug-10
162,Belgaum,Bailahongal,Soyabean,Soyabeen,FAQ,1980,2025,2010,7-Aug-10
163,Belgaum,Bailahongal,Soyabean,Soyabeen,FAQ,1980,2024,2000,6-Aug-10
164,Belgaum,Bailahongal,Soyabean,Soyabeen,FAQ,1950,1990,1970,5-Aug-10
165,Belgaum,Bailahongal,Soyabean,Soyabeen,FAQ,1950,2000,1990,4-Aug-10
166,Belgaum,Bailahongal,Soyabean,Soyabeen,FAQ,1980,2010,2000,3-Aug-10
167,Belgaum,Bailahongal,Soyabean,Soyabeen,FAQ,1950,2014,2000,2-Aug-10
168,Belgaum,Bailahongal,Soyabean,Soyabeen,FAQ,1900,2000,1990,31-Jul-10
169,Belgaum,Bailahongal,Soyabean,Soyabeen,FAQ,1900,1990,1960,30-Jul-10
170,Belgaum,Bailahongal,Soyabean,Soyabeen,FAQ,1900,1964,1950,29-Jul-10
171,Belgaum,Bailahongal,Soyabean,Soyabeen,FAQ,1900,1950,1935,28-Jul-10
172,Belgaum,Bailahongal,Soyabean,Soyabeen,FAQ,1900,1924,1910,27-Jul-10
173,Belgaum,Bailahongal,Soyabean,Soyabeen,FAQ,1900,1970,1965,26-Jul-10
174,Belgaum,Bailahongal,Soyabean,Soyabeen,FAQ,1900,1990,1960,24-Jul-10
175,Belgaum,Bailahongal,Soyabean,Soyabeen,FAQ,1900,1994,1950,23-Jul-10
176,Belgaum,Bailahongal,Soyabean,Soyabeen,FAQ,1900,1969,1950,22-Jul-10
177,Belgaum,Bailahongal,Soyabean,Soyabeen,FAQ,1900,1950,1920,21-Jul-10
178,Belgaum,Bailahongal,Soyabean,Soyabeen,FAQ,1890,1940,1920,20-Jul-10
179,Belgaum,Bailahongal,Soyabean,Soyabeen,FAQ,1880,1925,1900,17-Jul-10
180,Belgaum,Bailahongal,Soyabean,Soyabeen,FAQ,1890,1925,1900,16-Jul-10
181,Belgaum,Bailahongal,Soyabean,Soyabeen,FAQ,1800,1905,1870,15-Jul-10
182,Belgaum,Bailahongal,Soyabean,Soyabeen,FAQ,1800,1890,1850,14-Jul-10
183,Belgaum,Bailahongal,Soyabean,Soyabeen,FAQ,1800,1885,1850,13-Jul-10
184,Belgaum,Bailahongal,Soyabean,Soyabeen,FAQ,1880,1895,1889,12-Jul-10
185,Belgaum,Bailahongal,Soyabean,Soyabeen,FAQ,1800,1884,1874,9-Jul-10
186,Belgaum,Bailahongal,Soyabean,Soyabeen,FAQ,1820,1864,1850,8-Jul-10
187,Belgaum,Bailahongal,Soyabean,Soyabeen,FAQ,1800,1844,1820,7-Jul-10
188,Belgaum,Bailahongal,Soyabean,Soyabeen,FAQ,1800,1850,1830,6-Jul-10
189,Belgaum,Bailahongal,Soyabean,Soyabeen,FAQ,1800,1860,1850,5-Jul-10
190,Belgaum,Bailahongal,Soyabean,Soyabeen,FAQ,1800,1855,1830,3-Jul-10
191,Belgaum,Bailahongal,Soyabean,Soyabeen,FAQ,1800,1860,1854,2-Jul-10
192,Belgaum,Bailahongal,Soyabean,Soyabeen,FAQ,1800,1869,1840,1-Jul-10
193,Belgaum,Bailahongal,Soyabean,Soyabeen,FAQ,1800,1879,1850,30-Jun-10
194,Belgaum,Bailahongal,Soyabean,Soyabeen,FAQ,1890,1895,1894,29-Jun-10
195,Belgaum,Bailahongal,Soyabean,Soyabeen,FAQ,1800,1871,1840,28-Jun-10
196,Belgaum,Bailahongal,Soyabean,Soyabeen,FAQ,1800,1854,1840,26-Jun-10
197,Belgaum,Bailahongal,Soyabean,Soyabeen,FAQ,1845,1854,1850,25-Jun-10
198,Belgaum,Bailahongal,Soyabean,Soyabeen,FAQ,1820,1844,1830,24-Jun-10
199,Belgaum,Bailahongal,Soyabean,Soyabeen,FAQ,1780,1824,1800,23-Jun-10
200,Belgaum,Bailahongal,Soyabean,Soyabeen,FAQ,1780,1814,1800,22-Jun-10
201,Belgaum,Bailahongal,Soyabean,Soyabeen,FAQ,1780,1819,1800,21-Jun-10
202,Belgaum,Bailahongal,Soyabean,Soyabeen,FAQ,1750,1809,1800,19-Jun-10
203,Belgaum,Bailahongal,Soyabean,Soyabeen,FAQ,1750,1819,1800,18-Jun-10
204,Belgaum,Bailahongal,Soyabean,Soyabeen,FAQ,1750,1819,1800,17-Jun-10
205,Belgaum,Bailahongal,Soyabean,Soyabeen,FAQ,1800,1819,1810,16-Jun-10
206,Belgaum,Bailahongal,Soyabean,Soyabeen,FAQ,1800,1834,1820,15-Jun-10
207,Belgaum,Bailahongal,Soyabean,Soyabeen,FAQ,1800,1849,1830,14-Jun-10
208,Belgaum,Bailahongal,Soyabean,Soyabeen,FAQ,1820,1854,1830,11-Jun-10
209,Belgaum,Bailahongal,Soyabean,Soyabeen,FAQ,1820,1854,1830,10-Jun-10
210,Belgaum,Bailahongal,Soyabean,Soyabeen,FAQ,1800,1844,1810,9-Jun-10
211,Belgaum,Bailahongal,Soyabean,Soyabeen,FAQ,1800,1864,1820,8-Jun-10
212,Belgaum,Bailahongal,Soyabean,Soyabeen,FAQ,1800,1874,1830,7-Jun-10
213,Belgaum,Bailahongal,Soyabean,Soyabeen,FAQ,1800,1894,1860,5-Jun-10
214,Belgaum,Bailahongal,Soyabean,Soyabeen,FAQ,1880,1904,1890,4-Jun-10
215,Belgaum,Bailahongal,Soyabean,Soyabeen,FAQ,1800,1904,1880,3-Jun-10
216,Belgaum,Bailahongal,Soyabean,Soyabeen,FAQ,1850,1920,1900,2-Jun-10
217,Belgaum,Bailahongal,Soyabean,Soyabeen,FAQ,1850,1920,1900,1-Jun-10
218,Belgaum,Bailahongal,Soyabean,Soyabeen,FAQ,1850,1915,1900,31-May-10
219,Belgaum,Bailahongal,Soyabean,Soyabeen,FAQ,1850,1915,1900,29-May-10
220,Belgaum,Bailahongal,Soyabean,Soyabeen,FAQ,1919,1919,1919,28-May-10
221,Belgaum,Bailahongal,Soyabean,Soyabeen,FAQ,1800,1894,1860,27-May-10
222,Belgaum,Bailahongal,Soyabean,Soyabeen,FAQ,1800,1894,1850,26-May-10
223,Belgaum,Bailahongal,Soyabean,Soyabeen,FAQ,1864,1864,1864,25-May-10
224,Belgaum,Bailahongal,Soyabean,Soyabeen,FAQ,1800,1854,1830,24-May-10
225,Belgaum,Bailahongal,Soyabean,Soyabeen,FAQ,1800,1854,1830,22-May-10
226,Belgaum,Bailahongal,Soyabean,Soyabeen,FAQ,1839,1839,1839,21-May-10
227,Belgaum,Bailahongal,Soyabean,Soyabeen,FAQ,1800,1829,1810,20-May-10
228,Belgaum,Bailahongal,Soyabean,Soyabeen,FAQ,1819,1819,1819,19-May-10
229,Belgaum,Bailahongal,Soyabean,Soyabeen,FAQ,1819,1819,1819,18-May-10
230,Belgaum,Bailahongal,Soyabean,Soyabeen,FAQ,1800,1829,1810,17-May-10
231,Belgaum,Bailahongal,Soyabean,Soyabeen,FAQ,1800,1834,1810,15-May-10
232,Belgaum,Bailahongal,Soyabean,Soyabeen,FAQ,1800,1844,1820,14-May-10
233,Belgaum,Bailahongal,Soyabean,Soyabeen,FAQ,1800,1844,1820,13-May-10
234,Belgaum,Bailahongal,Soyabean,Soyabeen,FAQ,1800,1844,1825,12-May-10
235,Belgaum,Bailahongal,Soyabean,Soyabeen,FAQ,1800,1854,1820,10-May-10
236,Belgaum,Bailahongal,Soyabean,Soyabeen,FAQ,1800,1864,1820,7-May-10
237,Belgaum,Bailahongal,Soyabean,Soyabeen,FAQ,1800,1874,1850,6-May-10
238,Belgaum,Bailahongal,Soyabean,Soyabeen,FAQ,1800,1884,1850,5-May-10
239,Belgaum,Bailahongal,Soyabean,Soyabeen,FAQ,1800,1904,1850,4-May-10
240,Belgaum,Bailahongal,Soyabean,Soyabeen,FAQ,1800,1919,1880,3-May-10
241,Belgaum,Bailahongal,Soyabean,Soyabeen,FAQ,1800,1924,1880,30-Apr-10
242,Belgaum,Bailahongal,Soyabean,Soyabeen,FAQ,1800,1914,1880,29-Apr-10
243,Belgaum,Bailahongal,Soyabean,Soyabeen,FAQ,1800,1914,1900,28-Apr-10
244,Belgaum,Bailahongal,Soyabean,Soyabeen,FAQ,1800,1914,1900,27-Apr-10
245,Belgaum,Bailahongal,Soyabean,Soyabeen,FAQ,1850,1914,1890,26-Apr-10
246,Belgaum,Bailahongal,Soyabean,Soyabeen,FAQ,1800,1904,1880,24-Apr-10
247,Belgaum,Bailahongal,Soyabean,Soyabeen,FAQ,1850,1879,1860,23-Apr-10
248,Belgaum,Bailahongal,Soyabean,Soyabeen,FAQ,1800,1879,1850,22-Apr-10
249,Belgaum,Bailahongal,Soyabean,Soyabeen,FAQ,1800,1879,1850,21-Apr-10
250,Belgaum,Bailahongal,Soyabean,Soyabeen,FAQ,1800,1904,1880,20-Apr-10
251,Belgaum,Bailahongal,Soyabean,Soyabeen,FAQ,1850,1914,1900,19-Apr-10
252,Belgaum,Bailahongal,Soyabean,Soyabeen,FAQ,1900,1939,1930,17-Apr-10
253,Belgaum,Bailahongal,Soyabean,Soyabeen,FAQ,1880,1944,1900,16-Apr-10
254,Belgaum,Bailahongal,Soyabean,Soyabeen,FAQ,1850,1929,1900,15-Apr-10
255,Belgaum,Bailahongal,Soyabean,Soyabeen,FAQ,1880,1929,1900,13-Apr-10
256,Belgaum,Bailahongal,Soyabean,Soyabeen,FAQ,1900,1954,1930,12-Apr-10
257,Belgaum,Bailahongal,Soyabean,Soyabeen,FAQ,1900,1984,1950,8-Apr-10
258,Belgaum,Bailahongal,Soyabean,Soyabeen,FAQ,1900,1984,1950,7-Apr-10
259,Belgaum,Bailahongal,Soyabean,Soyabeen,FAQ,1900,1984,1940,6-Apr-10
260,Belgaum,Bailahongal,Soyabean,Soyabeen,FAQ,1900,1999,1950,5-Apr-10
261,Belgaum,Bailahongal,Soyabean,Soyabeen,FAQ,1900,1999,1940,3-Apr-10
262,Belgaum,Bailahongal,Soyabean,Soyabeen,FAQ,1900,2009,1950,1-Apr-10
263,Belgaum,Bailahongal,Soyabean,Soyabeen,FAQ,1950,2024,2000,30-Mar-10
264,Belgaum,Bailahongal,Soyabean,Soyabeen,FAQ,1980,2024,2000,29-Mar-10
265,Belgaum,Bailahongal,Soyabean,Soyabeen,FAQ,1980,2024,2000,27-Mar-10
266,Belgaum,Bailahongal,Soyabean,Soyabeen,FAQ,1900,1999,1975,26-Mar-10
267,Belgaum,Bailahongal,Soyabean,Soyabeen,FAQ,1900,1999,1975,25-Mar-10
268,Belgaum,Bailahongal,Soyabean,Soyabeen,FAQ,1900,1994,1920,24-Mar-10
269,Belgaum,Bailahongal,Soyabean,Soyabeen,FAQ,1920,1989,1960,23-Mar-10
270,Belgaum,Bailahongal,Soyabean,Soyabeen,FAQ,1900,1989,1960,22-Mar-10
271,Belgaum,Bailahongal,Soyabean,Soyabeen,FAQ,1900,1964,1920,20-Mar-10
272,Belgaum,Bailahongal,Soyabean,Soyabeen,FAQ,1900,1964,1920,19-Mar-10
273,Belgaum,Bailahongal,Soyabean,Soyabeen,FAQ,1900,1964,1920,18-Mar-10
274,Belgaum,Bailahongal,Soyabean,Soyabeen,FAQ,1900,1964,1920,17-Mar-10
275,Belgaum,Bailahongal,Soyabean,Soyabeen,FAQ,1900,1959,1920,13-Mar-10
276,Belgaum,Bailahongal,Soyabean,Soyabeen,FAQ,1910,1974,1950,12-Mar-10
277,Belgaum,Bailahongal,Soyabean,Soyabeen,FAQ,1900,1999,1950,11-Mar-10
278,Belgaum,Bailahongal,Soyabean,Soyabeen,FAQ,1920,2029,1980,10-Mar-10
279,Belgaum,Bailahongal,Soyabean,Soyabeen,FAQ,1950,2054,2020,9-Mar-10
280,Belgaum,Bailahongal,Soyabean,Soyabeen,FAQ,1950,2064,2020,8-Mar-10
281,Belgaum,Bailahongal,Soyabean,Soyabeen,Large,1980,2064,2030,6-Mar-10
282,Belgaum,Bailahongal,Soyabean,Soyabeen,FAQ,2000,2059,2040,5-Mar-10
283,Belgaum,Bailahongal,Soyabean,Soyabeen,FAQ,1950,2059,2020,4-Mar-10
284,Belgaum,Bailahongal,Soyabean,Soyabeen,FAQ,1980,2059,2030,3-Mar-10
285,Belgaum,Bailahongal,Soyabean,Soyabeen,FAQ,1950,2050,2020,2-Mar-10
286,Belgaum,Bailahongal,Soyabean,Soyabeen,FAQ,2050,2109,2090,18-Feb-10
287,Belgaum,Bailahongal,Soyabean,Soyabeen,FAQ,2050,2114,2090,17-Feb-10
288,Belgaum,Bailahongal,Soyabean,Soyabeen,FAQ,1950,2124,2100,15-Feb-10
289,Belgaum,Bailahongal,Soyabean,Soyabeen,FAQ,2050,2140,2100,13-Feb-10
290,Belgaum,Bailahongal,Soyabean,Soyabeen,FAQ,2090,2140,2100,11-Feb-10
291,Belgaum,Bailahongal,Soyabean,Soyabeen,FAQ,1950,2065,2020,8-Feb-10
292,Belgaum,Bailahongal,Soyabean,Soyabeen,FAQ,1950,2029,2000,6-Feb-10
293,Belgaum,Bailahongal,Soyabean,Soyabeen,FAQ,1950,2020,2000,5-Feb-10
294,Belgaum,Bailahongal,Soyabean,Soyabeen,Large,1950,2019,1990,4-Feb-10
295,Belgaum,Bailahongal,Soyabean,Soyabeen,FAQ,1950,2014,1990,3-Feb-10
296,Belgaum,Bailahongal,Soyabean,Soyabeen,FAQ,1900,1984,1950,30-Jan-10
297,Belgaum,Bailahongal,Soyabean,Soyabeen,FAQ,1950,2024,2000,29-Jan-10
298,Belgaum,Bailahongal,Soyabean,Soyabeen,FAQ,2000,2074,2050,28-Jan-10
299,Belgaum,Bailahongal,Soyabean,Soyabeen,FAQ,2000,2094,2060,27-Jan-10
300,Belgaum,Bailahongal,Soyabean,Soyabeen,FAQ,2050,2129,2100,25-Jan-10
301,Belgaum,Bailahongal,Soyabean,Soyabeen,FAQ,2050,2129,2100,23-Jan-10
302,Belgaum,Bailahongal,Soyabean,Soyabeen,FAQ,2100,2144,2120,21-Jan-10
303,Belgaum,Bailahongal,Soyabean,Soyabeen,FAQ,2100,2144,2130,20-Jan-10
304,Belgaum,Bailahongal,Soyabean,Soyabeen,FAQ,2100,2154,2130,19-Jan-10
305,Belgaum,Bailahongal,Soyabean,Soyabeen,FAQ,2100,2154,2130,18-Jan-10
306,Belgaum,Bailahongal,Soyabean,Soyabeen,FAQ,2100,2164,2140,13-Jan-10
307,Belgaum,Bailahongal,Soyabean,Soyabeen,FAQ,2130,2174,2150,12-Jan-10
308,Belgaum,Bailahongal,Soyabean,Soyabeen,FAQ,2100,2174,2150,11-Jan-10
309,Belgaum,Bailahongal,Soyabean,Soyabeen,FAQ,2100,2174,2150,9-Jan-10
310,Belgaum,Bailahongal,Soyabean,Soyabeen,FAQ,2100,2194,2150,8-Jan-10
311,Belgaum,Bailahongal,Soyabean,Soyabeen,FAQ,2100,2204,2180,7-Jan-10
312,Belgaum,Bailahongal,Soyabean,Soyabeen,FAQ,2150,2239,2200,6-Jan-10
313,Belgaum,Bailahongal,Soyabean,Soyabeen,FAQ,2150,2239,2200,5-Jan-10
314,Belgaum,Bailahongal,Soyabean,Soyabeen,FAQ,2150,2234,2200,4-Jan-10
315,Belgaum,Bailahongal,Soyabean,Soyabeen,FAQ,2100,2234,2200,2-Jan-10
316,Belgaum,Bailahongal,Soyabean,Soyabeen,FAQ,2100,2224,2200,1-Jan-10
317,Bangalore,Bangalore,Soyabean,Soyabeen,FAQ,2100,2430,2300,31-Dec-10
318,Bangalore,Bangalore,Soyabean,Soyabeen,FAQ,2100,2430,2300,30-Dec-10
319,Bangalore,Bangalore,Soyabean,Soyabeen,FAQ,2100,2430,2300,29-Dec-10
320,Bangalore,Bangalore,Soyabean,Soyabeen,FAQ,2100,2430,2300,28-Dec-10
321,Bangalore,Bangalore,Soyabean,Soyabeen,FAQ,2000,2400,2200,27-Dec-10
322,Bangalore,Bangalore,Soyabean,Soyabeen,FAQ,2000,2400,2200,24-Dec-10
323,Bangalore,Bangalore,Soyabean,Soyabeen,Large,2000,2400,2200,23-Dec-10
324,Bangalore,Bangalore,Soyabean,Soyabeen,FAQ,2000,2400,2200,23-Dec-10
325,Bangalore,Bangalore,Soyabean,Soyabeen,FAQ,2000,2400,2200,22-Dec-10
326,Bangalore,Bangalore,Soyabean,Soyabeen,FAQ,2000,2400,2200,20-Dec-10
327,Bangalore,Bangalore,Soyabean,Soyabeen,Large,2000,2400,2200,18-Dec-10
328,Bangalore,Bangalore,Soyabean,Soyabeen,FAQ,2000,2400,2200,18-Dec-10
329,Bangalore,Bangalore,Soyabean,Soyabeen,FAQ,2000,2400,2200,16-Dec-10
330,Bangalore,Bangalore,Soyabean,Soyabeen,FAQ,2000,2400,2200,15-Dec-10
331,Bangalore,Bangalore,Soyabean,Soyabeen,FAQ,2000,2400,2200,13-Dec-10
332,Bangalore,Bangalore,Soyabean,Soyabeen,FAQ,2000,2400,2200,10-Dec-10
333,Bangalore,Bangalore,Soyabean,Soyabeen,FAQ,2000,2400,2200,9-Dec-10
334,Bangalore,Bangalore,Soyabean,Soyabeen,FAQ,2000,2400,2200,8-Dec-10
335,Bangalore,Bangalore,Soyabean,Soyabeen,FAQ,2000,2400,2200,7-Dec-10
336,Bangalore,Bangalore,Soyabean,Soyabeen,FAQ,2000,2400,2200,6-Dec-10
337,Bangalore,Bangalore,Soyabean,Soyabeen,FAQ,2000,2400,2200,4-Dec-10
338,Bangalore,Bangalore,Soyabean,Soyabeen,FAQ,2000,2400,2150,3-Dec-10
339,Bangalore,Bangalore,Soyabean,Soyabeen,FAQ,2000,2400,2200,2-Dec-10
340,Bangalore,Bangalore,Soyabean,Soyabeen,FAQ,2000,2400,2200,1-Dec-10
341,Bangalore,Bangalore,Soyabean,Soyabeen,FAQ,2100,2500,2300,11-Nov-10
342,Bangalore,Bangalore,Soyabean,Soyabeen,FAQ,2100,2500,2300,10-Nov-10
343,Bangalore,Bangalore,Soyabean,Soyabeen,FAQ,2100,2500,2300,9-Nov-10
344,Bangalore,Bangalore,Soyabean,Soyabeen,FAQ,2100,2500,2300,8-Nov-10
345,Bangalore,Bangalore,Soyabean,Soyabeen,FAQ,2100,2500,2300,4-Nov-10
346,Bangalore,Bangalore,Soyabean,Soyabeen,FAQ,2100,2500,2300,3-Nov-10
347,Bangalore,Bangalore,Soyabean,Soyabeen,FAQ,2100,2500,2300,2-Nov-10
348,Bangalore,Bangalore,Soyabean,Soyabeen,FAQ,2100,2500,2300,30-Oct-10
349,Bangalore,Bangalore,Soyabean,Soyabeen,FAQ,2100,2500,2300,29-Oct-10
350,Bangalore,Bangalore,Soyabean,Soyabeen,FAQ,2100,2500,2300,28-Oct-10
351,Bangalore,Bangalore,Soyabean,Soyabeen,FAQ,2100,2500,2300,27-Oct-10
352,Bangalore,Bangalore,Soyabean,Soyabeen,FAQ,2100,2500,2300,26-Oct-10
353,Bangalore,Bangalore,Soyabean,Soyabeen,FAQ,2100,2500,2300,25-Oct-10
354,Bangalore,Bangalore,Soyabean,Soyabeen,FAQ,2100,2500,2300,23-Oct-10
355,Bangalore,Bangalore,Soyabean,Soyabeen,FAQ,2100,2500,2300,21-Oct-10
356,Bangalore,Bangalore,Soyabean,Soyabeen,FAQ,2100,2500,2300,20-Oct-10
357,Bangalore,Bangalore,Soyabean,Soyabeen,FAQ,2100,2500,2300,18-Oct-10
358,Bangalore,Bangalore,Soyabean,Soyabeen,FAQ,2100,2500,2300,15-Oct-10
359,Bangalore,Bangalore,Soyabean,Soyabeen,FAQ,2100,2500,2300,14-Oct-10
360,Bangalore,Bangalore,Soyabean,Soyabeen,FAQ,2100,2500,2300,13-Oct-10
361,Bangalore,Bangalore,Soyabean,Soyabeen,FAQ,2100,2500,2300,12-Oct-10
362,Bangalore,Bangalore,Soyabean,Soyabeen,FAQ,2100,2500,2300,11-Oct-10
363,Bangalore,Bangalore,Soyabean,Soyabeen,FAQ,2100,2500,2300,8-Oct-10
364,Bangalore,Bangalore,Soyabean,Soyabeen,FAQ,2100,2500,2300,6-Oct-10
365,Bangalore,Bangalore,Soyabean,Soyabeen,FAQ,2100,2500,2300,1-Oct-10
366,Bangalore,Bangalore,Soyabean,Soyabeen,FAQ,2100,2500,2300,30-Sep-10
367,Bangalore,Bangalore,Soyabean,Soyabeen,FAQ,2100,2500,2300,29-Sep-10
368,Bangalore,Bangalore,Soyabean,Soyabeen,FAQ,2100,2500,2300,28-Sep-10
369,Bangalore,Bangalore,Soyabean,Soyabeen,FAQ,2100,2500,2300,27-Sep-10
370,Bangalore,Bangalore,Soyabean,Soyabeen,FAQ,2100,2500,2300,25-Sep-10
371,Bangalore,Bangalore,Soyabean,Soyabeen,FAQ,2100,2500,2300,24-Sep-10
372,Bangalore,Bangalore,Soyabean,Soyabeen,FAQ,2100,2500,2300,23-Sep-10
373,Bangalore,Bangalore,Soyabean,Soyabeen,FAQ,2100,2500,2300,22-Sep-10
374,Bangalore,Bangalore,Soyabean,Soyabeen,FAQ,2100,2500,2300,21-Sep-10
375,Bangalore,Bangalore,Soyabean,Soyabeen,FAQ,2100,2500,2300,20-Sep-10
376,Bangalore,Bangalore,Soyabean,Soyabeen,FAQ,2100,2500,2300,18-Sep-10
377,Bangalore,Bangalore,Soyabean,Soyabeen,FAQ,2200,2400,2300,16-Sep-10
378,Bangalore,Bangalore,Soyabean,Soyabeen,FAQ,2200,2400,2300,9-Sep-10
379,Bangalore,Bangalore,Soyabean,Soyabeen,FAQ,2200,2400,2300,8-Sep-10
380,Bangalore,Bangalore,Soyabean,Soyabeen,FAQ,2200,2400,2300,7-Sep-10
381,Bangalore,Bangalore,Soyabean,Soyabeen,FAQ,2200,2400,2300,6-Sep-10
382,Bangalore,Bangalore,Soyabean,Soyabeen,FAQ,2000,2200,2100,3-Sep-10
383,Bangalore,Bangalore,Soyabean,Soyabeen,FAQ,2000,2200,2100,2-Sep-10
384,Bangalore,Bangalore,Soyabean,Soyabeen,FAQ,2000,2200,2100,1-Sep-10
385,Bangalore,Bangalore,Soyabean,Soyabeen,FAQ,2000,2200,2100,31-Aug-10
386,Bangalore,Bangalore,Soyabean,Soyabeen,FAQ,2000,2200,2100,30-Aug-10
387,Bangalore,Bangalore,Soyabean,Soyabeen,FAQ,2000,2200,2100,28-Aug-10
388,Bangalore,Bangalore,Soyabean,Soyabeen,FAQ,2000,2200,2100,27-Aug-10
389,Bangalore,Bangalore,Soyabean,Soyabeen,FAQ,2000,2200,2100,26-Aug-10
390,Bangalore,Bangalore,Soyabean,Soyabeen,FAQ,2000,2200,2100,25-Aug-10
391,Bangalore,Bangalore,Soyabean,Soyabeen,FAQ,2000,2200,2100,24-Aug-10
392,Bangalore,Bangalore,Soyabean,Soyabeen,FAQ,2000,2200,2100,23-Aug-10
393,Bangalore,Bangalore,Soyabean,Soyabeen,FAQ,2000,2200,2100,21-Aug-10
394,Bangalore,Bangalore,Soyabean,Soyabeen,FAQ,2000,2200,2100,20-Aug-10
395,Bangalore,Bangalore,Soyabean,Soyabeen,FAQ,2000,2200,2100,19-Aug-10
396,Bangalore,Bangalore,Soyabean,Soyabeen,FAQ,2300,2500,2400,18-Aug-10
397,Bangalore,Bangalore,Soyabean,Soyabeen,FAQ,2300,2500,2400,17-Aug-10
398,Bangalore,Bangalore,Soyabean,Soyabeen,FAQ,2300,2500,2400,16-Aug-10
399,Bangalore,Bangalore,Soyabean,Soyabeen,FAQ,2300,2500,2400,13-Aug-10
400,Bangalore,Bangalore,Soyabean,Soyabeen,FAQ,2300,2500,2400,12-Aug-10
401,Bangalore,Bangalore,Soyabean,Soyabeen,FAQ,2300,2500,2400,11-Aug-10
402,Bangalore,Bangalore,Soyabean,Soyabeen,FAQ,2300,2500,2400,10-Aug-10
403,Bangalore,Bangalore,Soyabean,Soyabeen,FAQ,2300,2500,2400,9-Aug-10
404,Bangalore,Bangalore,Soyabean,Soyabeen,FAQ,2300,2500,2400,7-Aug-10
405,Bangalore,Bangalore,Soyabean,Soyabeen,FAQ,2300,2500,2400,6-Aug-10
406,Bangalore,Bangalore,Soyabean,Soyabeen,FAQ,2300,2500,2400,5-Aug-10
407,Bangalore,Bangalore,Soyabean,Soyabeen,FAQ,2300,2500,2400,4-Aug-10
408,Bangalore,Bangalore,Soyabean,Soyabeen,FAQ,2300,2500,2400,3-Aug-10
409,Bangalore,Bangalore,Soyabean,Soyabeen,FAQ,2000,2100,2050,2-Aug-10
410,Bangalore,Bangalore,Soyabean,Soyabeen,FAQ,2000,2100,2050,31-Jul-10
411,Bangalore,Bangalore,Soyabean,Soyabeen,FAQ,2000,2100,2050,30-Jul-10
412,Bangalore,Bangalore,Soyabean,Soyabeen,FAQ,2000,2100,2050,29-Jul-10
413,Bangalore,Bangalore,Soyabean,Soyabeen,FAQ,2000,2100,2050,28-Jul-10
414,Bangalore,Bangalore,Soyabean,Soyabeen,FAQ,2000,2100,2050,27-Jul-10
415,Bangalore,Bangalore,Soyabean,Soyabeen,FAQ,2000,2100,2050,26-Jul-10
416,Bangalore,Bangalore,Soyabean,Soyabeen,FAQ,2000,2100,2050,24-Jul-10
417,Bangalore,Bangalore,Soyabean,Soyabeen,FAQ,2000,2100,2050,23-Jul-10
418,Bangalore,Bangalore,Soyabean,Soyabeen,FAQ,2000,2100,2050,22-Jul-10
419,Bangalore,Bangalore,Soyabean,Soyabeen,FAQ,2000,2100,2050,21-Jul-10
420,Bangalore,Bangalore,Soyabean,Soyabeen,FAQ,2000,2100,2050,20-Jul-10
421,Bangalore,Bangalore,Soyabean,Soyabeen,FAQ,2000,2100,2050,17-Jul-10
422,Bangalore,Bangalore,Soyabean,Soyabeen,FAQ,2000,2100,2050,16-Jul-10
423,Bangalore,Bangalore,Soyabean,Soyabeen,FAQ,2000,2100,2050,15-Jul-10
424,Bangalore,Bangalore,Soyabean,Soyabeen,FAQ,2000,2100,2050,14-Jul-10
425,Bangalore,Bangalore,Soyabean,Soyabeen,FAQ,2000,2100,2050,13-Jul-10
426,Bangalore,Bangalore,Soyabean,Soyabeen,FAQ,2000,2100,2050,12-Jul-10
427,Bangalore,Bangalore,Soyabean,Soyabeen,FAQ,2000,2100,2050,9-Jul-10
428,Bangalore,Bangalore,Soyabean,Soyabeen,FAQ,2000,2100,2050,8-Jul-10
429,Bangalore,Bangalore,Soyabean,Soyabeen,FAQ,2000,2100,2050,7-Jul-10
430,Bangalore,Bangalore,Soyabean,Soyabeen,FAQ,2000,2100,2050,6-Jul-10
431,Bangalore,Bangalore,Soyabean,Soyabeen,FAQ,2000,2100,2050,3-Jul-10
432,Bangalore,Bangalore,Soyabean,Soyabeen,FAQ,2000,2100,2050,2-Jul-10
433,Bangalore,Bangalore,Soyabean,Soyabeen,FAQ,2000,2100,2050,1-Jul-10
434,Bangalore,Bangalore,Soyabean,Soyabeen,FAQ,2000,2100,2050,30-Jun-10
435,Bangalore,Bangalore,Soyabean,Soyabeen,FAQ,2000,2100,2050,29-Jun-10
436,Bangalore,Bangalore,Soyabean,Soyabeen,FAQ,2000,2100,2050,28-Jun-10
437,Bangalore,Bangalore,Soyabean,Soyabeen,FAQ,2000,2100,2050,26-Jun-10
438,Bangalore,Bangalore,Soyabean,Soyabeen,FAQ,2000,2100,2050,25-Jun-10
439,Bangalore,Bangalore,Soyabean,Soyabeen,FAQ,2000,2100,2050,24-Jun-10
440,Bangalore,Bangalore,Soyabean,Soyabeen,FAQ,2000,2100,2050,23-Jun-10
441,Bangalore,Bangalore,Soyabean,Soyabeen,FAQ,2000,2100,2050,22-Jun-10
442,Bangalore,Bangalore,Soyabean,Soyabeen,FAQ,2000,2100,2050,21-Jun-10
443,Bangalore,Bangalore,Soyabean,Soyabeen,FAQ,2000,2100,2050,19-Jun-10
444,Bangalore,Bangalore,Soyabean,Soyabeen,FAQ,2000,2100,2050,18-Jun-10
445,Bangalore,Bangalore,Soyabean,Soyabeen,FAQ,2000,2100,2050,17-Jun-10
446,Bangalore,Bangalore,Soyabean,Soyabeen,FAQ,2000,2100,2050,16-Jun-10
447,Bangalore,Bangalore,Soyabean,Soyabeen,FAQ,2000,2100,2050,15-Jun-10
448,Bangalore,Bangalore,Soyabean,Soyabeen,FAQ,2000,2100,2050,14-Jun-10
449,Bangalore,Bangalore,Soyabean,Soyabeen,FAQ,2000,2100,2050,11-Jun-10
450,Bangalore,Bangalore,Soyabean,Soyabeen,FAQ,2000,2100,2050,10-Jun-10
451,Bangalore,Bangalore,Soyabean,Soyabeen,FAQ,2000,2100,2050,9-Jun-10
452,Bangalore,Bangalore,Soyabean,Soyabeen,FAQ,2000,2100,2050,8-Jun-10
453,Bangalore,Bangalore,Soyabean,Soyabeen,FAQ,2000,2100,2050,7-Jun-10
454,Bangalore,Bangalore,Soyabean,Soyabeen,FAQ,2000,2100,2050,5-Jun-10
455,Bangalore,Bangalore,Soyabean,Soyabeen,FAQ,2000,2100,2050,4-Jun-10
456,Bangalore,Bangalore,Soyabean,Soyabeen,FAQ,2000,2100,2050,3-Jun-10
457,Bangalore,Bangalore,Soyabean,Soyabeen,FAQ,2000,2100,2050,2-Jun-10
458,Bangalore,Bangalore,Soyabean,Soyabeen,FAQ,2000,2100,2050,1-Jun-10
459,Bangalore,Bangalore,Soyabean,Soyabeen,FAQ,2000,2100,2050,31-May-10
460,Bangalore,Bangalore,Soyabean,Soyabeen,FAQ,2000,2100,2050,29-May-10
461,Bangalore,Bangalore,Soyabean,Soyabeen,FAQ,2000,2100,2050,28-May-10
462,Bangalore,Bangalore,Soyabean,Soyabeen,FAQ,2000,2100,2050,27-May-10
463,Bangalore,Bangalore,Soyabean,Soyabeen,FAQ,2000,2100,2050,26-May-10
464,Bangalore,Bangalore,Soyabean,Soyabeen,FAQ,2000,2100,2050,25-May-10
465,Bangalore,Bangalore,Soyabean,Soyabeen,FAQ,2000,2100,2050,24-May-10
466,Bangalore,Bangalore,Soyabean,Soyabeen,FAQ,2000,2100,2050,22-May-10
467,Bangalore,Bangalore,Soyabean,Soyabeen,FAQ,2000,2100,2050,21-May-10
468,Bangalore,Bangalore,Soyabean,Soyabeen,FAQ,2000,2100,2050,20-May-10
469,Bangalore,Bangalore,Soyabean,Soyabeen,FAQ,2000,2100,2050,19-May-10
470,Bangalore,Bangalore,Soyabean,Soyabeen,FAQ,2300,2500,2400,18-May-10
471,Bangalore,Bangalore,Soyabean,Soyabeen,FAQ,2300,2500,2400,17-May-10
472,Bangalore,Bangalore,Soyabean,Soyabeen,FAQ,2300,2500,2400,15-May-10
473,Bangalore,Bangalore,Soyabean,Soyabeen,FAQ,2300,2500,2400,14-May-10
474,Bangalore,Bangalore,Soyabean,Soyabeen,FAQ,2300,2500,2400,13-May-10
475,Bangalore,Bangalore,Soyabean,Soyabeen,FAQ,2300,2500,2400,12-May-10
476,Bangalore,Bangalore,Soyabean,Soyabeen,FAQ,2300,2500,2400,11-May-10
477,Bangalore,Bangalore,Soyabean,Soyabeen,FAQ,2300,2500,2400,10-May-10
478,Bangalore,Bangalore,Soyabean,Soyabeen,FAQ,2300,2500,2400,7-May-10
479,Bangalore,Bangalore,Soyabean,Soyabeen,FAQ,2300,2500,2400,6-May-10
480,Bangalore,Bangalore,Soyabean,Soyabeen,FAQ,2300,2500,2400,5-May-10
481,Bangalore,Bangalore,Soyabean,Soyabeen,FAQ,2300,2500,2400,4-May-10
482,Bangalore,Bangalore,Soyabean,Soyabeen,FAQ,2300,2500,2400,3-May-10
483,Bangalore,Bangalore,Soyabean,Soyabeen,FAQ,2300,2500,2400,30-Apr-10
484,Bangalore,Bangalore,Soyabean,Soyabeen,FAQ,2300,2500,2400,29-Apr-10
485,Bangalore,Bangalore,Soyabean,Soyabeen,FAQ,2300,2500,2400,28-Apr-10
486,Bangalore,Bangalore,Soyabean,Soyabeen,FAQ,2300,2500,2400,27-Apr-10
487,Bangalore,Bangalore,Soyabean,Soyabeen,FAQ,2300,2500,2400,26-Apr-10
488,Bangalore,Bangalore,Soyabean,Soyabeen,FAQ,2300,2500,2400,24-Apr-10
489,Bangalore,Bangalore,Soyabean,Soyabeen,FAQ,2300,2500,2400,23-Apr-10
490,Bangalore,Bangalore,Soyabean,Soyabeen,FAQ,2300,2500,2400,22-Apr-10
491,Bangalore,Bangalore,Soyabean,Soyabeen,FAQ,2300,2500,2400,21-Apr-10
492,Bangalore,Bangalore,Soyabean,Soyabeen,FAQ,2300,2500,2400,20-Apr-10
493,Bangalore,Bangalore,Soyabean,Soyabeen,FAQ,2300,2500,2400,19-Apr-10
494,Bangalore,Bangalore,Soyabean,Soyabeen,FAQ,2300,2500,2400,17-Apr-10
495,Bangalore,Bangalore,Soyabean,Soyabeen,FAQ,2300,2500,2400,16-Apr-10
496,Bangalore,Bangalore,Soyabean,Soyabeen,FAQ,2300,2500,2400,15-Apr-10
497,Bangalore,Bangalore,Soyabean,Soyabeen,FAQ,2300,2500,2400,13-Apr-10
498,Bangalore,Bangalore,Soyabean,Soyabeen,FAQ,2300,2500,2400,12-Apr-10
499,Bangalore,Bangalore,Soyabean,Soyabeen,FAQ,2300,2500,2400,9-Apr-10
500,Bangalore,Bangalore,Soyabean,Soyabeen,FAQ,2300,2500,2400,8-Apr-10
501,Bangalore,Bangalore,Soyabean,Soyabeen,FAQ,2300,2500,2400,7-Apr-10
502,Bangalore,Bangalore,Soyabean,Soyabeen,FAQ,2300,2500,2400,6-Apr-10
503,Bangalore,Bangalore,Soyabean,Soyabeen,FAQ,2300,2500,2400,5-Apr-10
504,Bangalore,Bangalore,Soyabean,Soyabeen,FAQ,2300,2500,2400,3-Apr-10
505,Bangalore,Bangalore,Soyabean,Soyabeen,FAQ,2300,2500,2400,1-Apr-10
506,Bangalore,Bangalore,Soyabean,Soyabeen,FAQ,2300,2500,2400,31-Mar-10
507,Bangalore,Bangalore,Soyabean,Soyabeen,FAQ,2300,2500,2400,30-Mar-10
508,Bangalore,Bangalore,Soyabean,Soyabeen,FAQ,2300,2500,2400,29-Mar-10
509,Bangalore,Bangalore,Soyabean,Soyabeen,FAQ,2300,2500,2400,27-Mar-10
510,Bangalore,Bangalore,Soyabean,Soyabeen,FAQ,2300,2500,2400,26-Mar-10
511,Bangalore,Bangalore,Soyabean,Soyabeen,FAQ,2300,2500,2400,25-Mar-10
512,Bangalore,Bangalore,Soyabean,Soyabeen,FAQ,2300,2500,2400,24-Mar-10
513,Bangalore,Bangalore,Soyabean,Soyabeen,FAQ,2300,2500,2400,23-Mar-10
514,Bangalore,Bangalore,Soyabean,Soyabeen,FAQ,2300,2500,2400,22-Mar-10
515,Bangalore,Bangalore,Soyabean,Soyabeen,FAQ,2300,2500,2400,20-Mar-10
516,Bangalore,Bangalore,Soyabean,Soyabeen,FAQ,2300,2500,2400,19-Mar-10
517,Bangalore,Bangalore,Soyabean,Soyabeen,FAQ,2300,2500,2400,18-Mar-10
518,Bangalore,Bangalore,Soyabean,Soyabeen,FAQ,2300,2500,2400,17-Mar-10
519,Bangalore,Bangalore,Soyabean,Soyabeen,FAQ,2300,2500,2400,15-Mar-10
520,Bangalore,Bangalore,Soyabean,Soyabeen,FAQ,2300,2500,2400,12-Mar-10
521,Bangalore,Bangalore,Soyabean,Soyabeen,FAQ,2300,2500,2400,11-Mar-10
522,Bangalore,Bangalore,Soyabean,Soyabeen,FAQ,2300,2500,2400,10-Mar-10
523,Bangalore,Bangalore,Soyabean,Soyabeen,FAQ,2300,2500,2400,9-Mar-10
524,Bangalore,Bangalore,Soyabean,Soyabeen,FAQ,2300,2500,2400,8-Mar-10
525,Bangalore,Bangalore,Soyabean,Soyabeen,FAQ,2300,2500,2400,6-Mar-10
526,Bangalore,Bangalore,Soyabean,Soyabeen,FAQ,2300,2500,2400,5-Mar-10
527,Bangalore,Bangalore,Soyabean,Soyabeen,FAQ,2300,2500,2400,4-Mar-10
528,Bangalore,Bangalore,Soyabean,Soyabeen,FAQ,2300,2500,2400,3-Mar-10
529,Bangalore,Bangalore,Soyabean,Soyabeen,FAQ,2300,2500,2400,2-Mar-10
530,Bangalore,Bangalore,Soyabean,Soyabeen,FAQ,2300,2500,2400,23-Feb-10
531,Bangalore,Bangalore,Soyabean,Soyabeen,FAQ,2100,2400,2200,22-Feb-10
532,Bangalore,Bangalore,Soyabean,Soyabeen,FAQ,2100,2400,2200,20-Feb-10
533,Bangalore,Bangalore,Soyabean,Soyabeen,FAQ,2100,2400,2200,19-Feb-10
534,Bangalore,Bangalore,Soyabean,Soyabeen,FAQ,2100,2400,2200,18-Feb-10
535,Bangalore,Bangalore,Soyabean,Soyabeen,FAQ,2100,2400,2200,17-Feb-10
536,Bangalore,Bangalore,Soyabean,Soyabeen,FAQ,2100,2400,2200,16-Feb-10
537,Bangalore,Bangalore,Soyabean,Soyabeen,FAQ,2100,2400,2200,15-Feb-10
538,Bangalore,Bangalore,Soyabean,Soyabeen,FAQ,2100,2400,2200,11-Feb-10
539,Bangalore,Bangalore,Soyabean,Soyabeen,FAQ,2100,2400,2200,10-Feb-10
540,Bangalore,Bangalore,Soyabean,Soyabeen,FAQ,2100,2400,2200,9-Feb-10
541,Bangalore,Bangalore,Soyabean,Soyabeen,FAQ,2100,2400,2200,8-Feb-10
542,Bangalore,Bangalore,Soyabean,Soyabeen,FAQ,2100,2400,2200,6-Feb-10
543,Bangalore,Bangalore,Soyabean,Soyabeen,FAQ,2100,2400,2200,5-Feb-10
544,Bangalore,Bangalore,Soyabean,Soyabeen,FAQ,2100,2400,2200,4-Feb-10
545,Bangalore,Bangalore,Soyabean,Soyabeen,FAQ,2100,2400,2200,3-Feb-10
546,Bangalore,Bangalore,Soyabean,Soyabeen,FAQ,2100,2400,2200,2-Feb-10
547,Bangalore,Bangalore,Soyabean,Soyabeen,FAQ,2100,2400,2200,1-Feb-10
548,Bangalore,Bangalore,Soyabean,Soyabeen,FAQ,2100,2400,2200,30-Jan-10
549,Bangalore,Bangalore,Soyabean,Soyabeen,FAQ,2100,2400,2200,29-Jan-10
550,Bangalore,Bangalore,Soyabean,Soyabeen,FAQ,2100,2400,2200,28-Jan-10
551,Bangalore,Bangalore,Soyabean,Soyabeen,FAQ,2100,2400,2200,27-Jan-10
552,Bangalore,Bangalore,Soyabean,Soyabeen,FAQ,2100,2400,2200,25-Jan-10
553,Bangalore,Bangalore,Soyabean,Soyabeen,FAQ,2100,2400,2200,23-Jan-10
554,Bangalore,Bangalore,Soyabean,Soyabeen,FAQ,2250,2800,2525,22-Jan-10
555,Bangalore,Bangalore,Soyabean,Soyabeen,FAQ,2250,2800,2525,21-Jan-10
556,Bangalore,Bangalore,Soyabean,Soyabeen,FAQ,2250,2800,2525,20-Jan-10
557,Bangalore,Bangalore,Soyabean,Soyabeen,FAQ,2250,2800,2525,19-Jan-10
558,Bangalore,Bangalore,Soyabean,Soyabeen,FAQ,2250,2800,2525,18-Jan-10
559,Bangalore,Bangalore,Soyabean,Soyabeen,FAQ,2250,2800,2525,16-Jan-10
560,Bangalore,Bangalore,Soyabean,Soyabeen,FAQ,2250,2800,2525,15-Jan-10
561,Bangalore,Bangalore,Soyabean,Soyabeen,FAQ,2250,2800,2525,13-Jan-10
562,Bangalore,Bangalore,Soyabean,Soyabeen,FAQ,2250,2800,2525,12-Jan-10
563,Bangalore,Bangalore,Soyabean,Soyabeen,FAQ,2250,2800,2525,11-Jan-10
564,Bangalore,Bangalore,Soyabean,Soyabeen,FAQ,2250,2800,2525,8-Jan-10
565,Bangalore,Bangalore,Soyabean,Soyabeen,FAQ,2250,2800,2525,7-Jan-10
566,Bangalore,Bangalore,Soyabean,Soyabeen,FAQ,2250,2800,2525,6-Jan-10
567,Bangalore,Bangalore,Soyabean,Soyabeen,FAQ,2250,2800,2525,5-Jan-10
568,Bangalore,Bangalore,Soyabean,Soyabeen,FAQ,2250,2800,2525,4-Jan-10
569,Bangalore,Bangalore,Soyabean,Soyabeen,FAQ,2250,2800,2525,2-Jan-10
570,Bangalore,Bangalore,Soyabean,Soyabeen,FAQ,2250,2800,2525,1-Jan-10
571,Bidar,Basava Kalayana,Soyabean,Soyabeen,FAQ,1700,2100,1850,31-Dec-10
572,Bidar,Basava Kalayana,Soyabean,Soyabeen,FAQ,1700,2000,1900,29-Dec-10
573,Bidar,Basava Kalayana,Soyabean,Soyabeen,FAQ,1700,2000,1900,27-Dec-10
574,Bidar,Basava Kalayana,Soyabean,Soyabeen,FAQ,1600,1950,1900,24-Dec-10
575,Bidar,Basava Kalayana,Soyabean,Soyabeen,FAQ,1700,1950,1850,23-Dec-10
576,Bidar,Basava Kalayana,Soyabean,Soyabeen,FAQ,1700,1900,1800,22-Dec-10
577,Bidar,Basava Kalayana,Soyabean,Soyabeen,FAQ,1700,1900,1800,20-Dec-10
578,Bidar,Basava Kalayana,Soyabean,Soyabeen,FAQ,1700,1950,1850,18-Dec-10
579,Bidar,Basava Kalayana,Soyabean,Soyabeen,FAQ,1700,1910,1850,16-Dec-10
580,Bidar,Basava Kalayana,Soyabean,Soyabeen,FAQ,1700,1950,1800,13-Dec-10
581,Bidar,Basava Kalayana,Soyabean,Soyabeen,FAQ,1650,1950,1800,10-Dec-10
582,Bidar,Basava Kalayana,Soyabean,Soyabeen,FAQ,1700,1950,1900,9-Dec-10
583,Bidar,Basava Kalayana,Soyabean,Soyabeen,FAQ,1750,1950,1900,8-Dec-10
584,Bidar,Basava Kalayana,Soyabean,Soyabeen,FAQ,1700,1950,1880,7-Dec-10
585,Bidar,Basava Kalayana,Soyabean,Soyabeen,FAQ,1700,1900,1800,6-Dec-10
586,Bidar,Basava Kalayana,Soyabean,Soyabeen,FAQ,1700,1950,1900,4-Dec-10
587,Bidar,Basava Kalayana,Soyabean,Soyabeen,FAQ,1500,1981,1800,3-Dec-10
588,Bidar,Basava Kalayana,Soyabean,Soyabeen,FAQ,1700,1900,1800,2-Dec-10
589,Bidar,Basava Kalayana,Soyabean,Soyabeen,FAQ,1700,1950,1850,20-Nov-10
590,Bidar,Basava Kalayana,Soyabean,Soyabeen,FAQ,1800,1910,1850,18-Nov-10
591,Bidar,Basava Kalayana,Soyabean,Soyabeen,FAQ,1750,1980,1900,16-Nov-10
592,Bidar,Basava Kalayana,Soyabean,Soyabeen,FAQ,1700,2050,1950,13-Nov-10
593,Bidar,Basava Kalayana,Soyabean,Soyabeen,FAQ,1700,2000,1950,12-Nov-10
594,Bidar,Basava Kalayana,Soyabean,Soyabeen,FAQ,1700,1950,1850,9-Nov-10
595,Bidar,Basava Kalayana,Soyabean,Soyabeen,FAQ,1700,1910,1850,8-Nov-10
596,Bidar,Basava Kalayana,Soyabean,Soyabeen,FAQ,1650,1920,1850,30-Oct-10
597,Bidar,Basava Kalayana,Soyabean,Soyabeen,FAQ,1700,1925,1850,29-Oct-10
598,Bidar,Basava Kalayana,Soyabean,Soyabeen,FAQ,1700,1910,1850,28-Oct-10
599,Bidar,Basava Kalayana,Soyabean,Soyabeen,FAQ,1800,1950,1900,27-Oct-10
600,Bidar,Basava Kalayana,Soyabean,Soyabeen,FAQ,1600,1950,1900,26-Oct-10
601,Bidar,Basava Kalayana,Soyabean,Soyabeen,FAQ,1800,1925,1900,21-Oct-10
602,Bidar,Basava Kalayana,Soyabean,Soyabeen,FAQ,1800,1950,1900,20-Oct-10
603,Bidar,Basava Kalayana,Soyabean,Soyabeen,FAQ,1800,1950,1900,15-Oct-10
604,Bidar,Basava Kalayana,Soyabean,Soyabeen,FAQ,1750,1950,1900,14-Oct-10
605,Bidar,Basava Kalayana,Soyabean,Soyabeen,FAQ,1750,1950,1900,13-Oct-10
606,Bidar,Basava Kalayana,Soyabean,Soyabeen,FAQ,1800,2000,1900,12-Oct-10
607,Bidar,Basava Kalayana,Soyabean,Soyabeen,FAQ,1800,1970,1850,11-Oct-10
608,Bidar,Basava Kalayana,Soyabean,Soyabeen,FAQ,1400,1800,1700,6-Oct-10
609,Bidar,Basava Kalayana,Soyabean,Soyabeen,FAQ,1250,1600,1500,29-Sep-10
610,Bidar,Basava Kalayana,Soyabean,Soyabeen,FAQ,1600,1800,1700,28-Sep-10
611,Bidar,Basava Kalayana,Soyabean,Soyabeen,FAQ,1700,1900,1800,25-Sep-10
612,Bidar,Basava Kalayana,Soyabean,Soyabeen,FAQ,1650,1721,1700,24-Sep-10
613,Bidar,Basava Kalayana,Soyabean,Soyabeen,FAQ,1650,1721,1700,23-Sep-10
614,Bidar,Basava Kalayana,Soyabean,Soyabeen,FAQ,1600,1700,1600,14-Sep-10
615,Bidar,Basava Kalayana,Soyabean,Soyabeen,FAQ,1600,1800,1700,13-Sep-10
616,Bidar,Basava Kalayana,Soyabean,Soyabeen,FAQ,1600,1700,1600,7-Sep-10
617,Bidar,Basava Kalayana,Soyabean,Soyabeen,FAQ,1650,1780,1700,3-Sep-10
618,Bidar,Basava Kalayana,Soyabean,Soyabeen,FAQ,1650,1870,1700,2-Sep-10
619,Bidar,Basava Kalayana,Soyabean,Soyabeen,FAQ,1720,1800,1720,28-Aug-10
620,Bidar,Basava Kalayana,Soyabean,Soyabeen,FAQ,1750,1750,1750,27-Aug-10
621,Bidar,Basava Kalayana,Soyabean,Soyabeen,FAQ,1600,1701,1680,26-Aug-10
622,Bidar,Basava Kalayana,Soyabean,Soyabeen,FAQ,1700,1800,1750,25-Aug-10
623,Bidar,Basava Kalayana,Soyabean,Soyabeen,FAQ,1650,1850,1750,21-Aug-10
624,Bidar,Basava Kalayana,Soyabean,Soyabeen,FAQ,1750,1750,1750,19-Aug-10
625,Bidar,Basava Kalayana,Soyabean,Soyabeen,FAQ,1900,1900,1900,18-Aug-10
626,Bidar,Basava Kalayana,Soyabean,Soyabeen,FAQ,1750,1900,1850,4-Aug-10
627,Bidar,Basava Kalayana,Soyabean,Soyabeen,FAQ,1771,1900,1850,3-Aug-10
628,Bidar,Basava Kalayana,Soyabean,Soyabeen,FAQ,1650,1900,1800,2-Aug-10
629,Bidar,Basava Kalayana,Soyabean,Soyabeen,FAQ,1650,1900,1870,28-Jul-10
630,Bidar,Basava Kalayana,Soyabean,Soyabeen,FAQ,1600,1825,1700,20-Jul-10
631,Bidar,Basava Kalayana,Soyabean,Soyabeen,FAQ,1600,1801,1700,19-Jul-10
632,Bidar,Basava Kalayana,Soyabean,Soyabeen,FAQ,1550,1750,1650,17-Jul-10
633,Bidar,Basava Kalayana,Soyabean,Soyabeen,FAQ,1600,1700,1650,16-Jul-10
634,Bidar,Basava Kalayana,Soyabean,Soyabeen,FAQ,1550,1700,1625,15-Jul-10
635,Bidar,Basava Kalayana,Soyabean,Soyabeen,FAQ,1600,1700,1600,13-Jul-10
636,Bidar,Basava Kalayana,Soyabean,Soyabeen,FAQ,1550,1700,1650,12-Jul-10
637,Bidar,Basava Kalayana,Soyabean,Soyabeen,FAQ,1650,1800,1770,10-Jul-10
638,Bidar,Basava Kalayana,Soyabean,Soyabeen,FAQ,1500,1700,1600,9-Jul-10
639,Bidar,Basava Kalayana,Soyabean,Soyabeen,FAQ,1600,1650,1626,25-Jun-10
640,Bidar,Basava Kalayana,Soyabean,Soyabeen,FAQ,1651,1651,1651,24-Jun-10
641,Bidar,Basava Kalayana,Soyabean,Soyabeen,FAQ,1400,1700,1600,23-Jun-10
642,Bidar,Basava Kalayana,Soyabean,Soyabeen,FAQ,1401,1580,1500,22-Jun-10
643,Bidar,Basava Kalayana,Soyabean,Soyabeen,FAQ,1501,1536,1510,19-Jun-10
644,Bidar,Basava Kalayana,Soyabean,Soyabeen,FAQ,1550,1670,1600,18-Jun-10
645,Bidar,Basava Kalayana,Soyabean,Soyabeen,FAQ,1500,1700,1600,17-Jun-10
646,Bidar,Basava Kalayana,Soyabean,Soyabeen,FAQ,1500,1650,1600,16-Jun-10
647,Bidar,Basava Kalayana,Soyabean,Soyabeen,FAQ,1650,1800,1700,10-Jun-10
648,Bidar,Basava Kalayana,Soyabean,Soyabeen,FAQ,1600,1750,1700,9-Jun-10
649,Bidar,Basava Kalayana,Soyabean,Soyabeen,FAQ,1600,1750,1650,8-Jun-10
650,Bidar,Basava Kalayana,Soyabean,Soyabeen,FAQ,1600,1680,1600,7-Jun-10
651,Bidar,Basava Kalayana,Soyabean,Soyabeen,FAQ,1650,1650,1650,4-Jun-10
652,Bidar,Basava Kalayana,Soyabean,Soyabeen,FAQ,1701,1761,1701,3-Jun-10
653,Bidar,Basava Kalayana,Soyabean,Soyabeen,FAQ,1600,1600,1600,2-Jun-10
654,Bidar,Basava Kalayana,Soyabean,Soyabeen,FAQ,1650,1700,1650,1-Jun-10
655,Bidar,Basava Kalayana,Soyabean,Soyabeen,FAQ,1960,2050,2000,28-May-10
656,Bidar,Basava Kalayana,Soyabean,Soyabeen,FAQ,1600,1700,1600,22-May-10
657,Bidar,Basava Kalayana,Soyabean,Soyabeen,FAQ,1662,1830,1662,21-May-10
658,Bidar,Basava Kalayana,Soyabean,Soyabeen,FAQ,1650,1700,1650,20-May-10
659,Bidar,Basava Kalayana,Soyabean,Soyabeen,FAQ,1600,1670,1600,15-May-10
660,Bidar,Basava Kalayana,Soyabean,Soyabeen,FAQ,1600,1700,1650,4-May-10
661,Bidar,Basava Kalayana,Soyabean,Soyabeen,FAQ,1680,1690,1680,3-May-10
662,Bidar,Basava Kalayana,Soyabean,Soyabeen,FAQ,1700,1761,1750,30-Apr-10
663,Bidar,Basava Kalayana,Soyabean,Soyabeen,FAQ,1650,1700,1650,29-Apr-10
664,Bidar,Basava Kalayana,Soyabean,Soyabeen,FAQ,1700,1860,1800,20-Apr-10
665,Bidar,Basava Kalayana,Soyabean,Soyabeen,FAQ,1630,1800,1750,19-Apr-10
666,Bidar,Basava Kalayana,Soyabean,Soyabeen,FAQ,1700,1750,1700,16-Apr-10
667,Bidar,Basava Kalayana,Soyabean,Soyabeen,FAQ,1700,1800,1700,13-Apr-10
668,Bidar,Basava Kalayana,Soyabean,Soyabeen,FAQ,1700,1840,1820,3-Apr-10
669,Bidar,Basava Kalayana,Soyabean,Soyabeen,FAQ,1700,1850,1800,1-Apr-10
670,Bidar,Basava Kalayana,Soyabean,Soyabeen,FAQ,1700,1780,1750,23-Mar-10
671,Bidar,Basava Kalayana,Soyabean,Soyabeen,FAQ,1700,1750,1700,19-Mar-10
672,Bidar,Basava Kalayana,Soyabean,Soyabeen,FAQ,1700,1800,1750,18-Mar-10
673,Bidar,Basava Kalayana,Soyabean,Soyabeen,FAQ,1701,1800,1750,17-Mar-10
674,Bidar,Basava Kalayana,Soyabean,Soyabeen,FAQ,1700,1850,1800,13-Mar-10
675,Bidar,Basava Kalayana,Soyabean,Soyabeen,FAQ,1760,1850,1817,11-Mar-10
676,Bidar,Basava Kalayana,Soyabean,Soyabeen,FAQ,1700,1800,1750,5-Mar-10
677,Bidar,Basava Kalayana,Soyabean,Soyabeen,FAQ,1800,1800,1800,4-Mar-10
678,Bidar,Basava Kalayana,Soyabean,Soyabeen,FAQ,1750,1900,1800,26-Feb-10
679,Bidar,Basava Kalayana,Soyabean,Soyabeen,FAQ,1700,1881,1800,24-Feb-10
680,Bidar,Basava Kalayana,Soyabean,Soyabeen,FAQ,1700,1880,1750,23-Feb-10
681,Bidar,Basava Kalayana,Soyabean,Soyabeen,FAQ,1700,1950,1850,22-Feb-10
682,Bidar,Basava Kalayana,Soyabean,Soyabeen,FAQ,1650,1901,1850,9-Feb-10
683,Bidar,Basava Kalayana,Soyabean,Soyabeen,FAQ,1750,1900,1850,8-Feb-10
684,Bidar,Basava Kalayana,Soyabean,Soyabeen,FAQ,1850,2050,1950,25-Jan-10
685,Bidar,Basava Kalayana,Soyabean,Soyabeen,FAQ,1800,2000,1950,23-Jan-10
686,Bidar,Basava Kalayana,Soyabean,Soyabeen,FAQ,1800,2000,1950,22-Jan-10
687,Bidar,Basava Kalayana,Soyabean,Soyabeen,FAQ,1950,2050,2000,20-Jan-10
688,Bidar,Basava Kalayana,Soyabean,Soyabeen,FAQ,1900,2051,1950,19-Jan-10
689,Bidar,Basava Kalayana,Soyabean,Soyabeen,FAQ,1900,2050,2000,13-Jan-10
690,Bidar,Basava Kalayana,Soyabean,Soyabeen,FAQ,1900,2000,1950,12-Jan-10
691,Bidar,Basava Kalayana,Soyabean,Soyabeen,FAQ,1900,2090,2000,11-Jan-10
692,Bidar,Basava Kalayana,Soyabean,Soyabeen,FAQ,1900,2050,2000,9-Jan-10
693,Bidar,Basava Kalayana,Soyabean,Soyabeen,FAQ,1900,2150,2000,8-Jan-10
694,Bidar,Basava Kalayana,Soyabean,Soyabeen,FAQ,1900,2200,2100,7-Jan-10
695,Bidar,Basava Kalayana,Soyabean,Soyabeen,FAQ,1900,2200,2100,6-Jan-10
696,Bidar,Basava Kalayana,Soyabean,Soyabeen,FAQ,1900,2200,2100,5-Jan-10
697,Bidar,Basava Kalayana,Soyabean,Soyabeen,FAQ,1900,2200,2100,4-Jan-10
698,Bidar,Basava Kalayana,Soyabean,Soyabeen,FAQ,1900,2150,2000,2-Jan-10
699,Bidar,Basava Kalayana,Soyabean,Soyabeen,FAQ,1900,2150,2000,1-Jan-10
700,Bidar,Bidar,Soyabean,Soyabeen,FAQ,2045,2045,2045,27-Dec-10
701,Bidar,Bidar,Soyabean,Soyabeen,FAQ,2019,2025,2019,24-Dec-10
702,Bidar,Bidar,Soyabean,Soyabeen,FAQ,1994,2012,1997,23-Dec-10
703,Bidar,Bidar,Soyabean,Soyabeen,FAQ,1934,1971,1934,15-Dec-10
704,Bidar,Bidar,Soyabean,Soyabeen,FAQ,1756,1946,1946,14-Dec-10
705,Bidar,Bidar,Soyabean,Soyabeen,FAQ,1925,1956,1945,13-Dec-10
706,Bidar,Bidar,Soyabean,Soyabeen,FAQ,1850,1951,1925,11-Dec-10
707,Bidar,Bidar,Soyabean,Soyabeen,FAQ,1925,1950,1930,10-Dec-10
708,Bidar,Bidar,Soyabean,Soyabeen,FAQ,1935,1952,1940,9-Dec-10
709,Bidar,Bidar,Soyabean,Soyabeen,FAQ,1930,1930,1930,8-Dec-10
710,Bidar,Bidar,Soyabean,Soyabeen,FAQ,1900,2050,2000,7-Dec-10
711,Bidar,Bidar,Soyabean,Soyabeen,FAQ,2105,2210,2150,6-Dec-10
712,Bidar,Bidar,Soyabean,Soyabeen,FAQ,2205,2205,2205,4-Dec-10
713,Bidar,Bidar,Soyabean,Soyabeen,FAQ,1880,1980,1941,3-Dec-10
714,Bidar,Bidar,Soyabean,Soyabeen,FAQ,1926,1996,1991,2-Dec-10
715,Bidar,Bidar,Soyabean,Soyabeen,FAQ,1868,1950,1920,1-Dec-10
716,Bidar,Bidar,Soyabean,Soyabeen,FAQ,1601,1974,1885,29-Nov-10
717,Bidar,Bidar,Soyabean,Soyabeen,FAQ,1526,1940,1881,27-Nov-10
718,Bidar,Bidar,Soyabean,Soyabeen,FAQ,1605,1942,1850,25-Nov-10
719,Bidar,Bidar,Soyabean,Soyabeen,FAQ,1532,1948,1906,23-Nov-10
720,Bidar,Bidar,Soyabean,Soyabeen,FAQ,1565,1955,1801,22-Nov-10
721,Bidar,Bidar,Soyabean,Soyabeen,FAQ,1501,1940,1835,20-Nov-10
722,Bidar,Bidar,Soyabean,Soyabeen,FAQ,1556,1916,1821,19-Nov-10
723,Bidar,Bidar,Soyabean,Soyabeen,FAQ,1305,1923,1863,18-Nov-10
724,Bidar,Bidar,Soyabean,Soyabeen,FAQ,1571,1945,1831,15-Nov-10
725,Bidar,Bidar,Soyabean,Soyabeen,FAQ,1700,1930,1857,9-Nov-10
726,Bidar,Bidar,Soyabean,Soyabeen,FAQ,1501,1925,1865,8-Nov-10
727,Bidar,Bidar,Soyabean,Soyabeen,FAQ,1796,1804,1796,28-Oct-10
728,Bidar,Bidar,Soyabean,Soyabeen,FAQ,1821,1915,1821,26-Oct-10
729,Bidar,Bidar,Soyabean,Soyabeen,FAQ,1677,1971,1915,25-Oct-10
730,Bidar,Bidar,Soyabean,Soyabeen,FAQ,1815,1945,1891,23-Oct-10
731,Bidar,Bidar,Soyabean,Soyabeen,FAQ,1821,1885,1865,21-Oct-10
732,Bidar,Bidar,Soyabean,Soyabeen,FAQ,1835,1890,1881,20-Oct-10
733,Bidar,Bidar,Soyabean,Soyabeen,FAQ,1755,1884,1825,19-Oct-10
734,Bidar,Bidar,Soyabean,Soyabeen,FAQ,1641,1930,1863,15-Oct-10
735,Bidar,Bidar,Soyabean,Soyabeen,FAQ,1805,1972,1930,14-Oct-10
736,Bidar,Bidar,Soyabean,Soyabeen,FAQ,1525,1945,1890,13-Oct-10
737,Bidar,Bidar,Soyabean,Soyabeen,FAQ,1825,1901,1875,12-Oct-10
738,Bidar,Bidar,Soyabean,Soyabeen,FAQ,1505,1885,1765,11-Oct-10
739,Bidar,Bidar,Soyabean,Soyabeen,FAQ,1511,1879,1725,9-Oct-10
740,Bidar,Bidar,Soyabean,Soyabeen,FAQ,1525,1830,1692,8-Oct-10
741,Bidar,Bidar,Soyabean,Soyabeen,FAQ,1595,1735,1671,6-Oct-10
742,Bidar,Bidar,Soyabean,Soyabeen,Large,1625,1625,1625,1-Jan-10
743,Dharwad,Dharwar,Soyabean,Soyabeen,FAQ,2165,2240,2180,31-Dec-10
744,Dharwad,Dharwar,Soyabean,Soyabeen,FAQ,2000,2000,2000,23-Dec-10
745,Dharwad,Dharwar,Soyabean,Soyabeen,FAQ,2060,2110,2060,22-Dec-10
746,Dharwad,Dharwar,Soyabean,Soyabeen,FAQ,2000,2100,2050,18-Dec-10
747,Dharwad,Dharwar,Soyabean,Soyabeen,FAQ,1950,2180,2000,15-Dec-10
748,Dharwad,Dharwar,Soyabean,Soyabeen,FAQ,2000,2200,2000,8-Dec-10
749,Dharwad,Dharwar,Soyabean,Soyabeen,FAQ,1585,2140,1633,7-Dec-10
750,Dharwad,Dharwar,Soyabean,Soyabeen,FAQ,1605,2000,1605,1-Dec-10
751,Dharwad,Dharwar,Soyabean,Soyabeen,FAQ,2020,2070,2020,9-Nov-10
752,Dharwad,Dharwar,Soyabean,Soyabeen,FAQ,1920,1925,1920,26-Oct-10
753,Dharwad,Dharwar,Soyabean,Soyabeen,FAQ,1700,1720,1700,28-Sep-10
754,Dharwad,Dharwar,Soyabean,Soyabeen,FAQ,1640,1970,1870,22-Sep-10
755,Dharwad,Dharwar,Soyabean,Soyabeen,FAQ,1600,1950,1920,7-Sep-10
756,Dharwad,Dharwar,Soyabean,Soyabeen,FAQ,1825,1825,1825,4-Sep-10
757,Dharwad,Dharwar,Soyabean,Soyabeen,FAQ,1750,1970,1920,3-Sep-10
758,Dharwad,Dharwar,Soyabean,Soyabeen,FAQ,1880,1965,1960,2-Sep-10
759,Dharwad,Dharwar,Soyabean,Soyabeen,FAQ,1930,2005,1955,1-Sep-10
760,Dharwad,Dharwar,Soyabean,Soyabeen,FAQ,1815,1940,1925,31-Aug-10
761,Dharwad,Dharwar,Soyabean,Soyabeen,FAQ,1835,1940,1880,30-Aug-10
762,Dharwad,Dharwar,Soyabean,Soyabeen,FAQ,1880,2010,1880,28-Aug-10
763,Dharwad,Dharwar,Soyabean,Soyabeen,FAQ,1870,2005,1995,27-Aug-10
764,Dharwad,Dharwar,Soyabean,Soyabeen,FAQ,1865,1865,1865,26-Aug-10
765,Dharwad,Dharwar,Soyabean,Soyabeen,FAQ,1995,2025,1995,25-Aug-10
766,Dharwad,Dharwar,Soyabean,Soyabeen,FAQ,1950,1950,1950,23-Aug-10
767,Dharwad,Dharwar,Soyabean,Soyabeen,FAQ,1995,2045,1995,20-Aug-10
768,Dharwad,Dharwar,Soyabean,Soyabeen,FAQ,2015,2015,2015,19-Aug-10
769,Dharwad,Dharwar,Soyabean,Soyabeen,FAQ,1900,1900,1900,18-Aug-10
770,Dharwad,Dharwar,Soyabean,Soyabeen,FAQ,1800,2120,2040,16-Aug-10
771,Dharwad,Dharwar,Soyabean,Soyabeen,FAQ,2050,2100,2050,13-Aug-10
772,Dharwad,Dharwar,Soyabean,Soyabeen,FAQ,1890,1975,1890,12-Aug-10
773,Dharwad,Dharwar,Soyabean,Soyabeen,FAQ,2025,2025,2025,11-Aug-10
774,Dharwad,Dharwar,Soyabean,Soyabeen,FAQ,1921,2051,1921,10-Aug-10
775,Dharwad,Dharwar,Soyabean,Soyabeen,FAQ,1810,1825,1810,7-Aug-10
776,Dharwad,Dharwar,Soyabean,Soyabeen,FAQ,2025,2025,2025,6-Aug-10
777,Dharwad,Dharwar,Soyabean,Soyabeen,FAQ,1921,1921,1921,3-Aug-10
778,Dharwad,Dharwar,Soyabean,Soyabeen,FAQ,1650,2015,1750,31-Jul-10
779,Dharwad,Dharwar,Soyabean,Soyabeen,FAQ,1790,1790,1790,30-Jul-10
780,Dharwad,Dharwar,Soyabean,Soyabeen,FAQ,1700,1725,1700,29-Jul-10
781,Dharwad,Dharwar,Soyabean,Soyabeen,FAQ,1805,1805,1805,28-Jul-10
782,Dharwad,Dharwar,Soyabean,Soyabeen,FAQ,1300,2070,2020,23-Jul-10
783,Dharwad,Dharwar,Soyabean,Soyabeen,FAQ,1975,2070,1980,22-Jul-10
784,Dharwad,Dharwar,Soyabean,Soyabeen,FAQ,2020,2070,2020,21-Jul-10
785,Dharwad,Dharwar,Soyabean,Soyabeen,FAQ,1700,2000,1870,20-Jul-10
786,Dharwad,Dharwar,Soyabean,Soyabeen,FAQ,1665,1990,1970,17-Jul-10
787,Dharwad,Dharwar,Soyabean,Soyabeen,FAQ,1945,2015,1945,16-Jul-10
788,Dharwad,Dharwar,Soyabean,Soyabeen,FAQ,1850,1850,1850,15-Jul-10
789,Dharwad,Dharwar,Soyabean,Soyabeen,FAQ,2000,2000,2000,14-Jul-10
790,Dharwad,Dharwar,Soyabean,Soyabeen,FAQ,1890,1890,1890,13-Jul-10
791,Dharwad,Dharwar,Soyabean,Soyabeen,FAQ,1890,1965,1890,12-Jul-10
792,Dharwad,Dharwar,Soyabean,Soyabeen,FAQ,1810,1960,1910,10-Jul-10
793,Dharwad,Dharwar,Soyabean,Soyabeen,FAQ,1785,1910,1805,9-Jul-10
794,Dharwad,Dharwar,Soyabean,Soyabeen,FAQ,1910,1960,1910,8-Jul-10
795,Dharwad,Dharwar,Soyabean,Soyabeen,FAQ,1910,1960,1910,7-Jul-10
796,Dharwad,Dharwar,Soyabean,Soyabeen,FAQ,1920,1920,1920,6-Jul-10
797,Dharwad,Dharwar,Soyabean,Soyabeen,FAQ,1830,1865,1830,5-Jul-10
798,Dharwad,Dharwar,Soyabean,Soyabeen,FAQ,1920,1970,1920,2-Jul-10
799,Dharwad,Dharwar,Soyabean,Soyabeen,FAQ,1950,2000,1950,1-Jul-10
800,Dharwad,Dharwar,Soyabean,Soyabeen,FAQ,1880,1935,1880,30-Jun-10
801,Dharwad,Dharwar,Soyabean,Soyabeen,FAQ,1925,1950,1925,28-Jun-10
802,Dharwad,Dharwar,Soyabean,Soyabeen,FAQ,1885,1935,1885,25-Jun-10
803,Dharwad,Dharwar,Soyabean,Soyabeen,FAQ,1606,1711,1606,24-Jun-10
804,Dharwad,Dharwar,Soyabean,Soyabeen,FAQ,1810,1810,1810,22-Jun-10
805,Dharwad,Dharwar,Soyabean,Soyabeen,FAQ,1870,1920,1870,19-Jun-10
806,Dharwad,Dharwar,Soyabean,Soyabeen,FAQ,1600,1655,1600,18-Jun-10
807,Dharwad,Dharwar,Soyabean,Soyabeen,FAQ,1680,1910,1860,17-Jun-10
808,Dharwad,Dharwar,Soyabean,Soyabeen,FAQ,1665,1880,1665,16-Jun-10
809,Dharwad,Dharwar,Soyabean,Soyabeen,FAQ,1675,1890,1840,15-Jun-10
810,Dharwad,Dharwar,Soyabean,Soyabeen,FAQ,1860,1860,1860,11-Jun-10
811,Dharwad,Dharwar,Soyabean,Soyabeen,FAQ,1850,1951,1890,9-Jun-10
812,Dharwad,Dharwar,Soyabean,Soyabeen,FAQ,1500,1500,1500,8-Jun-10
813,Dharwad,Dharwar,Soyabean,Soyabeen,FAQ,1740,1740,1740,7-Jun-10
814,Dharwad,Dharwar,Soyabean,Soyabeen,FAQ,1900,1960,1910,5-Jun-10
815,Dharwad,Dharwar,Soyabean,Soyabeen,FAQ,1930,1980,1930,4-Jun-10
816,Dharwad,Dharwar,Soyabean,Soyabeen,FAQ,1700,1730,1700,3-Jun-10
817,Dharwad,Dharwar,Soyabean,Soyabeen,FAQ,1930,1980,1930,2-Jun-10
818,Dharwad,Dharwar,Soyabean,Soyabeen,FAQ,1930,1930,1930,1-Jun-10
819,Dharwad,Dharwar,Soyabean,Soyabeen,FAQ,1681,1681,1681,31-May-10
820,Dharwad,Dharwar,Soyabean,Soyabeen,FAQ,1675,1675,1675,29-May-10
821,Dharwad,Dharwar,Soyabean,Soyabeen,FAQ,1655,1655,1655,28-May-10
822,Dharwad,Dharwar,Soyabean,Soyabeen,FAQ,1650,1650,1650,27-May-10
823,Dharwad,Dharwar,Soyabean,Soyabeen,FAQ,1670,1670,1670,26-May-10
824,Dharwad,Dharwar,Soyabean,Soyabeen,FAQ,1627,1880,1630,25-May-10
825,Dharwad,Dharwar,Soyabean,Soyabeen,FAQ,1780,1820,1810,24-May-10
826,Dharwad,Dharwar,Soyabean,Soyabeen,FAQ,1630,1630,1630,21-May-10
827,Dharwad,Dharwar,Soyabean,Soyabeen,FAQ,1550,1551,1551,20-May-10
828,Dharwad,Dharwar,Soyabean,Soyabeen,FAQ,1800,1800,1800,18-May-10
829,Dharwad,Dharwar,Soyabean,Soyabeen,FAQ,1800,1800,1800,15-May-10
830,Dharwad,Dharwar,Soyabean,Soyabeen,FAQ,1670,1770,1675,12-May-10
831,Dharwad,Dharwar,Soyabean,Soyabeen,FAQ,1680,1680,1680,10-May-10
832,Dharwad,Dharwar,Soyabean,Soyabeen,FAQ,1680,1680,1680,8-May-10
833,Dharwad,Dharwar,Soyabean,Soyabeen,FAQ,1625,1755,1680,7-May-10
834,Dharwad,Dharwar,Soyabean,Soyabeen,FAQ,1585,1815,1680,6-May-10
835,Dharwad,Dharwar,Soyabean,Soyabeen,FAQ,1670,1770,1670,5-May-10
836,Dharwad,Dharwar,Soyabean,Soyabeen,FAQ,1925,1925,1925,4-May-10
837,Dharwad,Dharwar,Soyabean,Soyabeen,FAQ,1710,1850,1745,3-May-10
838,Dharwad,Dharwar,Soyabean,Soyabeen,FAQ,1925,1975,1925,30-Apr-10
839,Dharwad,Dharwar,Soyabean,Soyabeen,FAQ,1726,1775,1726,29-Apr-10
840,Dharwad,Dharwar,Soyabean,Soyabeen,FAQ,1805,1805,1805,27-Apr-10
841,Dharwad,Dharwar,Soyabean,Soyabeen,FAQ,1685,1685,1685,26-Apr-10
842,Dharwad,Dharwar,Soyabean,Soyabeen,FAQ,1900,1950,1900,22-Apr-10
843,Dharwad,Dharwar,Soyabean,Soyabeen,FAQ,1750,1850,1800,21-Apr-10
844,Dharwad,Dharwar,Soyabean,Soyabeen,FAQ,1940,1992,1940,20-Apr-10
845,Dharwad,Dharwar,Soyabean,Soyabeen,FAQ,1775,1775,1775,19-Apr-10
846,Dharwad,Dharwar,Soyabean,Soyabeen,FAQ,1705,1855,1705,17-Apr-10
847,Dharwad,Dharwar,Soyabean,Soyabeen,FAQ,1980,2030,1980,15-Apr-10
848,Dharwad,Dharwar,Soyabean,Soyabeen,FAQ,1755,1813,1790,13-Apr-10
849,Dharwad,Dharwar,Soyabean,Soyabeen,FAQ,2010,2060,2010,10-Apr-10
850,Dharwad,Dharwar,Soyabean,Soyabeen,FAQ,1795,2005,1803,8-Apr-10
851,Dharwad,Dharwar,Soyabean,Soyabeen,FAQ,1810,1810,1810,7-Apr-10
852,Dharwad,Dharwar,Soyabean,Soyabeen,FAQ,1750,1900,1800,6-Apr-10
853,Dharwad,Dharwar,Soyabean,Soyabeen,FAQ,1965,1980,1970,3-Apr-10
854,Dharwad,Dharwar,Soyabean,Soyabeen,FAQ,1905,1940,1915,29-Mar-10
855,Dharwad,Dharwar,Soyabean,Soyabeen,FAQ,1880,2085,2075,27-Mar-10
856,Dharwad,Dharwar,Soyabean,Soyabeen,FAQ,1700,1700,1700,20-Mar-10
857,Dharwad,Dharwar,Soyabean,Soyabeen,FAQ,1600,2075,1838,9-Mar-10
858,Dharwad,Dharwar,Soyabean,Soyabeen,FAQ,1965,2175,2100,6-Mar-10
859,Dharwad,Dharwar,Soyabean,Soyabeen,FAQ,2070,2410,2090,4-Mar-10
860,Dharwad,Dharwar,Soyabean,Soyabeen,FAQ,1905,1905,1905,3-Mar-10
861,Dharwad,Dharwar,Soyabean,Soyabeen,FAQ,1950,2100,1950,2-Mar-10
862,Dharwad,Dharwar,Soyabean,Soyabeen,FAQ,2110,2160,2110,24-Feb-10
863,Dharwad,Dharwar,Soyabean,Soyabeen,FAQ,2130,2180,2130,18-Feb-10
864,Dharwad,Dharwar,Soyabean,Soyabeen,FAQ,1900,1900,1900,17-Feb-10
865,Dharwad,Dharwar,Soyabean,Soyabeen,FAQ,1800,1800,1800,15-Feb-10
866,Dharwad,Dharwar,Soyabean,Soyabeen,FAQ,2150,2200,2150,11-Feb-10
867,Dharwad,Dharwar,Soyabean,Soyabeen,FAQ,2080,2130,2080,9-Feb-10
868,Dharwad,Dharwar,Soyabean,Soyabeen,FAQ,1870,1901,1875,6-Feb-10
869,Dharwad,Dharwar,Soyabean,Soyabeen,FAQ,1800,1800,1800,3-Feb-10
870,Dharwad,Dharwar,Soyabean,Soyabeen,FAQ,2070,2160,2080,2-Feb-10
871,Dharwad,Dharwar,Soyabean,Soyabeen,FAQ,1850,1850,1850,28-Jan-10
872,Dharwad,Dharwar,Soyabean,Soyabeen,FAQ,2170,2220,2170,25-Jan-10
873,Dharwad,Dharwar,Soyabean,Soyabeen,FAQ,2150,2200,2150,21-Jan-10
874,Dharwad,Dharwar,Soyabean,Soyabeen,FAQ,1900,1900,1900,13-Jan-10
875,Dharwad,Dharwar,Soyabean,Soyabeen,FAQ,1329,1859,1649,12-Jan-10
876,Dharwad,Dharwar,Soyabean,Soyabeen,FAQ,2073,2073,2073,9-Jan-10
877,Dharwad,Dharwar,Soyabean,Soyabeen,FAQ,1629,1869,1629,5-Jan-10
878,Belgaum,Gokak,Soyabean,Soyabeen,FAQ,1500,2000,1800,27-Jan-10
879,Haveri,Hanagal,Soyabean,Soyabeen,FAQ,1874,1880,1874,15-Oct-10
880,Haveri,Hanagal,Soyabean,Soyabeen,FAQ,2050,2060,2050,8-Oct-10
881,Haveri,Hanagal,Soyabean,Soyabeen,FAQ,1700,2290,1700,12-Mar-10
882,Haveri,Haveri,Soyabean,Soyabeen,Medium,1970,2000,1985,16-Dec-10
883,Haveri,Haveri,Soyabean,Soyabeen,Medium,1500,1950,1900,15-Oct-10
884,Haveri,Haveri,Soyabean,Soyabeen,Medium,1500,1900,1800,28-Sep-10
885,Haveri,Haveri,Soyabean,Soyabeen,Medium,1500,1900,1850,13-Sep-10
886,Haveri,Haveri,Soyabean,Soyabeen,Medium,1500,1950,1875,3-Sep-10
887,Haveri,Haveri,Soyabean,Soyabeen,FAQ,1500,1900,1875,27-Aug-10
888,Haveri,Haveri,Soyabean,Soyabeen,Medium,1500,1900,1850,20-Aug-10
889,Haveri,Haveri,Soyabean,Soyabeen,Medium,1600,1850,1770,9-Jul-10
890,Haveri,Haveri,Soyabean,Soyabeen,Medium,1850,2120,2115,18-Jun-10
891,Haveri,Haveri,Soyabean,Soyabeen,Medium,2000,2150,2118,12-Mar-10
892,Haveri,Haveri,Soyabean,Soyabeen,Medium,2000,2150,2118,5-Mar-10
893,Haveri,Haveri,Soyabean,Soyabeen,Medium,1550,2320,2300,19-Feb-10
894,Haveri,Haveri,Soyabean,Soyabeen,Medium,1550,2320,1960,5-Feb-10
895,Dharwad,Hubli (Amaragol),Soyabean,Soyabeen,FAQ,1409,2129,2069,30-Dec-10
896,Dharwad,Hubli (Amaragol),Soyabean,Soyabeen,FAQ,1856,2121,2051,29-Dec-10
897,Dharwad,Hubli (Amaragol),Soyabean,Soyabeen,FAQ,1826,2101,2027,28-Dec-10
898,Dharwad,Hubli (Amaragol),Soyabean,Soyabeen,FAQ,1000,2071,1951,27-Dec-10
899,Dharwad,Hubli (Amaragol),Soyabean,Soyabeen,FAQ,1556,2109,2059,24-Dec-10
900,Dharwad,Hubli (Amaragol),Soyabean,Soyabeen,Medium,1911,2079,1950,23-Dec-10
901,Dharwad,Hubli (Amaragol),Soyabean,Soyabeen,Medium,1400,2009,1969,21-Dec-10
902,Dharwad,Hubli (Amaragol),Soyabean,Soyabeen,Medium,1115,2086,1976,16-Dec-10
903,Dharwad,Hubli (Amaragol),Soyabean,Soyabeen,Medium,1609,1609,1609,15-Dec-10
904,Dharwad,Hubli (Amaragol),Soyabean,Soyabeen,Medium,1981,1981,1981,14-Dec-10
905,Dharwad,Hubli (Amaragol),Soyabean,Soyabeen,Medium,1226,2049,2029,13-Dec-10
906,Dharwad,Hubli (Amaragol),Soyabean,Soyabeen,Medium,1301,2041,1811,11-Dec-10
907,Dharwad,Hubli (Amaragol),Soyabean,Soyabeen,Medium,1461,2051,1511,10-Dec-10
908,Dharwad,Hubli (Amaragol),Soyabean,Soyabeen,Medium,2051,2051,2051,9-Dec-10
909,Dharwad,Hubli (Amaragol),Soyabean,Soyabeen,Medium,1806,2021,2021,8-Dec-10
910,Dharwad,Hubli (Amaragol),Soyabean,Soyabeen,FAQ,1409,2096,1709,4-Dec-10
911,Dharwad,Hubli (Amaragol),Soyabean,Soyabeen,Medium,1165,2031,1706,3-Dec-10
912,Dharwad,Hubli (Amaragol),Soyabean,Soyabeen,Medium,2056,2056,2056,1-Dec-10
913,Dharwad,Hubli (Amaragol),Soyabean,Soyabeen,Medium,1959,1959,1959,12-Nov-10
914,Dharwad,Hubli (Amaragol),Soyabean,Soyabeen,FAQ,1429,2126,2056,11-Nov-10
915,Dharwad,Hubli (Amaragol),Soyabean,Soyabeen,Medium,1801,1855,1851,30-Oct-10
916,Dharwad,Hubli (Amaragol),Soyabean,Soyabeen,Medium,1861,1861,1861,28-Oct-10
917,Dharwad,Hubli (Amaragol),Soyabean,Soyabeen,Medium,1505,1821,1725,26-Oct-10
918,Dharwad,Hubli (Amaragol),Soyabean,Soyabeen,Medium,1859,1951,1951,23-Oct-10
919,Dharwad,Hubli (Amaragol),Soyabean,Soyabeen,Medium,1849,1959,1959,15-Oct-10
920,Dharwad,Hubli (Amaragol),Soyabean,Soyabeen,Medium,1226,1426,1426,14-Oct-10
921,Dharwad,Hubli (Amaragol),Soyabean,Soyabeen,Medium,1252,1911,1911,13-Oct-10
922,Dharwad,Hubli (Amaragol),Soyabean,Soyabeen,Medium,1826,1929,1929,12-Oct-10
923,Dharwad,Hubli (Amaragol),Soyabean,Soyabeen,Medium,1201,1821,1809,11-Oct-10
924,Dharwad,Hubli (Amaragol),Soyabean,Soyabeen,Medium,1831,1831,1831,8-Oct-10
925,Dharwad,Hubli (Amaragol),Soyabean,Soyabeen,Medium,1639,1639,1639,6-Oct-10
926,Dharwad,Hubli (Amaragol),Soyabean,Soyabeen,Medium,1119,1119,1119,24-Sep-10
927,Dharwad,Hubli (Amaragol),Soyabean,Soyabeen,Medium,1119,1119,1119,23-Sep-10
928,Dharwad,Hubli (Amaragol),Soyabean,Soyabeen,FAQ,1556,2025,1651,20-Sep-10
929,Dharwad,Hubli (Amaragol),Soyabean,Soyabeen,Medium,1175,1581,1581,7-Sep-10
930,Dharwad,Hubli (Amaragol),Soyabean,Soyabeen,Medium,1285,1869,1769,30-Aug-10
931,Dharwad,Hubli (Amaragol),Soyabean,Soyabeen,Medium,1209,1879,1579,28-Aug-10
932,Dharwad,Hubli (Amaragol),Soyabean,Soyabeen,Medium,2005,2005,2005,27-Aug-10
933,Dharwad,Hubli (Amaragol),Soyabean,Soyabeen,FAQ,1265,2040,1869,26-Aug-10
934,Dharwad,Hubli (Amaragol),Soyabean,Soyabeen,FAQ,1271,2070,1800,23-Aug-10
935,Dharwad,Hubli (Amaragol),Soyabean,Soyabeen,FAQ,1350,1825,1701,21-Aug-10
936,Dharwad,Hubli (Amaragol),Soyabean,Soyabeen,FAQ,2060,2060,2060,20-Aug-10
937,Dharwad,Hubli (Amaragol),Soyabean,Soyabeen,FAQ,1301,1911,1875,19-Aug-10
938,Dharwad,Hubli (Amaragol),Soyabean,Soyabeen,Medium,2070,2070,2070,18-Aug-10
939,Dharwad,Hubli (Amaragol),Soyabean,Soyabeen,FAQ,2100,2120,2110,17-Aug-10
940,Dharwad,Hubli (Amaragol),Soyabean,Soyabeen,FAQ,1885,2180,1900,16-Aug-10
941,Dharwad,Hubli (Amaragol),Soyabean,Soyabeen,FAQ,1750,2110,2110,13-Aug-10
942,Dharwad,Hubli (Amaragol),Soyabean,Soyabeen,Medium,1350,2050,1751,12-Aug-10
943,Dharwad,Hubli (Amaragol),Soyabean,Soyabeen,FAQ,1329,2130,1900,9-Aug-10
944,Dharwad,Hubli (Amaragol),Soyabean,Soyabeen,FAQ,2080,2080,2080,6-Aug-10
945,Dharwad,Hubli (Amaragol),Soyabean,Soyabeen,FAQ,1279,2100,1921,5-Aug-10
946,Dharwad,Hubli (Amaragol),Soyabean,Soyabeen,FAQ,1925,2120,2090,4-Aug-10
947,Dharwad,Hubli (Amaragol),Soyabean,Soyabeen,FAQ,1426,2110,2040,3-Aug-10
948,Dharwad,Hubli (Amaragol),Soyabean,Soyabeen,FAQ,1426,2110,1853,2-Aug-10
949,Dharwad,Hubli (Amaragol),Soyabean,Soyabeen,FAQ,1139,2100,1776,31-Jul-10
950,Dharwad,Hubli (Amaragol),Soyabean,Soyabeen,FAQ,1695,2100,1780,30-Jul-10
951,Dharwad,Hubli (Amaragol),Soyabean,Soyabeen,FAQ,1189,1959,1775,29-Jul-10
952,Dharwad,Hubli (Amaragol),Soyabean,Soyabeen,FAQ,2040,2040,2040,28-Jul-10
953,Dharwad,Hubli (Amaragol),Soyabean,Soyabeen,FAQ,1050,2080,1775,27-Jul-10
954,Dharwad,Hubli (Amaragol),Soyabean,Soyabeen,Medium,1101,1829,1301,26-Jul-10
955,Dharwad,Hubli (Amaragol),Soyabean,Soyabeen,FAQ,1301,2090,1850,24-Jul-10
956,Dharwad,Hubli (Amaragol),Soyabean,Soyabeen,FAQ,1847,2070,1940,23-Jul-10
957,Dharwad,Hubli (Amaragol),Soyabean,Soyabeen,Medium,1301,1801,1626,22-Jul-10
958,Dharwad,Hubli (Amaragol),Soyabean,Soyabeen,FAQ,1459,2060,1725,21-Jul-10
959,Dharwad,Hubli (Amaragol),Soyabean,Soyabeen,FAQ,1275,1976,1726,20-Jul-10
960,Dharwad,Hubli (Amaragol),Soyabean,Soyabeen,FAQ,1189,2040,1611,17-Jul-10
961,Dharwad,Hubli (Amaragol),Soyabean,Soyabeen,FAQ,1425,1995,1860,16-Jul-10
962,Dharwad,Hubli (Amaragol),Soyabean,Soyabeen,FAQ,1089,1929,1797,15-Jul-10
963,Dharwad,Hubli (Amaragol),Soyabean,Soyabeen,Medium,1325,1369,1369,13-Jul-10
964,Dharwad,Hubli (Amaragol),Soyabean,Soyabeen,FAQ,1161,1980,1351,12-Jul-10
965,Dharwad,Hubli (Amaragol),Soyabean,Soyabeen,Medium,1100,1896,1711,10-Jul-10
966,Dharwad,Hubli (Amaragol),Soyabean,Soyabeen,FAQ,1750,1950,1800,9-Jul-10
967,Dharwad,Hubli (Amaragol),Soyabean,Soyabeen,FAQ,1950,1950,1950,7-Jul-10
968,Dharwad,Hubli (Amaragol),Soyabean,Soyabeen,FAQ,1011,1970,1351,6-Jul-10
969,Dharwad,Hubli (Amaragol),Soyabean,Soyabeen,FAQ,1160,1970,1760,3-Jul-10
970,Dharwad,Hubli (Amaragol),Soyabean,Soyabeen,FAQ,1001,1980,1711,1-Jul-10
971,Dharwad,Hubli (Amaragol),Soyabean,Soyabeen,FAQ,1810,2000,1920,30-Jun-10
972,Dharwad,Hubli (Amaragol),Soyabean,Soyabeen,FAQ,1129,1929,1716,29-Jun-10
973,Dharwad,Hubli (Amaragol),Soyabean,Soyabeen,FAQ,1201,1901,1629,28-Jun-10
974,Dharwad,Hubli (Amaragol),Soyabean,Soyabeen,FAQ,1250,1895,1750,26-Jun-10
975,Dharwad,Hubli (Amaragol),Soyabean,Soyabeen,FAQ,1109,1952,1539,25-Jun-10
976,Dharwad,Hubli (Amaragol),Soyabean,Soyabeen,FAQ,1011,1856,1701,24-Jun-10
977,Dharwad,Hubli (Amaragol),Soyabean,Soyabeen,Medium,1056,1800,1800,23-Jun-10
978,Dharwad,Hubli (Amaragol),Soyabean,Soyabeen,FAQ,1156,1819,1656,21-Jun-10
979,Dharwad,Hubli (Amaragol),Soyabean,Soyabeen,FAQ,1700,1890,1755,19-Jun-10
980,Dharwad,Hubli (Amaragol),Soyabean,Soyabeen,FAQ,1910,1920,1920,16-Jun-10
981,Dharwad,Hubli (Amaragol),Soyabean,Soyabeen,FAQ,1251,1920,1301,15-Jun-10
982,Dharwad,Hubli (Amaragol),Soyabean,Soyabeen,FAQ,1562,1960,1910,11-Jun-10
983,Dharwad,Hubli (Amaragol),Soyabean,Soyabeen,FAQ,1161,1826,1601,10-Jun-10
984,Dharwad,Hubli (Amaragol),Soyabean,Soyabeen,FAQ,1169,1980,1765,8-Jun-10
985,Dharwad,Hubli (Amaragol),Soyabean,Soyabeen,FAQ,1125,1960,1861,7-Jun-10
986,Dharwad,Hubli (Amaragol),Soyabean,Soyabeen,FAQ,1069,1882,1750,5-Jun-10
987,Dharwad,Hubli (Amaragol),Soyabean,Soyabeen,FAQ,1960,1980,1980,4-Jun-10
988,Dharwad,Hubli (Amaragol),Soyabean,Soyabeen,FAQ,1159,1980,1789,3-Jun-10
989,Dharwad,Hubli (Amaragol),Soyabean,Soyabeen,FAQ,1251,1980,1750,31-May-10
990,Dharwad,Hubli (Amaragol),Soyabean,Soyabeen,FAQ,1161,1883,1711,29-May-10
991,Dharwad,Hubli (Amaragol),Soyabean,Soyabeen,Medium,1059,1726,1253,28-May-10
992,Dharwad,Hubli (Amaragol),Soyabean,Soyabeen,FAQ,1250,1950,1856,27-May-10
993,Dharwad,Hubli (Amaragol),Soyabean,Soyabeen,FAQ,1101,1910,1831,25-May-10
994,Dharwad,Hubli (Amaragol),Soyabean,Soyabeen,FAQ,1059,1890,1870,24-May-10
995,Dharwad,Hubli (Amaragol),Soyabean,Soyabeen,FAQ,1029,1910,1300,22-May-10
996,Dharwad,Hubli (Amaragol),Soyabean,Soyabeen,FAQ,1151,1860,1600,21-May-10
997,Dharwad,Hubli (Amaragol),Soyabean,Soyabeen,FAQ,1059,1880,1681,20-May-10
998,Dharwad,Hubli (Amaragol),Soyabean,Soyabeen,Medium,1129,1600,1331,19-May-10
999,Dharwad,Hubli (Amaragol),Soyabean,Soyabeen,Medium,1201,1650,1401,18-May-10
1000,Dharwad,Hubli (Amaragol),Soyabean,Soyabeen,FAQ,1351,1841,1723,15-May-10
1001,Dharwad,Hubli (Amaragol),Soyabean,Soyabeen,FAQ,1111,1900,1651,13-May-10
1002,Dharwad,Hubli (Amaragol),Soyabean,Soyabeen,FAQ,1910,1910,1910,12-May-10
1003,Dharwad,Hubli (Amaragol),Soyabean,Soyabeen,Medium,1281,1761,1761,11-May-10
1004,Dharwad,Hubli (Amaragol),Soyabean,Soyabeen,FAQ,1251,1930,1831,8-May-10
1005,Dharwad,Hubli (Amaragol),Soyabean,Soyabeen,FAQ,1225,1975,1806,6-May-10
1006,Dharwad,Hubli (Amaragol),Soyabean,Soyabeen,FAQ,1151,1950,1559,5-May-10
1007,Dharwad,Hubli (Amaragol),Soyabean,Soyabeen,FAQ,1975,1980,1980,3-May-10
1008,Dharwad,Hubli (Amaragol),Soyabean,Soyabeen,FAQ,1013,2050,1800,30-Apr-10
1009,Dharwad,Hubli (Amaragol),Soyabean,Soyabeen,FAQ,1089,1985,1502,29-Apr-10
1010,Dharwad,Hubli (Amaragol),Soyabean,Soyabeen,FAQ,1001,1970,1011,28-Apr-10
1011,Dharwad,Hubli (Amaragol),Soyabean,Soyabeen,Medium,1101,1725,1228,27-Apr-10
1012,Dharwad,Hubli (Amaragol),Soyabean,Soyabeen,Medium,1102,1711,1411,26-Apr-10
1013,Dharwad,Hubli (Amaragol),Soyabean,Soyabeen,FAQ,1059,1920,1801,24-Apr-10
1014,Dharwad,Hubli (Amaragol),Soyabean,Soyabeen,Medium,1221,1620,1351,23-Apr-10
1015,Dharwad,Hubli (Amaragol),Soyabean,Soyabeen,FAQ,1500,1950,1809,22-Apr-10
1016,Dharwad,Hubli (Amaragol),Soyabean,Soyabeen,Medium,1009,1051,1021,20-Apr-10
1017,Dharwad,Hubli (Amaragol),Soyabean,Soyabeen,FAQ,1111,2000,1850,19-Apr-10
1018,Dharwad,Hubli (Amaragol),Soyabean,Soyabeen,FAQ,1212,2010,1761,17-Apr-10
1019,Dharwad,Hubli (Amaragol),Soyabean,Soyabeen,FAQ,1180,2195,1540,15-Apr-10
1020,Dharwad,Hubli (Amaragol),Soyabean,Soyabeen,FAQ,1029,2030,2000,13-Apr-10
1021,Dharwad,Hubli (Amaragol),Soyabean,Soyabeen,FAQ,1302,2040,1879,12-Apr-10
1022,Dharwad,Hubli (Amaragol),Soyabean,Soyabeen,FAQ,1819,2060,1961,10-Apr-10
1023,Dharwad,Hubli (Amaragol),Soyabean,Soyabeen,FAQ,1239,1961,1739,8-Apr-10
1024,Dharwad,Hubli (Amaragol),Soyabean,Soyabeen,Medium,1119,1119,1119,7-Apr-10
1025,Dharwad,Hubli (Amaragol),Soyabean,Soyabeen,FAQ,1152,1977,1810,6-Apr-10
1026,Dharwad,Hubli (Amaragol),Soyabean,Soyabeen,FAQ,1159,2001,1979,5-Apr-10
1027,Dharwad,Hubli (Amaragol),Soyabean,Soyabeen,Medium,1189,1909,1801,3-Apr-10
1028,Dharwad,Hubli (Amaragol),Soyabean,Soyabeen,FAQ,1012,2085,1811,29-Mar-10
1029,Dharwad,Hubli (Amaragol),Soyabean,Soyabeen,FAQ,1209,2075,1821,27-Mar-10
1030,Dharwad,Hubli (Amaragol),Soyabean,Soyabeen,FAQ,1029,1800,1500,25-Mar-10
1031,Dharwad,Hubli (Amaragol),Soyabean,Soyabeen,Medium,1211,1980,1980,23-Mar-10
1032,Dharwad,Hubli (Amaragol),Soyabean,Soyabeen,Medium,1119,1980,1711,22-Mar-10
1033,Dharwad,Hubli (Amaragol),Soyabean,Soyabeen,FAQ,1059,2030,1079,20-Mar-10
1034,Dharwad,Hubli (Amaragol),Soyabean,Soyabeen,FAQ,1059,2000,1645,18-Mar-10
1035,Dharwad,Hubli (Amaragol),Soyabean,Soyabeen,Medium,1019,1109,1109,17-Mar-10
1036,Dharwad,Hubli (Amaragol),Soyabean,Soyabeen,Medium,1325,2050,1701,13-Mar-10
1037,Dharwad,Hubli (Amaragol),Soyabean,Soyabeen,FAQ,1790,1910,1850,12-Mar-10
1038,Dharwad,Hubli (Amaragol),Soyabean,Soyabeen,FAQ,1111,1959,1761,11-Mar-10
1039,Dharwad,Hubli (Amaragol),Soyabean,Soyabeen,FAQ,1925,2100,1925,10-Mar-10
1040,Dharwad,Hubli (Amaragol),Soyabean,Soyabeen,FAQ,1059,2039,1451,9-Mar-10
1041,Dharwad,Hubli (Amaragol),Soyabean,Soyabeen,FAQ,1429,2079,1719,8-Mar-10
1042,Dharwad,Hubli (Amaragol),Soyabean,Soyabeen,FAQ,1900,2150,1900,6-Mar-10
1043,Dharwad,Hubli (Amaragol),Soyabean,Soyabeen,FAQ,1059,2104,1900,5-Mar-10
1044,Dharwad,Hubli (Amaragol),Soyabean,Soyabeen,FAQ,2140,2140,2140,3-Mar-10
1045,Dharwad,Hubli (Amaragol),Soyabean,Soyabeen,FAQ,1119,2019,1786,2-Mar-10
1046,Dharwad,Hubli (Amaragol),Soyabean,Soyabeen,FAQ,1129,2140,2140,23-Feb-10
1047,Dharwad,Hubli (Amaragol),Soyabean,Soyabeen,FAQ,1720,2180,2069,18-Feb-10
1048,Dharwad,Hubli (Amaragol),Soyabean,Soyabeen,FAQ,1750,2180,1890,17-Feb-10
1049,Dharwad,Hubli (Amaragol),Soyabean,Soyabeen,FAQ,1800,2156,2156,16-Feb-10
1050,Dharwad,Hubli (Amaragol),Soyabean,Soyabeen,FAQ,1490,2220,2180,15-Feb-10
1051,Dharwad,Hubli (Amaragol),Soyabean,Soyabeen,FAQ,1189,2220,1989,11-Feb-10
1052,Dharwad,Hubli (Amaragol),Soyabean,Soyabeen,FAQ,1119,2200,1700,10-Feb-10
1053,Dharwad,Hubli (Amaragol),Soyabean,Soyabeen,FAQ,1356,2130,1356,9-Feb-10
1054,Dharwad,Hubli (Amaragol),Soyabean,Soyabeen,Medium,1359,2048,2029,8-Feb-10
1055,Dharwad,Hubli (Amaragol),Soyabean,Soyabeen,FAQ,1289,2109,1889,6-Feb-10
1056,Dharwad,Hubli (Amaragol),Soyabean,Soyabeen,FAQ,1600,1615,1610,5-Feb-10
1057,Dharwad,Hubli (Amaragol),Soyabean,Soyabeen,FAQ,1301,2038,1956,4-Feb-10
1058,Dharwad,Hubli (Amaragol),Soyabean,Soyabeen,Medium,1710,2040,2040,2-Feb-10
1059,Dharwad,Hubli (Amaragol),Soyabean,Soyabeen,Medium,1309,1929,1429,1-Feb-10
1060,Dharwad,Hubli (Amaragol),Soyabean,Soyabeen,Medium,1301,2000,1909,30-Jan-10
1061,Dharwad,Hubli (Amaragol),Soyabean,Soyabeen,FAQ,1389,2110,1761,29-Jan-10
1062,Dharwad,Hubli (Amaragol),Soyabean,Soyabeen,FAQ,1309,2139,1909,28-Jan-10
1063,Dharwad,Hubli (Amaragol),Soyabean,Soyabeen,FAQ,1609,2200,2059,27-Jan-10
1064,Dharwad,Hubli (Amaragol),Soyabean,Soyabeen,FAQ,2059,2181,2089,25-Jan-10
1065,Dharwad,Hubli (Amaragol),Soyabean,Soyabeen,Medium,1401,2089,1889,23-Jan-10
1066,Dharwad,Hubli (Amaragol),Soyabean,Soyabeen,Medium,1401,1401,1401,22-Jan-10
1067,Dharwad,Hubli (Amaragol),Soyabean,Soyabeen,Medium,1256,2189,1869,21-Jan-10
1068,Dharwad,Hubli (Amaragol),Soyabean,Soyabeen,FAQ,1450,2109,1709,18-Jan-10
1069,Dharwad,Hubli (Amaragol),Soyabean,Soyabeen,Large,1289,1526,1405,16-Jan-10
1070,Dharwad,Hubli (Amaragol),Soyabean,Soyabeen,Medium,1409,1409,1409,13-Jan-10
1071,Dharwad,Hubli (Amaragol),Soyabean,Soyabeen,FAQ,1409,1409,1409,13-Jan-10
1072,Dharwad,Hubli (Amaragol),Soyabean,Soyabeen,Medium,1301,1901,1811,12-Jan-10
1073,Dharwad,Hubli (Amaragol),Soyabean,Soyabeen,FAQ,1389,2160,1709,11-Jan-10
1074,Dharwad,Hubli (Amaragol),Soyabean,Soyabeen,Medium,1429,1429,1429,9-Jan-10
1075,Dharwad,Hubli (Amaragol),Soyabean,Soyabeen,Medium,1425,1425,1425,8-Jan-10
1076,Dharwad,Hubli (Amaragol),Soyabean,Soyabeen,FAQ,1425,1425,1425,8-Jan-10
1077,Dharwad,Hubli (Amaragol),Soyabean,Soyabeen,FAQ,1111,2309,2000,7-Jan-10
1078,Dharwad,Hubli (Amaragol),Soyabean,Soyabeen,Medium,1429,1589,1509,5-Jan-10
1079,Dharwad,Hubli (Amaragol),Soyabean,Soyabeen,FAQ,1369,2219,1887,4-Jan-10
1080,Dharwad,Hubli (Amaragol),Soyabean,Soyabeen,FAQ,1111,2210,1819,2-Jan-10
1081,Dharwad,Hubli (Amaragol),Soyabean,Soyabeen,Medium,1669,2059,1859,1-Jan-10
1082,Bidar,Humanabad,Soyabean,Soyabeen,Medium,2176,2176,2176,31-Dec-10
1083,Bidar,Humanabad,Soyabean,Soyabeen,Medium,1500,2100,2000,29-Dec-10
1084,Bidar,Humanabad,Soyabean,Soyabeen,Medium,1950,1950,1950,10-Dec-10
1085,Bidar,Humanabad,Soyabean,Soyabeen,Medium,1700,1981,1860,9-Dec-10
1086,Bidar,Humanabad,Soyabean,Soyabeen,Medium,1701,1950,1800,8-Dec-10
1087,Bidar,Humanabad,Soyabean,Soyabeen,Medium,1600,2000,1781,7-Dec-10
1088,Bidar,Humanabad,Soyabean,Soyabeen,Medium,2025,2025,2025,3-Dec-10
1089,Bidar,Humanabad,Soyabean,Soyabeen,Medium,1385,2000,1900,1-Dec-10
1090,Bidar,Humanabad,Soyabean,Soyabeen,Medium,1499,1950,1850,30-Nov-10
1091,Bidar,Humanabad,Soyabean,Soyabeen,Medium,1600,1825,1800,28-Nov-10
1092,Bidar,Humanabad,Soyabean,Soyabeen,Medium,1600,1825,1800,27-Nov-10
1093,Bidar,Humanabad,Soyabean,Soyabeen,Medium,2000,2000,2000,26-Nov-10
1094,Bidar,Humanabad,Soyabean,Soyabeen,Medium,2000,2000,2000,25-Nov-10
1095,Bidar,Humanabad,Soyabean,Soyabeen,Medium,1525,2051,1951,23-Nov-10
1096,Bidar,Humanabad,Soyabean,Soyabeen,Medium,1470,1950,1850,20-Nov-10
1097,Bidar,Humanabad,Soyabean,Soyabeen,Medium,1800,1900,1850,19-Nov-10
1098,Bidar,Humanabad,Soyabean,Soyabeen,Medium,1400,1900,1850,16-Nov-10
1099,Bidar,Humanabad,Soyabean,Soyabeen,Medium,1700,1951,1900,14-Nov-10
1100,Bidar,Humanabad,Soyabean,Soyabeen,Medium,1700,1901,1800,30-Oct-10
1101,Bidar,Humanabad,Soyabean,Soyabeen,Medium,1550,1701,1650,6-Oct-10
1102,Bidar,Humanabad,Soyabean,Soyabeen,Medium,1701,1701,1701,23-Sep-10
1103,Bidar,Humanabad,Soyabean,Soyabeen,Medium,1650,1650,1650,26-Aug-10
1104,Bidar,Humanabad,Soyabean,Soyabeen,Medium,1745,1745,1745,25-Aug-10
1105,Bidar,Humanabad,Soyabean,Soyabeen,Medium,1765,1765,1765,11-Aug-10
1106,Bidar,Humanabad,Soyabean,Soyabeen,Medium,1751,1751,1751,1-Aug-10
1107,Bidar,Humanabad,Soyabean,Soyabeen,Medium,1851,1851,1851,28-Jul-10
1108,Bidar,Humanabad,Soyabean,Soyabeen,Medium,1800,1800,1800,17-Jul-10
1109,Bidar,Humanabad,Soyabean,Soyabeen,Medium,1752,1752,1752,13-Jul-10
1110,Bidar,Humanabad,Soyabean,Soyabeen,Medium,1730,1730,1730,8-Jul-10
1111,Bidar,Humanabad,Soyabean,Soyabeen,Medium,1762,1762,1762,6-Jul-10
1112,Bidar,Humanabad,Soyabean,Soyabeen,Medium,1745,1745,1745,30-Jun-10
1113,Bidar,Humanabad,Soyabean,Soyabeen,Medium,1630,1630,1630,29-Jun-10
1114,Bidar,Humanabad,Soyabean,Soyabeen,Medium,1700,1700,1700,25-Jun-10
1115,Bidar,Humanabad,Soyabean,Soyabeen,Medium,1690,1690,1690,19-Jun-10
1116,Bidar,Humanabad,Soyabean,Soyabeen,Medium,1725,1725,1725,8-Jun-10
1117,Bidar,Humanabad,Soyabean,Soyabeen,Medium,1750,1750,1750,24-Apr-10
1118,Bidar,Humanabad,Soyabean,Soyabeen,Medium,1715,1715,1715,22-Apr-10
1119,Bidar,Humanabad,Soyabean,Soyabeen,Medium,1891,1891,1891,21-Apr-10
1120,Bidar,Humanabad,Soyabean,Soyabeen,Medium,2111,2111,2111,16-Apr-10
1121,Bidar,Humanabad,Soyabean,Soyabeen,Medium,1831,1834,1831,10-Apr-10
1122,Bidar,Humanabad,Soyabean,Soyabeen,Medium,1885,1885,1885,13-Mar-10
1123,Bidar,Humanabad,Soyabean,Soyabeen,Medium,2100,2100,2100,10-Jan-10
1124,Bidar,Humanabad,Soyabean,Soyabeen,Medium,2000,2100,2100,3-Jan-10
1125,Bidar,Humanabad,Soyabean,Soyabeen,Medium,2000,2176,2000,2-Jan-10
1126,Bagalkot,Jamakhandi,Soyabean,Soyabeen,Medium,1700,1700,1700,12-Oct-10
1127,Dharwad,Kalagategi,Soyabean,Soyabeen,FAQ,1950,2030,1980,30-Oct-10
1128,Dharwad,Kalagategi,Soyabean,Soyabeen,FAQ,1900,1970,1930,23-Oct-10
1129,Dharwad,Kalagategi,Soyabean,Soyabeen,FAQ,1930,2010,1980,27-Sep-10
1130,Dharwad,Kalagategi,Soyabean,Soyabeen,FAQ,1930,2006,1970,23-Sep-10
1131,Dharwad,Kalagategi,Soyabean,Soyabeen,FAQ,1900,1980,1950,22-Sep-10
1132,Dharwad,Kalagategi,Soyabean,Soyabeen,FAQ,1920,1985,1950,20-Sep-10
1133,Dharwad,Kalagategi,Soyabean,Soyabeen,FAQ,2020,2090,2060,6-Aug-10
1134,Dharwad,Kalagategi,Soyabean,Soyabeen,FAQ,2020,2084,2050,5-Aug-10
1135,Dharwad,Kalagategi,Soyabean,Soyabeen,FAQ,2050,2104,2080,2-Aug-10
1136,Dharwad,Kalagategi,Soyabean,Soyabeen,FAQ,1950,2105,1980,1-Aug-10
1137,Dharwad,Kalagategi,Soyabean,Soyabeen,FAQ,2010,2067,2040,31-Jul-10
1138,Dharwad,Kalagategi,Soyabean,Soyabeen,FAQ,2020,2080,2050,30-Jul-10
1139,Dharwad,Kalagategi,Soyabean,Soyabeen,FAQ,2010,2080,2050,26-Jul-10
1140,Dharwad,Kalagategi,Soyabean,Soyabeen,FAQ,1970,2026,2000,16-Jul-10
1141,Dharwad,Kalagategi,Soyabean,Soyabeen,FAQ,1920,1996,1960,15-Jul-10
1142,Dharwad,Kalagategi,Soyabean,Soyabeen,FAQ,1920,2000,1960,14-Jul-10
1143,Dharwad,Kalagategi,Soyabean,Soyabeen,FAQ,1920,2000,1950,13-Jul-10
1144,Dharwad,Kalagategi,Soyabean,Soyabeen,FAQ,1940,2000,1960,12-Jul-10
1145,Dharwad,Kalagategi,Soyabean,Soyabeen,FAQ,1910,1970,1940,5-Jul-10
1146,Dharwad,Kalagategi,Soyabean,Soyabeen,FAQ,1900,1965,1930,3-Jul-10
1147,Dharwad,Kalagategi,Soyabean,Soyabeen,FAQ,1930,1986,1950,30-Jun-10
1148,Dharwad,Kalagategi,Soyabean,Soyabeen,FAQ,1920,1980,1950,29-Jun-10
1149,Dharwad,Kalagategi,Soyabean,Soyabeen,FAQ,1900,1960,1930,28-Jun-10
1150,Dharwad,Kalagategi,Soyabean,Soyabeen,FAQ,1900,1945,1920,26-Jun-10
1151,Dharwad,Kalagategi,Soyabean,Soyabeen,FAQ,1880,1935,1900,25-Jun-10
1152,Dharwad,Kalagategi,Soyabean,Soyabeen,FAQ,1850,1910,1880,22-Jun-10
1153,Dharwad,Kalagategi,Soyabean,Soyabeen,FAQ,1880,1920,1900,11-Jun-10
1154,Dharwad,Kalagategi,Soyabean,Soyabeen,FAQ,1910,1960,1940,9-Jun-10
1155,Dharwad,Kalagategi,Soyabean,Soyabeen,FAQ,1880,1940,1920,8-Jun-10
1156,Dharwad,Kalagategi,Soyabean,Soyabeen,FAQ,1940,1980,1960,28-May-10
1157,Dharwad,Kalagategi,Soyabean,Soyabeen,FAQ,1910,1962,1940,7-May-10
1158,Dharwad,Kalagategi,Soyabean,Soyabeen,FAQ,1930,1970,1950,6-May-10
1159,Dharwad,Kalagategi,Soyabean,Soyabeen,FAQ,1920,1960,1940,5-May-10
1160,Dharwad,Kalagategi,Soyabean,Soyabeen,FAQ,1930,1970,1950,3-May-10
1161,Dharwad,Kalagategi,Soyabean,Soyabeen,FAQ,1930,1975,1950,30-Apr-10
1162,Dharwad,Kalagategi,Soyabean,Soyabeen,Medium,1930,1975,1950,29-Apr-10
1163,Dharwad,Kalagategi,Soyabean,Soyabeen,FAQ,2040,2075,2060,27-Mar-10
1164,Dharwad,Kalagategi,Soyabean,Soyabeen,FAQ,2040,2075,2060,26-Mar-10
1165,Dharwad,Kalagategi,Soyabean,Soyabeen,FAQ,1950,2040,2000,19-Mar-10
1166,Dharwad,Kalagategi,Soyabean,Soyabeen,FAQ,2060,2110,2080,11-Mar-10
1167,Dharwad,Kalagategi,Soyabean,Soyabeen,FAQ,2080,2130,2100,5-Feb-10
1168,Dharwad,Kalagategi,Soyabean,Soyabeen,FAQ,2030,2080,2060,3-Feb-10
1169,Dharwad,Kalagategi,Soyabean,Soyabeen,FAQ,2120,2170,2120,1-Feb-10
1170,Dharwad,Kalagategi,Soyabean,Soyabeen,FAQ,2030,2080,2060,30-Jan-10
1171,Dharwad,Kalagategi,Soyabean,Soyabeen,FAQ,2080,2140,2110,29-Jan-10
1172,Dharwad,Kalagategi,Soyabean,Soyabeen,FAQ,2120,2180,2150,28-Jan-10
1173,Dharwad,Kalagategi,Soyabean,Soyabeen,FAQ,2160,2210,2180,25-Jan-10
1174,Dharwad,Kalagategi,Soyabean,Soyabeen,FAQ,2160,2210,2180,24-Jan-10
1175,Dharwad,Kalagategi,Soyabean,Soyabeen,FAQ,2160,2230,2180,21-Jan-10
1176,Dharwad,Kalagategi,Soyabean,Soyabeen,FAQ,2150,2210,2180,20-Jan-10
1177,Dharwad,Kalagategi,Soyabean,Soyabeen,FAQ,2140,2194,2160,19-Jan-10
1178,Dharwad,Kalagategi,Soyabean,Soyabeen,FAQ,2200,2220,2200,18-Jan-10
1179,Dharwad,Kalagategi,Soyabean,Soyabeen,FAQ,2220,2260,2240,16-Jan-10
1180,Dharwad,Kalagategi,Soyabean,Soyabeen,FAQ,2220,2260,2240,15-Jan-10
1181,Dharwad,Kalagategi,Soyabean,Soyabeen,FAQ,2220,2260,2240,13-Jan-10
1182,Dharwad,Kalagategi,Soyabean,Soyabeen,FAQ,2220,2260,2240,12-Jan-10
1183,Dharwad,Kalagategi,Soyabean,Soyabeen,FAQ,2260,2270,2270,11-Jan-10
1184,Dharwad,Kalagategi,Soyabean,Soyabeen,FAQ,2260,2300,2300,9-Jan-10
1185,Dharwad,Kalagategi,Soyabean,Soyabeen,FAQ,2260,2260,2260,8-Jan-10
1186,Dharwad,Kalagategi,Soyabean,Soyabeen,FAQ,2265,2294,2280,6-Jan-10
1187,Dharwad,Kalagategi,Soyabean,Soyabeen,FAQ,2230,2290,2260,4-Jan-10
1188,Dharwad,Kalagategi,Soyabean,Soyabeen,FAQ,2260,2290,2280,2-Jan-10
1189,Dharwad,Kalagategi,Soyabean,Soyabeen,FAQ,2200,2270,2230,1-Jan-10
1190,Dharwad,Kundagol,Soyabean,Soyabeen,FAQ,1658,1658,1658,22-Jun-10
1191,Dharwad,Kundagol,Soyabean,Soyabeen,FAQ,1749,1749,1749,1-Jun-10
1192,Gadag,Laxmeshwar,Soyabean,Soyabeen,FAQ,1447,1768,1660,30-Jul-10
1193,Gadag,Laxmeshwar,Soyabean,Soyabeen,FAQ,1269,1280,1270,4-May-10
1194,Gadag,Laxmeshwar,Soyabean,Soyabeen,FAQ,1289,1289,1289,12-Apr-10
1195,Gadag,Laxmeshwar,Soyabean,Soyabeen,FAQ,2090,2090,2090,5-Jan-10
1196,Belgaum,Nippani,Soyabean,Other,FAQ,2000,2000,2000,10-Dec-10
1197,Belgaum,Nippani,Soyabean,Other,FAQ,1600,1600,1600,29-Oct-10
1198,Belgaum,Nippani,Soyabean,Other,FAQ,1700,1700,1700,15-Oct-10
1199,Belgaum,Nippani,Soyabean,Soyabeen,FAQ,1800,1800,1800,13-Oct-10
1200,Belgaum,Nippani,Soyabean,Other,FAQ,1650,1650,1650,8-Oct-10
1201,Belgaum,Nippani,Soyabean,Other,FAQ,1500,1700,1600,5-Oct-10
1202,Belgaum,Nippani,Soyabean,Other,FAQ,1600,1700,1600,1-Oct-10
1203,Belgaum,Nippani,Soyabean,Other,FAQ,1600,1600,1600,27-Sep-10
1204,Belgaum,Nippani,Soyabean,Soyabeen,FAQ,1700,1700,1700,25-Sep-10
1205,Belgaum,Nippani,Soyabean,Other,FAQ,1600,1600,1600,25-Sep-10
1206,Belgaum,Nippani,Soyabean,Other,FAQ,1600,1600,1600,20-Sep-10
1207,Belgaum,Nippani,Soyabean,Other,FAQ,1500,1500,1500,24-May-10
1208,Belgaum,Nippani,Soyabean,Other,FAQ,1200,1200,1200,15-May-10
1209,Belgaum,Nippani,Soyabean,Other,FAQ,2000,2000,2000,12-May-10
1210,Belgaum,Nippani,Soyabean,Other,FAQ,1700,2200,1850,6-May-10
1211,Belgaum,Nippani,Soyabean,Other,FAQ,2000,2000,2000,27-Apr-10
1212,Belgaum,Nippani,Soyabean,Soyabeen,FAQ,1800,2200,2000,6-Mar-10
1213,Belgaum,Sankeshwar,Soyabean,Soyabeen,FAQ,2000,2075,2050,29-Dec-10
1214,Belgaum,Sankeshwar,Soyabean,Soyabeen,FAQ,2000,2050,2025,10-Dec-10
1215,Belgaum,Sankeshwar,Soyabean,Soyabeen,FAQ,2050,2150,2100,8-Dec-10
1216,Belgaum,Sankeshwar,Soyabean,Soyabeen,FAQ,2000,2050,2025,7-Dec-10
1217,Belgaum,Sankeshwar,Soyabean,Soyabeen,FAQ,2000,2025,2010,6-Dec-10
1218,Belgaum,Sankeshwar,Soyabean,Soyabeen,FAQ,2000,2050,2025,4-Dec-10
1219,Belgaum,Sankeshwar,Soyabean,Soyabeen,FAQ,1900,2000,1950,1-Dec-10
1220,Belgaum,Sankeshwar,Soyabean,Soyabeen,FAQ,2000,2000,2000,12-Nov-10
1221,Belgaum,Sankeshwar,Soyabean,Soyabeen,FAQ,1900,1950,1925,3-Nov-10
1222,Belgaum,Sankeshwar,Soyabean,Soyabeen,FAQ,1800,1900,1850,2-Nov-10
1223,Belgaum,Sankeshwar,Soyabean,Soyabeen,FAQ,1900,2000,1950,29-Oct-10
1224,Belgaum,Sankeshwar,Soyabean,Soyabeen,FAQ,1800,2000,1900,25-Oct-10
1225,Belgaum,Sankeshwar,Soyabean,Soyabeen,FAQ,1800,1950,1900,23-Oct-10
1226,Belgaum,Sankeshwar,Soyabean,Soyabeen,FAQ,1900,2000,1950,20-Oct-10
1227,Belgaum,Sankeshwar,Soyabean,Soyabeen,FAQ,1900,2000,1950,15-Oct-10
1228,Belgaum,Sankeshwar,Soyabean,Soyabeen,FAQ,1700,1900,1850,14-Oct-10
1229,Belgaum,Sankeshwar,Soyabean,Soyabeen,FAQ,1700,1900,1800,13-Oct-10
1230,Belgaum,Sankeshwar,Soyabean,Soyabeen,FAQ,1750,1900,1850,12-Oct-10
1231,Belgaum,Sankeshwar,Soyabean,Soyabeen,FAQ,1800,1900,1850,11-Oct-10
1232,Belgaum,Sankeshwar,Soyabean,Soyabeen,FAQ,1700,1800,1750,8-Oct-10
1233,Belgaum,Sankeshwar,Soyabean,Soyabeen,FAQ,1600,1700,1650,6-Oct-10
1234,Belgaum,Sankeshwar,Soyabean,Soyabeen,FAQ,1800,1850,1825,30-Sep-10
1235,Belgaum,Sankeshwar,Soyabean,Soyabeen,FAQ,1800,1850,1825,29-Sep-10
1236,Belgaum,Sankeshwar,Soyabean,Soyabeen,FAQ,1800,1900,1850,28-Sep-10
1237,Belgaum,Sankeshwar,Soyabean,Soyabeen,FAQ,1800,1900,1850,27-Sep-10
1238,Belgaum,Sankeshwar,Soyabean,Soyabeen,FAQ,1650,1850,1750,24-Sep-10
1239,Belgaum,Sankeshwar,Soyabean,Soyabeen,FAQ,1600,1800,1700,23-Sep-10
1240,Belgaum,Sankeshwar,Soyabean,Soyabeen,FAQ,1600,1800,1700,22-Sep-10
1241,Belgaum,Sankeshwar,Soyabean,Soyabeen,FAQ,1800,1880,1850,21-Sep-10
1242,Belgaum,Sankeshwar,Soyabean,Soyabeen,FAQ,1700,1920,1850,30-Aug-10
1243,Belgaum,Sankeshwar,Soyabean,Soyabeen,FAQ,1800,2000,1900,27-Aug-10
1244,Belgaum,Sankeshwar,Soyabean,Soyabeen,FAQ,1800,2000,1900,24-Aug-10
1245,Belgaum,Sankeshwar,Soyabean,Soyabeen,FAQ,1800,2000,1900,23-Aug-10
1246,Belgaum,Sankeshwar,Soyabean,Soyabeen,FAQ,1900,2010,1950,21-Aug-10
1247,Belgaum,Sankeshwar,Soyabean,Soyabeen,FAQ,1800,2000,1950,19-Aug-10
1248,Belgaum,Sankeshwar,Soyabean,Soyabeen,FAQ,1800,1980,1900,18-Aug-10
1249,Belgaum,Sankeshwar,Soyabean,Soyabeen,FAQ,1800,2000,1900,17-Aug-10
1250,Belgaum,Sankeshwar,Soyabean,Soyabeen,FAQ,1900,2000,1950,16-Aug-10
1251,Belgaum,Sankeshwar,Soyabean,Soyabeen,FAQ,1850,1980,1900,10-Aug-10
1252,Belgaum,Sankeshwar,Soyabean,Soyabeen,FAQ,1900,2030,1950,9-Aug-10
1253,Belgaum,Sankeshwar,Soyabean,Soyabeen,FAQ,1900,2000,1950,6-Aug-10
1254,Belgaum,Sankeshwar,Soyabean,Soyabeen,FAQ,1800,1900,1850,4-Aug-10
1255,Belgaum,Sankeshwar,Soyabean,Soyabeen,FAQ,1900,2000,1950,3-Aug-10
1256,Belgaum,Sankeshwar,Soyabean,Soyabeen,FAQ,1900,2000,1950,2-Aug-10
1257,Belgaum,Sankeshwar,Soyabean,Soyabeen,FAQ,1700,1800,1750,23-Jul-10
1258,Belgaum,Sankeshwar,Soyabean,Soyabeen,FAQ,1850,1980,1900,22-Jul-10
1259,Belgaum,Sankeshwar,Soyabean,Soyabeen,FAQ,1800,2000,1900,20-Jul-10
1260,Belgaum,Sankeshwar,Soyabean,Soyabeen,FAQ,1800,1840,1820,14-Jul-10
1261,Belgaum,Sankeshwar,Soyabean,Soyabeen,FAQ,1700,1880,1800,12-Jul-10
1262,Belgaum,Sankeshwar,Soyabean,Soyabeen,FAQ,1850,2000,1950,9-Jul-10
1263,Belgaum,Sankeshwar,Soyabean,Soyabeen,FAQ,1900,1900,1900,7-Jul-10
1264,Belgaum,Sankeshwar,Soyabean,Soyabeen,FAQ,1850,1880,1870,2-Jul-10
1265,Belgaum,Sankeshwar,Soyabean,Soyabeen,FAQ,1850,1850,1850,1-Jul-10
1266,Belgaum,Sankeshwar,Soyabean,Soyabeen,FAQ,1850,1850,1850,30-Jun-10
1267,Belgaum,Sankeshwar,Soyabean,Soyabeen,FAQ,1800,1800,1800,29-Jun-10
1268,Belgaum,Sankeshwar,Soyabean,Soyabeen,FAQ,1800,1850,1840,14-Jun-10
1269,Belgaum,Sankeshwar,Soyabean,Soyabeen,FAQ,1800,1875,1850,8-Jun-10
1270,Belgaum,Sankeshwar,Soyabean,Soyabeen,FAQ,1800,1800,1800,2-Jun-10
1271,Belgaum,Sankeshwar,Soyabean,Soyabeen,FAQ,1800,1800,1800,11-May-10
1272,Belgaum,Sankeshwar,Soyabean,Soyabeen,FAQ,1800,1800,1800,27-Apr-10
1273,Belgaum,Sankeshwar,Soyabean,Soyabeen,FAQ,1750,1750,1750,17-Apr-10
1274,Belgaum,Sankeshwar,Soyabean,Soyabeen,FAQ,1900,1900,1900,30-Mar-10
1275,Belgaum,Sankeshwar,Soyabean,Soyabeen,FAQ,1724,1724,1724,19-Mar-10
1276,Belgaum,Sankeshwar,Soyabean,Soyabeen,FAQ,1726,2000,1850,11-Mar-10
1277,Belgaum,Sankeshwar,Soyabean,Soyabeen,FAQ,2000,2000,2000,22-Feb-10
1278,Belgaum,Sankeshwar,Soyabean,Soyabeen,FAQ,2000,2000,2000,19-Feb-10
1279,Belgaum,Sankeshwar,Soyabean,Soyabeen,FAQ,2000,2100,2050,8-Feb-10
1280,Belgaum,Sankeshwar,Soyabean,Soyabeen,FAQ,1950,2050,2040,5-Feb-10
1281,Belgaum,Sankeshwar,Soyabean,Soyabeen,FAQ,2000,2050,2000,3-Feb-10
1282,Belgaum,Sankeshwar,Soyabean,Soyabeen,FAQ,2100,2100,2100,28-Jan-10
1283,Belgaum,Sankeshwar,Soyabean,Soyabeen,FAQ,2000,2000,2000,27-Jan-10
1284,Belgaum,Sankeshwar,Soyabean,Soyabeen,FAQ,2100,2100,2100,23-Jan-10
1285,Belgaum,Sankeshwar,Soyabean,Soyabeen,FAQ,2000,2100,2050,21-Jan-10
1286,Belgaum,Sankeshwar,Soyabean,Soyabeen,FAQ,1700,2000,1850,19-Jan-10
1287,Belgaum,Sankeshwar,Soyabean,Soyabeen,FAQ,2200,2200,2200,6-Jan-10
1288,Belgaum,Sankeshwar,Soyabean,Soyabeen,FAQ,2100,2100,2100,1-Jan-10
1289,Haveri,Savanur,Soyabean,Soyabeen,FAQ,2000,2099,2050,27-Dec-10
1290,Haveri,Savanur,Soyabean,Soyabeen,FAQ,1789,1874,1831,30-Oct-10
1291,Haveri,Savanur,Soyabean,Soyabeen,FAQ,1860,1980,1920,25-Oct-10
1292,Haveri,Savanur,Soyabean,Soyabeen,FAQ,1969,2019,1994,14-Oct-10
1293,Haveri,Savanur,Soyabean,Soyabeen,FAQ,1859,1889,1874,8-Jul-10
1294,Haveri,Savanur,Soyabean,Soyabeen,FAQ,1859,1868,1860,28-Jun-10
1295,Haveri,Savanur,Soyabean,Soyabeen,FAQ,1669,1832,1751,14-Jun-10
1296,Haveri,Savanur,Soyabean,Soyabeen,FAQ,1716,1849,1783,10-Jun-10
1297,Haveri,Savanur,Soyabean,Soyabeen,FAQ,1694,1846,1770,7-Jun-10
1298,Haveri,Savanur,Soyabean,Soyabeen,FAQ,1744,1859,1802,24-May-10
1299,Haveri,Savanur,Soyabean,Soyabeen,FAQ,1746,1746,1746,20-May-10
1300,Haveri,Savanur,Soyabean,Soyabeen,FAQ,1625,1851,1738,17-May-10
1301,Haveri,Savanur,Soyabean,Soyabeen,FAQ,1810,1810,1810,10-May-10
1302,Haveri,Savanur,Soyabean,Soyabeen,FAQ,1969,1969,1969,3-May-10
1303,Haveri,Savanur,Soyabean,Soyabeen,FAQ,1568,1888,1728,1-Apr-10
1304,Haveri,Savanur,Soyabean,Soyabeen,FAQ,1749,2289,2019,22-Mar-10
1305,Haveri,Savanur,Soyabean,Soyabeen,FAQ,1748,1989,1869,20-Mar-10
1306,Haveri,Savanur,Soyabean,Soyabeen,FAQ,1748,1989,1869,18-Mar-10
1307,Haveri,Savanur,Soyabean,Soyabeen,FAQ,1819,2089,1954,8-Mar-10
1308,Haveri,Savanur,Soyabean,Soyabeen,FAQ,1869,2109,1989,3-Mar-10
1309,Haveri,Savanur,Soyabean,Soyabeen,FAQ,1859,2169,2014,2-Mar-10
1310,Haveri,Savanur,Soyabean,Soyabeen,FAQ,1689,2103,1896,23-Feb-10
1311,Haveri,Savanur,Soyabean,Soyabeen,FAQ,1840,2161,2001,18-Feb-10
1312,Haveri,Savanur,Soyabean,Soyabeen,FAQ,1869,2191,2030,15-Feb-10
1313,Haveri,Savanur,Soyabean,Soyabeen,FAQ,1874,2190,2032,11-Feb-10
1314,Haveri,Savanur,Soyabean,Soyabeen,FAQ,1819,2139,1979,8-Feb-10
1315,Haveri,Savanur,Soyabean,Soyabeen,FAQ,1909,2079,1994,6-Feb-10
1316,Haveri,Savanur,Soyabean,Soyabeen,FAQ,1649,2059,1854,3-Feb-10
1317,Haveri,Savanur,Soyabean,Soyabeen,FAQ,1745,1989,1867,2-Feb-10
1318,Haveri,Savanur,Soyabean,Soyabeen,FAQ,1869,2029,1949,1-Feb-10
1319,Haveri,Savanur,Soyabean,Soyabeen,FAQ,1889,2110,2000,28-Jan-10
1320,Haveri,Savanur,Soyabean,Soyabeen,FAQ,1892,2096,1994,27-Jan-10
1321,Haveri,Savanur,Soyabean,Soyabeen,FAQ,2089,2170,2129,25-Jan-10
1322,Haveri,Savanur,Soyabean,Soyabeen,FAQ,1869,2179,2024,21-Jan-10
1323,Haveri,Savanur,Soyabean,Soyabeen,FAQ,1910,2129,1915,19-Jan-10
1324,Haveri,Savanur,Soyabean,Soyabeen,FAQ,2149,2179,2164,18-Jan-10
1325,Haveri,Savanur,Soyabean,Soyabeen,FAQ,2169,2189,2179,16-Jan-10
1326,Haveri,Savanur,Soyabean,Soyabeen,FAQ,2001,2209,2105,13-Jan-10
1327,Haveri,Savanur,Soyabean,Soyabeen,FAQ,1944,2219,2082,12-Jan-10
1328,Haveri,Savanur,Soyabean,Soyabeen,FAQ,1959,2239,2099,11-Jan-10
1329,Haveri,Savanur,Soyabean,Soyabeen,FAQ,2169,2296,2232,9-Jan-10
1330,Haveri,Savanur,Soyabean,Soyabeen,FAQ,1987,2269,2128,7-Jan-10
1331,Haveri,Savanur,Soyabean,Soyabeen,FAQ,1900,2279,2135,6-Jan-10
1332,Haveri,Savanur,Soyabean,Soyabeen,FAQ,2070,2329,2200,5-Jan-10
1333,Haveri,Savanur,Soyabean,Soyabeen,FAQ,2289,2329,2309,4-Jan-10
1334,Haveri,Savanur,Soyabean,Soyabeen,FAQ,1918,2236,2077,2-Jan-10
1335,Shimoga,Shimoga,Soyabean,Soyabeen,FAQ,8000,8000,8000,5-Apr-10
1336,Belgaum,Soundati,Soyabean,Soyabeen,FAQ,1895,2010,1985,22-Sep-10
