"Min,Max,Modal Price from Karnataka[Arhar Dal(Tur Dal)] from 01-Jan-2015To31-Dec-2015 (Total-924) (Total-924)",,,,,,,,,
Sl no.,District Name,Market Name,Commodity,Variety,Grade,Min Price (Rs./Quintal),Max Price (Rs./Quintal),Modal Price (Rs./Quintal),Price Date
234,Bangalore,Bangalore,Arhar Dal(Tur Dal),Arhar Dal(Tur),FAQ,7000,9000,8000,1-Jan-15
570,Gadag,Laxmeshwar,Arhar Dal(Tur Dal),Arhar Dal(Tur),FAQ,2808,4166,3719,1-Jan-15
714,Mysore,Mysore (Bandipalya),Arhar Dal(Tur Dal),Arhar Dal(Tur),FAQ,7500,8500,8000,1-Jan-15
916,Shimoga,Shimoga,Arhar Dal(Tur Dal),Arhar Dal(Tur),FAQ,7000,7500,7250,1-Jan-15
233,Bangalore,Bangalore,Arhar Dal(Tur Dal),Arhar Dal(Tur),FAQ,6800,9000,8000,2-Jan-15
434,Udupi,Kundapura,Arhar Dal(Tur Dal),Arhar Dal(Tur),FAQ,6600,7025,7000,2-Jan-15
569,Gadag,Laxmeshwar,Arhar Dal(Tur Dal),Arhar Dal(Tur),FAQ,4078,4269,4180,2-Jan-15
713,Mysore,Mysore (Bandipalya),Arhar Dal(Tur Dal),Arhar Dal(Tur),FAQ,7400,8400,7900,2-Jan-15
728,Belgaum,Nippani,Arhar Dal(Tur Dal),Arhar Dal(Tur),FAQ,1660,1660,1660,2-Jan-15
915,Shimoga,Shimoga,Arhar Dal(Tur Dal),Arhar Dal(Tur),FAQ,7000,7500,7250,2-Jan-15
232,Bangalore,Bangalore,Arhar Dal(Tur Dal),Arhar Dal(Tur),FAQ,6800,9000,8000,3-Jan-15
568,Gadag,Laxmeshwar,Arhar Dal(Tur Dal),Arhar Dal(Tur),FAQ,4088,4368,4190,3-Jan-15
914,Shimoga,Shimoga,Arhar Dal(Tur Dal),Arhar Dal(Tur),FAQ,7000,7500,7250,3-Jan-15
231,Bangalore,Bangalore,Arhar Dal(Tur Dal),Arhar Dal(Tur),FAQ,6800,9000,8000,5-Jan-15
288,Kolar,Bangarpet,Arhar Dal(Tur Dal),Arhar Dal(Tur),FAQ,6500,7100,6800,5-Jan-15
567,Gadag,Laxmeshwar,Arhar Dal(Tur Dal),Arhar Dal(Tur),FAQ,4308,5005,4379,5-Jan-15
913,Shimoga,Shimoga,Arhar Dal(Tur Dal),Arhar Dal(Tur),FAQ,7000,7500,7250,5-Jan-15
34,Hassan,Arasikere,Arhar Dal(Tur Dal),Arhar Dal(Tur),FAQ,6950,6950,6950,6-Jan-15
230,Bangalore,Bangalore,Arhar Dal(Tur Dal),Arhar Dal(Tur),FAQ,6800,9000,7800,6-Jan-15
287,Kolar,Bangarpet,Arhar Dal(Tur Dal),Arhar Dal(Tur),FAQ,6500,7100,6900,6-Jan-15
566,Gadag,Laxmeshwar,Arhar Dal(Tur Dal),Arhar Dal(Tur),FAQ,2860,4490,4450,6-Jan-15
712,Mysore,Mysore (Bandipalya),Arhar Dal(Tur Dal),Arhar Dal(Tur),FAQ,7000,8200,7600,6-Jan-15
912,Shimoga,Shimoga,Arhar Dal(Tur Dal),Arhar Dal(Tur),FAQ,7000,7500,7250,6-Jan-15
33,Hassan,Arasikere,Arhar Dal(Tur Dal),Arhar Dal(Tur),Medium,6950,6950,6950,7-Jan-15
229,Bangalore,Bangalore,Arhar Dal(Tur Dal),Arhar Dal(Tur),FAQ,6800,9000,7800,7-Jan-15
306,Shimoga,Bhadravathi,Arhar Dal(Tur Dal),Arhar Dal(Tur),FAQ,6600,7300,6990,7-Jan-15
565,Gadag,Laxmeshwar,Arhar Dal(Tur Dal),Arhar Dal(Tur),FAQ,2929,4308,4208,7-Jan-15
711,Mysore,Mysore (Bandipalya),Arhar Dal(Tur Dal),Arhar Dal(Tur),FAQ,7500,8500,8000,7-Jan-15
911,Shimoga,Shimoga,Arhar Dal(Tur Dal),Arhar Dal(Tur),FAQ,7000,7500,7250,7-Jan-15
228,Bangalore,Bangalore,Arhar Dal(Tur Dal),Arhar Dal(Tur),FAQ,6800,9000,7800,8-Jan-15
564,Gadag,Laxmeshwar,Arhar Dal(Tur Dal),Arhar Dal(Tur),FAQ,2564,4258,3988,8-Jan-15
710,Mysore,Mysore (Bandipalya),Arhar Dal(Tur Dal),Arhar Dal(Tur),FAQ,7800,8800,8300,8-Jan-15
910,Shimoga,Shimoga,Arhar Dal(Tur Dal),Arhar Dal(Tur),FAQ,7000,7500,7250,8-Jan-15
563,Gadag,Laxmeshwar,Arhar Dal(Tur Dal),Arhar Dal(Tur),FAQ,4198,4328,4296,9-Jan-15
709,Mysore,Mysore (Bandipalya),Arhar Dal(Tur Dal),Arhar Dal(Tur),FAQ,7800,8800,8300,9-Jan-15
909,Shimoga,Shimoga,Arhar Dal(Tur Dal),Arhar Dal(Tur),FAQ,7000,7500,7250,9-Jan-15
562,Gadag,Laxmeshwar,Arhar Dal(Tur Dal),Arhar Dal(Tur),FAQ,4276,4458,4458,10-Jan-15
227,Bangalore,Bangalore,Arhar Dal(Tur Dal),Arhar Dal(Tur),FAQ,6800,9000,7800,12-Jan-15
561,Gadag,Laxmeshwar,Arhar Dal(Tur Dal),Arhar Dal(Tur),FAQ,3091,4508,4358,12-Jan-15
708,Mysore,Mysore (Bandipalya),Arhar Dal(Tur Dal),Arhar Dal(Tur),FAQ,7800,8800,8300,12-Jan-15
908,Shimoga,Shimoga,Arhar Dal(Tur Dal),Arhar Dal(Tur),FAQ,7000,7500,7250,12-Jan-15
32,Hassan,Arasikere,Arhar Dal(Tur Dal),Arhar Dal(Tur),Medium,4902,4902,4902,13-Jan-15
226,Bangalore,Bangalore,Arhar Dal(Tur Dal),Arhar Dal(Tur),FAQ,6800,9000,7800,13-Jan-15
305,Shimoga,Bhadravathi,Arhar Dal(Tur Dal),Arhar Dal(Tur),FAQ,6800,7600,7450,13-Jan-15
560,Gadag,Laxmeshwar,Arhar Dal(Tur Dal),Arhar Dal(Tur),FAQ,4388,4508,4488,13-Jan-15
707,Mysore,Mysore (Bandipalya),Arhar Dal(Tur Dal),Arhar Dal(Tur),FAQ,7800,8700,8250,13-Jan-15
907,Shimoga,Shimoga,Arhar Dal(Tur Dal),Arhar Dal(Tur),FAQ,7800,8200,8000,13-Jan-15
924,Tumkur,Tumkur,Arhar Dal(Tur Dal),Arhar Dal(Tur),FAQ,3800,7500,5000,13-Jan-15
225,Bangalore,Bangalore,Arhar Dal(Tur Dal),Arhar Dal(Tur),FAQ,7000,9000,8000,14-Jan-15
304,Shimoga,Bhadravathi,Arhar Dal(Tur Dal),Arhar Dal(Tur),FAQ,7050,7550,7300,14-Jan-15
559,Gadag,Laxmeshwar,Arhar Dal(Tur Dal),Arhar Dal(Tur),FAQ,4378,4448,4408,14-Jan-15
706,Mysore,Mysore (Bandipalya),Arhar Dal(Tur Dal),Arhar Dal(Tur),FAQ,7800,8800,8300,14-Jan-15
906,Shimoga,Shimoga,Arhar Dal(Tur Dal),Arhar Dal(Tur),FAQ,7800,8200,8000,14-Jan-15
31,Hassan,Arasikere,Arhar Dal(Tur Dal),Arhar Dal(Tur),Medium,2800,2800,2800,16-Jan-15
224,Bangalore,Bangalore,Arhar Dal(Tur Dal),Arhar Dal(Tur),FAQ,7000,9000,8000,16-Jan-15
286,Kolar,Bangarpet,Arhar Dal(Tur Dal),Arhar Dal(Tur),FAQ,6500,7100,6800,16-Jan-15
303,Shimoga,Bhadravathi,Arhar Dal(Tur Dal),Arhar Dal(Tur),FAQ,7750,7750,7750,16-Jan-15
371,Hassan,Hassan,Arhar Dal(Tur Dal),Arhar Dal(Tur),FAQ,7750,7753,7750,16-Jan-15
558,Gadag,Laxmeshwar,Arhar Dal(Tur Dal),Arhar Dal(Tur),FAQ,2808,4458,4308,16-Jan-15
705,Mysore,Mysore (Bandipalya),Arhar Dal(Tur Dal),Arhar Dal(Tur),FAQ,7800,8800,8300,16-Jan-15
905,Shimoga,Shimoga,Arhar Dal(Tur Dal),Arhar Dal(Tur),FAQ,7800,8200,8000,16-Jan-15
223,Bangalore,Bangalore,Arhar Dal(Tur Dal),Arhar Dal(Tur),FAQ,6700,8950,7900,17-Jan-15
557,Gadag,Laxmeshwar,Arhar Dal(Tur Dal),Arhar Dal(Tur),FAQ,3069,4388,4288,17-Jan-15
704,Mysore,Mysore (Bandipalya),Arhar Dal(Tur Dal),Arhar Dal(Tur),FAQ,7700,8700,8200,17-Jan-15
904,Shimoga,Shimoga,Arhar Dal(Tur Dal),Arhar Dal(Tur),FAQ,7800,8200,8000,17-Jan-15
30,Hassan,Arasikere,Arhar Dal(Tur Dal),Arhar Dal(Tur),Medium,7402,7402,7402,19-Jan-15
222,Bangalore,Bangalore,Arhar Dal(Tur Dal),Arhar Dal(Tur),FAQ,6700,8950,7900,19-Jan-15
302,Shimoga,Bhadravathi,Arhar Dal(Tur Dal),Arhar Dal(Tur),FAQ,7050,7575,7200,19-Jan-15
556,Gadag,Laxmeshwar,Arhar Dal(Tur Dal),Arhar Dal(Tur),FAQ,3029,4318,4108,19-Jan-15
903,Shimoga,Shimoga,Arhar Dal(Tur Dal),Arhar Dal(Tur),FAQ,7800,8200,8000,19-Jan-15
29,Hassan,Arasikere,Arhar Dal(Tur Dal),Arhar Dal(Tur),Medium,7050,8250,8100,20-Jan-15
221,Bangalore,Bangalore,Arhar Dal(Tur Dal),Arhar Dal(Tur),FAQ,6700,8950,7900,20-Jan-15
370,Hassan,Hassan,Arhar Dal(Tur Dal),Arhar Dal(Tur),FAQ,8000,8006,8000,20-Jan-15
433,Udupi,Kundapura,Arhar Dal(Tur Dal),Arhar Dal(Tur),FAQ,6900,6920,6907,20-Jan-15
703,Mysore,Mysore (Bandipalya),Arhar Dal(Tur Dal),Arhar Dal(Tur),FAQ,8000,8600,8300,20-Jan-15
902,Shimoga,Shimoga,Arhar Dal(Tur Dal),Arhar Dal(Tur),FAQ,7800,8200,8000,20-Jan-15
220,Bangalore,Bangalore,Arhar Dal(Tur Dal),Arhar Dal(Tur),FAQ,6700,8950,7900,21-Jan-15
369,Hassan,Hassan,Arhar Dal(Tur Dal),Arhar Dal(Tur),FAQ,7528,7650,7650,21-Jan-15
555,Gadag,Laxmeshwar,Arhar Dal(Tur Dal),Arhar Dal(Tur),FAQ,4198,4328,4208,21-Jan-15
702,Mysore,Mysore (Bandipalya),Arhar Dal(Tur Dal),Arhar Dal(Tur),FAQ,8000,8600,8300,21-Jan-15
901,Shimoga,Shimoga,Arhar Dal(Tur Dal),Arhar Dal(Tur),FAQ,7800,8200,8000,21-Jan-15
28,Hassan,Arasikere,Arhar Dal(Tur Dal),Arhar Dal(Tur),Medium,4825,4825,4825,22-Jan-15
219,Bangalore,Bangalore,Arhar Dal(Tur Dal),Arhar Dal(Tur),FAQ,6700,8950,7900,22-Jan-15
368,Hassan,Hassan,Arhar Dal(Tur Dal),Arhar Dal(Tur),FAQ,8056,8056,8056,22-Jan-15
374,Haveri,Haveri,Arhar Dal(Tur Dal),Arhar Dal(Tur),FAQ,4400,4400,4400,22-Jan-15
432,Udupi,Kundapura,Arhar Dal(Tur Dal),Arhar Dal(Tur),FAQ,6600,7000,6800,22-Jan-15
554,Gadag,Laxmeshwar,Arhar Dal(Tur Dal),Arhar Dal(Tur),FAQ,3164,4338,4188,22-Jan-15
701,Mysore,Mysore (Bandipalya),Arhar Dal(Tur Dal),Arhar Dal(Tur),FAQ,8000,8500,8250,22-Jan-15
900,Shimoga,Shimoga,Arhar Dal(Tur Dal),Arhar Dal(Tur),FAQ,7800,8200,8000,22-Jan-15
218,Bangalore,Bangalore,Arhar Dal(Tur Dal),Arhar Dal(Tur),FAQ,6800,9000,7900,23-Jan-15
553,Gadag,Laxmeshwar,Arhar Dal(Tur Dal),Arhar Dal(Tur),FAQ,4258,4428,4329,23-Jan-15
700,Mysore,Mysore (Bandipalya),Arhar Dal(Tur Dal),Arhar Dal(Tur),FAQ,8000,8500,8250,23-Jan-15
899,Shimoga,Shimoga,Arhar Dal(Tur Dal),Arhar Dal(Tur),FAQ,7800,8200,8000,23-Jan-15
217,Bangalore,Bangalore,Arhar Dal(Tur Dal),Arhar Dal(Tur),FAQ,6800,9000,7900,24-Jan-15
552,Gadag,Laxmeshwar,Arhar Dal(Tur Dal),Arhar Dal(Tur),FAQ,4278,4488,4349,24-Jan-15
699,Mysore,Mysore (Bandipalya),Arhar Dal(Tur Dal),Arhar Dal(Tur),FAQ,8000,8400,8200,24-Jan-15
898,Shimoga,Shimoga,Arhar Dal(Tur Dal),Arhar Dal(Tur),FAQ,7800,8200,8000,24-Jan-15
215,Bangalore,Bangalore,Arhar Dal(Tur Dal),Arhar Dal(Tur),Medium,6800,9000,7900,27-Jan-15
216,Bangalore,Bangalore,Arhar Dal(Tur Dal),Arhar Dal(Tur),FAQ,6800,9000,7900,27-Jan-15
300,Shimoga,Bhadravathi,Arhar Dal(Tur Dal),Arhar Dal(Tur),Medium,7425,7850,7510,27-Jan-15
301,Shimoga,Bhadravathi,Arhar Dal(Tur Dal),Arhar Dal(Tur),FAQ,7425,7850,7510,27-Jan-15
366,Hassan,Hassan,Arhar Dal(Tur Dal),Arhar Dal(Tur),Medium,7700,8006,8005,27-Jan-15
367,Hassan,Hassan,Arhar Dal(Tur Dal),Arhar Dal(Tur),FAQ,7700,8006,8005,27-Jan-15
550,Gadag,Laxmeshwar,Arhar Dal(Tur Dal),Arhar Dal(Tur),Medium,4088,4378,4298,27-Jan-15
551,Gadag,Laxmeshwar,Arhar Dal(Tur Dal),Arhar Dal(Tur),FAQ,4088,4378,4298,27-Jan-15
698,Mysore,Mysore (Bandipalya),Arhar Dal(Tur Dal),Arhar Dal(Tur),Large,8000,9000,8500,27-Jan-15
896,Shimoga,Shimoga,Arhar Dal(Tur Dal),Arhar Dal(Tur),Medium,7800,8200,8000,27-Jan-15
897,Shimoga,Shimoga,Arhar Dal(Tur Dal),Arhar Dal(Tur),FAQ,7800,8200,8000,27-Jan-15
27,Hassan,Arasikere,Arhar Dal(Tur Dal),Arhar Dal(Tur),Medium,4385,4710,4600,28-Jan-15
213,Bangalore,Bangalore,Arhar Dal(Tur Dal),Arhar Dal(Tur),Medium,6800,9000,7900,28-Jan-15
214,Bangalore,Bangalore,Arhar Dal(Tur Dal),Arhar Dal(Tur),FAQ,6800,9000,7900,28-Jan-15
549,Gadag,Laxmeshwar,Arhar Dal(Tur Dal),Arhar Dal(Tur),FAQ,2759,4339,4269,28-Jan-15
696,Mysore,Mysore (Bandipalya),Arhar Dal(Tur Dal),Arhar Dal(Tur),Medium,8000,9000,8500,28-Jan-15
697,Mysore,Mysore (Bandipalya),Arhar Dal(Tur Dal),Arhar Dal(Tur),FAQ,8000,9000,8500,28-Jan-15
894,Shimoga,Shimoga,Arhar Dal(Tur Dal),Arhar Dal(Tur),Medium,7800,8200,8000,28-Jan-15
895,Shimoga,Shimoga,Arhar Dal(Tur Dal),Arhar Dal(Tur),FAQ,7800,8200,8000,28-Jan-15
212,Bangalore,Bangalore,Arhar Dal(Tur Dal),Arhar Dal(Tur),FAQ,6800,9000,7900,29-Jan-15
299,Shimoga,Bhadravathi,Arhar Dal(Tur Dal),Arhar Dal(Tur),FAQ,7500,7500,7500,29-Jan-15
311,Chamrajnagar,Chamaraj Nagar,Arhar Dal(Tur Dal),Arhar Dal(Tur),FAQ,6480,6480,6480,29-Jan-15
431,Udupi,Kundapura,Arhar Dal(Tur Dal),Arhar Dal(Tur),FAQ,6400,7100,6950,29-Jan-15
548,Gadag,Laxmeshwar,Arhar Dal(Tur Dal),Arhar Dal(Tur),FAQ,4188,4389,4248,29-Jan-15
695,Mysore,Mysore (Bandipalya),Arhar Dal(Tur Dal),Arhar Dal(Tur),FAQ,7800,8900,8350,29-Jan-15
893,Shimoga,Shimoga,Arhar Dal(Tur Dal),Arhar Dal(Tur),FAQ,7800,8200,8000,29-Jan-15
211,Bangalore,Bangalore,Arhar Dal(Tur Dal),Arhar Dal(Tur),FAQ,7000,8800,7800,30-Jan-15
547,Gadag,Laxmeshwar,Arhar Dal(Tur Dal),Arhar Dal(Tur),FAQ,2889,4388,4248,30-Jan-15
579,Madikeri(Kodagu),Madikeri,Arhar Dal(Tur Dal),Arhar Dal(Tur),FAQ,6680,6680,6680,30-Jan-15
892,Shimoga,Shimoga,Arhar Dal(Tur Dal),Arhar Dal(Tur),FAQ,7800,8200,8000,30-Jan-15
210,Bangalore,Bangalore,Arhar Dal(Tur Dal),Arhar Dal(Tur),FAQ,7000,9000,8000,31-Jan-15
285,Kolar,Bangarpet,Arhar Dal(Tur Dal),Arhar Dal(Tur),FAQ,6500,7100,6800,31-Jan-15
365,Hassan,Hassan,Arhar Dal(Tur Dal),Arhar Dal(Tur),FAQ,8057,8057,8057,31-Jan-15
373,Haveri,Haveri,Arhar Dal(Tur Dal),Arhar Dal(Tur),FAQ,4370,4370,4370,31-Jan-15
546,Gadag,Laxmeshwar,Arhar Dal(Tur Dal),Arhar Dal(Tur),FAQ,3090,4389,4218,31-Jan-15
891,Shimoga,Shimoga,Arhar Dal(Tur Dal),Arhar Dal(Tur),FAQ,7800,8200,8000,31-Jan-15
26,Hassan,Arasikere,Arhar Dal(Tur Dal),Arhar Dal(Tur),Medium,7050,7100,7050,2-Feb-15
209,Bangalore,Bangalore,Arhar Dal(Tur Dal),Arhar Dal(Tur),FAQ,7000,9000,8000,2-Feb-15
545,Gadag,Laxmeshwar,Arhar Dal(Tur Dal),Arhar Dal(Tur),FAQ,4288,4508,4308,2-Feb-15
890,Shimoga,Shimoga,Arhar Dal(Tur Dal),Arhar Dal(Tur),FAQ,7800,8200,8000,2-Feb-15
208,Bangalore,Bangalore,Arhar Dal(Tur Dal),Arhar Dal(Tur),FAQ,7000,9000,8000,3-Feb-15
312,Hassan,Channarayapatna,Arhar Dal(Tur Dal),Arhar Dal(Tur),FAQ,3380,3380,3380,3-Feb-15
207,Bangalore,Bangalore,Arhar Dal(Tur Dal),Arhar Dal(Tur),FAQ,7000,9000,8000,4-Feb-15
284,Kolar,Bangarpet,Arhar Dal(Tur Dal),Arhar Dal(Tur),FAQ,5800,6200,6000,4-Feb-15
544,Gadag,Laxmeshwar,Arhar Dal(Tur Dal),Arhar Dal(Tur),FAQ,3788,4440,4320,4-Feb-15
694,Mysore,Mysore (Bandipalya),Arhar Dal(Tur Dal),Arhar Dal(Tur),FAQ,8000,9000,8500,4-Feb-15
889,Shimoga,Shimoga,Arhar Dal(Tur Dal),Arhar Dal(Tur),FAQ,7800,8200,8000,4-Feb-15
25,Hassan,Arasikere,Arhar Dal(Tur Dal),Arhar Dal(Tur),FAQ,7100,8300,7500,5-Feb-15
206,Bangalore,Bangalore,Arhar Dal(Tur Dal),Arhar Dal(Tur),FAQ,7000,9000,8000,5-Feb-15
298,Shimoga,Bhadravathi,Arhar Dal(Tur Dal),Arhar Dal(Tur),FAQ,7200,7800,7550,5-Feb-15
693,Mysore,Mysore (Bandipalya),Arhar Dal(Tur Dal),Arhar Dal(Tur),FAQ,8000,9000,8500,5-Feb-15
888,Shimoga,Shimoga,Arhar Dal(Tur Dal),Arhar Dal(Tur),FAQ,7800,8200,8000,5-Feb-15
205,Bangalore,Bangalore,Arhar Dal(Tur Dal),Arhar Dal(Tur),FAQ,7500,8500,8100,6-Feb-15
283,Kolar,Bangarpet,Arhar Dal(Tur Dal),Arhar Dal(Tur),FAQ,5900,6200,6000,6-Feb-15
430,Udupi,Kundapura,Arhar Dal(Tur Dal),Arhar Dal(Tur),FAQ,6700,7100,6900,6-Feb-15
543,Gadag,Laxmeshwar,Arhar Dal(Tur Dal),Arhar Dal(Tur),FAQ,3860,4441,4288,6-Feb-15
692,Mysore,Mysore (Bandipalya),Arhar Dal(Tur Dal),Arhar Dal(Tur),FAQ,8000,8800,8400,6-Feb-15
887,Shimoga,Shimoga,Arhar Dal(Tur Dal),Arhar Dal(Tur),FAQ,7800,8200,8000,6-Feb-15
204,Bangalore,Bangalore,Arhar Dal(Tur Dal),Arhar Dal(Tur),Large,7500,8500,8100,7-Feb-15
282,Kolar,Bangarpet,Arhar Dal(Tur Dal),Arhar Dal(Tur),FAQ,6500,7100,6800,7-Feb-15
372,Haveri,Haveri,Arhar Dal(Tur Dal),Arhar Dal(Tur),FAQ,4350,4350,4350,7-Feb-15
542,Gadag,Laxmeshwar,Arhar Dal(Tur Dal),Arhar Dal(Tur),FAQ,4189,4401,4389,7-Feb-15
691,Mysore,Mysore (Bandipalya),Arhar Dal(Tur Dal),Arhar Dal(Tur),FAQ,8000,9000,8500,7-Feb-15
886,Shimoga,Shimoga,Arhar Dal(Tur Dal),Arhar Dal(Tur),FAQ,7800,8200,8000,7-Feb-15
24,Hassan,Arasikere,Arhar Dal(Tur Dal),Arhar Dal(Tur),FAQ,7360,7360,7360,9-Feb-15
203,Bangalore,Bangalore,Arhar Dal(Tur Dal),Arhar Dal(Tur),FAQ,7500,8500,8100,9-Feb-15
281,Kolar,Bangarpet,Arhar Dal(Tur Dal),Arhar Dal(Tur),FAQ,6500,7100,6800,9-Feb-15
541,Gadag,Laxmeshwar,Arhar Dal(Tur Dal),Arhar Dal(Tur),FAQ,4088,4668,4396,9-Feb-15
690,Mysore,Mysore (Bandipalya),Arhar Dal(Tur Dal),Arhar Dal(Tur),FAQ,8000,9200,8600,9-Feb-15
885,Shimoga,Shimoga,Arhar Dal(Tur Dal),Arhar Dal(Tur),FAQ,7800,8200,8000,9-Feb-15
202,Bangalore,Bangalore,Arhar Dal(Tur Dal),Arhar Dal(Tur),Large,7200,8600,8000,10-Feb-15
297,Shimoga,Bhadravathi,Arhar Dal(Tur Dal),Arhar Dal(Tur),FAQ,7650,7800,7725,10-Feb-15
364,Hassan,Hassan,Arhar Dal(Tur Dal),Arhar Dal(Tur),FAQ,8051,8152,8152,10-Feb-15
540,Gadag,Laxmeshwar,Arhar Dal(Tur Dal),Arhar Dal(Tur),FAQ,4288,4668,4473,10-Feb-15
689,Mysore,Mysore (Bandipalya),Arhar Dal(Tur Dal),Arhar Dal(Tur),FAQ,8000,8800,8400,10-Feb-15
884,Shimoga,Shimoga,Arhar Dal(Tur Dal),Arhar Dal(Tur),FAQ,7800,8200,8000,10-Feb-15
201,Bangalore,Bangalore,Arhar Dal(Tur Dal),Arhar Dal(Tur),FAQ,7400,8500,7950,11-Feb-15
539,Gadag,Laxmeshwar,Arhar Dal(Tur Dal),Arhar Dal(Tur),FAQ,4428,4688,4538,11-Feb-15
688,Mysore,Mysore (Bandipalya),Arhar Dal(Tur Dal),Arhar Dal(Tur),FAQ,8000,9000,8500,11-Feb-15
883,Shimoga,Shimoga,Arhar Dal(Tur Dal),Arhar Dal(Tur),FAQ,7800,8200,8000,11-Feb-15
922,Chikmagalur,Tarikere,Arhar Dal(Tur Dal),Arhar Dal(Tur),FAQ,7600,7600,7600,11-Feb-15
200,Bangalore,Bangalore,Arhar Dal(Tur Dal),Arhar Dal(Tur),FAQ,7400,8500,7950,12-Feb-15
538,Gadag,Laxmeshwar,Arhar Dal(Tur Dal),Arhar Dal(Tur),FAQ,3159,4668,4518,12-Feb-15
687,Mysore,Mysore (Bandipalya),Arhar Dal(Tur Dal),Arhar Dal(Tur),FAQ,8000,9000,8500,12-Feb-15
882,Shimoga,Shimoga,Arhar Dal(Tur Dal),Arhar Dal(Tur),FAQ,7800,8200,8000,12-Feb-15
199,Bangalore,Bangalore,Arhar Dal(Tur Dal),Arhar Dal(Tur),FAQ,7400,8500,7950,13-Feb-15
537,Gadag,Laxmeshwar,Arhar Dal(Tur Dal),Arhar Dal(Tur),FAQ,4209,4829,4458,13-Feb-15
686,Mysore,Mysore (Bandipalya),Arhar Dal(Tur Dal),Arhar Dal(Tur),FAQ,8000,8800,8400,13-Feb-15
881,Shimoga,Shimoga,Arhar Dal(Tur Dal),Arhar Dal(Tur),FAQ,7800,8200,8000,13-Feb-15
536,Gadag,Laxmeshwar,Arhar Dal(Tur Dal),Arhar Dal(Tur),FAQ,4488,4738,4648,14-Feb-15
198,Bangalore,Bangalore,Arhar Dal(Tur Dal),Arhar Dal(Tur),FAQ,7400,8500,7950,16-Feb-15
280,Kolar,Bangarpet,Arhar Dal(Tur Dal),Arhar Dal(Tur),FAQ,6500,7100,6800,16-Feb-15
363,Hassan,Hassan,Arhar Dal(Tur Dal),Arhar Dal(Tur),FAQ,8000,8256,8050,16-Feb-15
535,Gadag,Laxmeshwar,Arhar Dal(Tur Dal),Arhar Dal(Tur),FAQ,3222,4828,4558,16-Feb-15
571,Tumkur,Madhugiri,Arhar Dal(Tur Dal),Arhar Dal(Tur),FAQ,5500,6500,6000,16-Feb-15
685,Mysore,Mysore (Bandipalya),Arhar Dal(Tur Dal),Arhar Dal(Tur),FAQ,8000,9000,8500,16-Feb-15
880,Shimoga,Shimoga,Arhar Dal(Tur Dal),Arhar Dal(Tur),FAQ,7800,8200,8000,16-Feb-15
23,Hassan,Arasikere,Arhar Dal(Tur Dal),Arhar Dal(Tur),FAQ,7600,8225,7950,18-Feb-15
197,Bangalore,Bangalore,Arhar Dal(Tur Dal),Arhar Dal(Tur),FAQ,7400,8500,8250,18-Feb-15
279,Kolar,Bangarpet,Arhar Dal(Tur Dal),Arhar Dal(Tur),FAQ,5900,6200,6000,18-Feb-15
325,Kolar,Chickkaballapura,Arhar Dal(Tur Dal),Arhar Dal(Tur),FAQ,7000,8000,7600,18-Feb-15
684,Mysore,Mysore (Bandipalya),Arhar Dal(Tur Dal),Arhar Dal(Tur),FAQ,9000,10000,9500,18-Feb-15
879,Shimoga,Shimoga,Arhar Dal(Tur Dal),Arhar Dal(Tur),FAQ,7800,8200,8000,18-Feb-15
196,Bangalore,Bangalore,Arhar Dal(Tur Dal),Arhar Dal(Tur),FAQ,7600,8900,8000,19-Feb-15
278,Kolar,Bangarpet,Arhar Dal(Tur Dal),Arhar Dal(Tur),FAQ,6000,6300,6100,19-Feb-15
329,Chikmagalur,Chikkamagalore,Arhar Dal(Tur Dal),Arhar Dal(Tur),FAQ,5000,5000,5000,19-Feb-15
534,Gadag,Laxmeshwar,Arhar Dal(Tur Dal),Arhar Dal(Tur),FAQ,4401,4880,4688,19-Feb-15
878,Shimoga,Shimoga,Arhar Dal(Tur Dal),Arhar Dal(Tur),FAQ,7800,8200,8000,19-Feb-15
195,Bangalore,Bangalore,Arhar Dal(Tur Dal),Arhar Dal(Tur),FAQ,7600,8900,8000,20-Feb-15
277,Kolar,Bangarpet,Arhar Dal(Tur Dal),Arhar Dal(Tur),FAQ,5900,6200,6000,20-Feb-15
429,Udupi,Kundapura,Arhar Dal(Tur Dal),Arhar Dal(Tur),FAQ,7100,7100,7100,20-Feb-15
533,Gadag,Laxmeshwar,Arhar Dal(Tur Dal),Arhar Dal(Tur),FAQ,3890,4968,4728,20-Feb-15
683,Mysore,Mysore (Bandipalya),Arhar Dal(Tur Dal),Arhar Dal(Tur),FAQ,9000,10000,9500,20-Feb-15
727,Belgaum,Nippani,Arhar Dal(Tur Dal),Arhar Dal(Tur),FAQ,8000,8000,8000,20-Feb-15
877,Shimoga,Shimoga,Arhar Dal(Tur Dal),Arhar Dal(Tur),FAQ,7800,8200,8000,20-Feb-15
22,Hassan,Arasikere,Arhar Dal(Tur Dal),Arhar Dal(Tur),FAQ,7625,8900,8100,21-Feb-15
194,Bangalore,Bangalore,Arhar Dal(Tur Dal),Arhar Dal(Tur),FAQ,8000,8800,8200,21-Feb-15
276,Kolar,Bangarpet,Arhar Dal(Tur Dal),Arhar Dal(Tur),FAQ,6000,6200,6100,21-Feb-15
876,Shimoga,Shimoga,Arhar Dal(Tur Dal),Arhar Dal(Tur),FAQ,7800,8200,8000,21-Feb-15
193,Bangalore,Bangalore,Arhar Dal(Tur Dal),Arhar Dal(Tur),FAQ,8000,8800,8200,23-Feb-15
275,Kolar,Bangarpet,Arhar Dal(Tur Dal),Arhar Dal(Tur),FAQ,5900,6200,6000,23-Feb-15
532,Gadag,Laxmeshwar,Arhar Dal(Tur Dal),Arhar Dal(Tur),FAQ,3039,5088,4778,23-Feb-15
875,Shimoga,Shimoga,Arhar Dal(Tur Dal),Arhar Dal(Tur),FAQ,7800,8200,8000,23-Feb-15
192,Bangalore,Bangalore,Arhar Dal(Tur Dal),Arhar Dal(Tur),FAQ,8000,8800,8200,24-Feb-15
341,Kolar,Gowribidanoor,Arhar Dal(Tur Dal),Arhar Dal(Tur),FAQ,3800,4000,3900,24-Feb-15
531,Gadag,Laxmeshwar,Arhar Dal(Tur Dal),Arhar Dal(Tur),FAQ,3839,4948,4779,24-Feb-15
874,Shimoga,Shimoga,Arhar Dal(Tur Dal),Arhar Dal(Tur),FAQ,7800,8200,8000,24-Feb-15
191,Bangalore,Bangalore,Arhar Dal(Tur Dal),Arhar Dal(Tur),FAQ,8000,8800,8200,25-Feb-15
362,Hassan,Hassan,Arhar Dal(Tur Dal),Arhar Dal(Tur),FAQ,8340,8340,8340,25-Feb-15
428,Udupi,Kundapura,Arhar Dal(Tur Dal),Arhar Dal(Tur),FAQ,6950,7285,7200,25-Feb-15
530,Gadag,Laxmeshwar,Arhar Dal(Tur Dal),Arhar Dal(Tur),FAQ,3740,4968,4618,25-Feb-15
682,Mysore,Mysore (Bandipalya),Arhar Dal(Tur Dal),Arhar Dal(Tur),FAQ,9000,10000,9500,25-Feb-15
190,Bangalore,Bangalore,Arhar Dal(Tur Dal),Arhar Dal(Tur),FAQ,8000,8800,8400,26-Feb-15
328,Chikmagalur,Chikkamagalore,Arhar Dal(Tur Dal),Arhar Dal(Tur),FAQ,8023,8423,8123,26-Feb-15
529,Gadag,Laxmeshwar,Arhar Dal(Tur Dal),Arhar Dal(Tur),FAQ,3791,4858,4458,26-Feb-15
681,Mysore,Mysore (Bandipalya),Arhar Dal(Tur Dal),Arhar Dal(Tur),FAQ,9000,10000,9500,26-Feb-15
873,Shimoga,Shimoga,Arhar Dal(Tur Dal),Arhar Dal(Tur),FAQ,7200,8200,7700,26-Feb-15
189,Bangalore,Bangalore,Arhar Dal(Tur Dal),Arhar Dal(Tur),FAQ,8000,9500,8500,27-Feb-15
274,Kolar,Bangarpet,Arhar Dal(Tur Dal),Arhar Dal(Tur),FAQ,6500,7100,6800,27-Feb-15
310,Chamrajnagar,Chamaraj Nagar,Arhar Dal(Tur Dal),Arhar Dal(Tur),FAQ,7191,7191,7191,27-Feb-15
528,Gadag,Laxmeshwar,Arhar Dal(Tur Dal),Arhar Dal(Tur),FAQ,2891,4808,4588,27-Feb-15
680,Mysore,Mysore (Bandipalya),Arhar Dal(Tur Dal),Arhar Dal(Tur),FAQ,9000,10000,9500,27-Feb-15
188,Bangalore,Bangalore,Arhar Dal(Tur Dal),Arhar Dal(Tur),FAQ,8000,9500,8500,28-Feb-15
527,Gadag,Laxmeshwar,Arhar Dal(Tur Dal),Arhar Dal(Tur),FAQ,4288,4618,4429,28-Feb-15
872,Shimoga,Shimoga,Arhar Dal(Tur Dal),Arhar Dal(Tur),FAQ,7800,8200,8000,28-Feb-15
187,Bangalore,Bangalore,Arhar Dal(Tur Dal),Arhar Dal(Tur),FAQ,8000,9500,8500,2-Mar-15
361,Hassan,Hassan,Arhar Dal(Tur Dal),Arhar Dal(Tur),FAQ,8250,8775,8550,2-Mar-15
526,Gadag,Laxmeshwar,Arhar Dal(Tur Dal),Arhar Dal(Tur),FAQ,3060,4678,4318,2-Mar-15
679,Mysore,Mysore (Bandipalya),Arhar Dal(Tur Dal),Arhar Dal(Tur),FAQ,9000,9500,9250,2-Mar-15
871,Shimoga,Shimoga,Arhar Dal(Tur Dal),Arhar Dal(Tur),FAQ,7800,8200,8000,2-Mar-15
186,Bangalore,Bangalore,Arhar Dal(Tur Dal),Arhar Dal(Tur),FAQ,8000,9500,8500,3-Mar-15
525,Gadag,Laxmeshwar,Arhar Dal(Tur Dal),Arhar Dal(Tur),FAQ,2088,4668,4388,3-Mar-15
678,Mysore,Mysore (Bandipalya),Arhar Dal(Tur Dal),Arhar Dal(Tur),FAQ,9000,9500,9250,3-Mar-15
870,Shimoga,Shimoga,Arhar Dal(Tur Dal),Arhar Dal(Tur),FAQ,7800,8200,8000,3-Mar-15
185,Bangalore,Bangalore,Arhar Dal(Tur Dal),Arhar Dal(Tur),FAQ,8000,10000,8700,4-Mar-15
324,Kolar,Chickkaballapura,Arhar Dal(Tur Dal),Arhar Dal(Tur),FAQ,7500,8500,8000,4-Mar-15
524,Gadag,Laxmeshwar,Arhar Dal(Tur Dal),Arhar Dal(Tur),FAQ,2527,4540,3718,4-Mar-15
578,Madikeri(Kodagu),Madikeri,Arhar Dal(Tur Dal),Arhar Dal(Tur),FAQ,7300,7300,7300,4-Mar-15
677,Mysore,Mysore (Bandipalya),Arhar Dal(Tur Dal),Arhar Dal(Tur),FAQ,9000,9800,9400,4-Mar-15
869,Shimoga,Shimoga,Arhar Dal(Tur Dal),Arhar Dal(Tur),FAQ,7800,8200,8000,4-Mar-15
184,Bangalore,Bangalore,Arhar Dal(Tur Dal),Arhar Dal(Tur),FAQ,8000,10000,8700,5-Mar-15
273,Kolar,Bangarpet,Arhar Dal(Tur Dal),Arhar Dal(Tur),FAQ,5900,6200,6000,5-Mar-15
296,Shimoga,Bhadravathi,Arhar Dal(Tur Dal),Arhar Dal(Tur),FAQ,8170,8170,8170,5-Mar-15
337,Davangere,Davangere,Arhar Dal(Tur Dal),Arhar Dal(Tur),FAQ,8000,8100,8050,5-Mar-15
340,Kolar,Gowribidanoor,Arhar Dal(Tur Dal),Arhar Dal(Tur),FAQ,5900,6100,6000,5-Mar-15
523,Gadag,Laxmeshwar,Arhar Dal(Tur Dal),Arhar Dal(Tur),FAQ,3958,4321,4158,5-Mar-15
676,Mysore,Mysore (Bandipalya),Arhar Dal(Tur Dal),Arhar Dal(Tur),FAQ,9000,9300,9150,5-Mar-15
868,Shimoga,Shimoga,Arhar Dal(Tur Dal),Arhar Dal(Tur),FAQ,7800,8200,8000,5-Mar-15
183,Bangalore,Bangalore,Arhar Dal(Tur Dal),Arhar Dal(Tur),FAQ,7000,9000,8500,6-Mar-15
295,Shimoga,Bhadravathi,Arhar Dal(Tur Dal),Arhar Dal(Tur),FAQ,8240,8240,8240,6-Mar-15
522,Gadag,Laxmeshwar,Arhar Dal(Tur Dal),Arhar Dal(Tur),FAQ,3558,4288,4088,6-Mar-15
675,Mysore,Mysore (Bandipalya),Arhar Dal(Tur Dal),Arhar Dal(Tur),FAQ,8900,9600,9250,6-Mar-15
726,Belgaum,Nippani,Arhar Dal(Tur Dal),Arhar Dal(Tur),FAQ,7200,7200,7200,6-Mar-15
867,Shimoga,Shimoga,Arhar Dal(Tur Dal),Arhar Dal(Tur),FAQ,7800,8200,8000,6-Mar-15
182,Bangalore,Bangalore,Arhar Dal(Tur Dal),Arhar Dal(Tur),FAQ,7000,9000,8500,7-Mar-15
521,Gadag,Laxmeshwar,Arhar Dal(Tur Dal),Arhar Dal(Tur),FAQ,3508,4388,4128,7-Mar-15
674,Mysore,Mysore (Bandipalya),Arhar Dal(Tur Dal),Arhar Dal(Tur),FAQ,9000,9400,9200,7-Mar-15
181,Bangalore,Bangalore,Arhar Dal(Tur Dal),Arhar Dal(Tur),FAQ,7000,9000,8500,9-Mar-15
294,Shimoga,Bhadravathi,Arhar Dal(Tur Dal),Arhar Dal(Tur),FAQ,7625,8250,7800,9-Mar-15
673,Mysore,Mysore (Bandipalya),Arhar Dal(Tur Dal),Arhar Dal(Tur),FAQ,9000,9300,9150,9-Mar-15
866,Shimoga,Shimoga,Arhar Dal(Tur Dal),Arhar Dal(Tur),FAQ,7800,8200,8000,9-Mar-15
180,Bangalore,Bangalore,Arhar Dal(Tur Dal),Arhar Dal(Tur),FAQ,7000,9000,8500,10-Mar-15
309,Chamrajnagar,Chamaraj Nagar,Arhar Dal(Tur Dal),Arhar Dal(Tur),FAQ,7000,7000,7000,10-Mar-15
360,Hassan,Hassan,Arhar Dal(Tur Dal),Arhar Dal(Tur),FAQ,8249,8702,8702,10-Mar-15
520,Gadag,Laxmeshwar,Arhar Dal(Tur Dal),Arhar Dal(Tur),FAQ,3918,4358,4258,10-Mar-15
672,Mysore,Mysore (Bandipalya),Arhar Dal(Tur Dal),Arhar Dal(Tur),FAQ,9000,9400,9200,10-Mar-15
865,Shimoga,Shimoga,Arhar Dal(Tur Dal),Arhar Dal(Tur),FAQ,7800,8200,8000,10-Mar-15
179,Bangalore,Bangalore,Arhar Dal(Tur Dal),Arhar Dal(Tur),FAQ,7500,9000,8300,11-Mar-15
519,Gadag,Laxmeshwar,Arhar Dal(Tur Dal),Arhar Dal(Tur),FAQ,3269,4228,4088,11-Mar-15
671,Mysore,Mysore (Bandipalya),Arhar Dal(Tur Dal),Arhar Dal(Tur),FAQ,8800,9400,9100,11-Mar-15
864,Shimoga,Shimoga,Arhar Dal(Tur Dal),Arhar Dal(Tur),FAQ,7800,8200,8000,11-Mar-15
178,Bangalore,Bangalore,Arhar Dal(Tur Dal),Arhar Dal(Tur),FAQ,7500,9000,8300,12-Mar-15
272,Kolar,Bangarpet,Arhar Dal(Tur Dal),Arhar Dal(Tur),FAQ,5900,6200,6000,12-Mar-15
427,Udupi,Kundapura,Arhar Dal(Tur Dal),Arhar Dal(Tur),FAQ,7700,7800,7750,12-Mar-15
518,Gadag,Laxmeshwar,Arhar Dal(Tur Dal),Arhar Dal(Tur),FAQ,3618,4308,4028,12-Mar-15
670,Mysore,Mysore (Bandipalya),Arhar Dal(Tur Dal),Arhar Dal(Tur),FAQ,9000,9400,9200,12-Mar-15
863,Shimoga,Shimoga,Arhar Dal(Tur Dal),Arhar Dal(Tur),FAQ,7800,8200,8000,12-Mar-15
177,Bangalore,Bangalore,Arhar Dal(Tur Dal),Arhar Dal(Tur),FAQ,7500,9500,8400,13-Mar-15
271,Kolar,Bangarpet,Arhar Dal(Tur Dal),Arhar Dal(Tur),FAQ,5900,6200,6000,13-Mar-15
293,Shimoga,Bhadravathi,Arhar Dal(Tur Dal),Arhar Dal(Tur),FAQ,8400,8400,8400,13-Mar-15
517,Gadag,Laxmeshwar,Arhar Dal(Tur Dal),Arhar Dal(Tur),FAQ,4008,4348,4158,13-Mar-15
862,Shimoga,Shimoga,Arhar Dal(Tur Dal),Arhar Dal(Tur),FAQ,7800,8200,8000,13-Mar-15
516,Gadag,Laxmeshwar,Arhar Dal(Tur Dal),Arhar Dal(Tur),FAQ,4068,4488,4228,14-Mar-15
21,Hassan,Arasikere,Arhar Dal(Tur Dal),Arhar Dal(Tur),FAQ,7800,7800,7800,16-Mar-15
176,Bangalore,Bangalore,Arhar Dal(Tur Dal),Arhar Dal(Tur),FAQ,7500,9500,8400,16-Mar-15
327,Chikmagalur,Chikkamagalore,Arhar Dal(Tur Dal),Arhar Dal(Tur),FAQ,8000,10000,8333,16-Mar-15
359,Hassan,Hassan,Arhar Dal(Tur Dal),Arhar Dal(Tur),FAQ,8500,8600,8600,16-Mar-15
515,Gadag,Laxmeshwar,Arhar Dal(Tur Dal),Arhar Dal(Tur),FAQ,4018,4468,4118,16-Mar-15
861,Shimoga,Shimoga,Arhar Dal(Tur Dal),Arhar Dal(Tur),FAQ,7800,8200,8000,16-Mar-15
20,Hassan,Arasikere,Arhar Dal(Tur Dal),Arhar Dal(Tur),FAQ,8750,8950,8875,17-Mar-15
175,Bangalore,Bangalore,Arhar Dal(Tur Dal),Arhar Dal(Tur),FAQ,7000,9000,8200,17-Mar-15
174,Bangalore,Bangalore,Arhar Dal(Tur Dal),Arhar Dal(Tur),FAQ,7000,9000,8200,18-Mar-15
323,Kolar,Chickkaballapura,Arhar Dal(Tur Dal),Arhar Dal(Tur),FAQ,7500,8500,8000,18-Mar-15
514,Gadag,Laxmeshwar,Arhar Dal(Tur Dal),Arhar Dal(Tur),FAQ,3659,4388,4168,18-Mar-15
669,Mysore,Mysore (Bandipalya),Arhar Dal(Tur Dal),Arhar Dal(Tur),FAQ,9000,9400,9200,18-Mar-15
860,Shimoga,Shimoga,Arhar Dal(Tur Dal),Arhar Dal(Tur),FAQ,7800,8200,8000,18-Mar-15
173,Bangalore,Bangalore,Arhar Dal(Tur Dal),Arhar Dal(Tur),FAQ,7000,9000,8000,19-Mar-15
292,Shimoga,Bhadravathi,Arhar Dal(Tur Dal),Arhar Dal(Tur),FAQ,7750,8550,8430,19-Mar-15
426,Udupi,Kundapura,Arhar Dal(Tur Dal),Arhar Dal(Tur),FAQ,7850,7850,7850,19-Mar-15
513,Gadag,Laxmeshwar,Arhar Dal(Tur Dal),Arhar Dal(Tur),FAQ,3069,4390,4228,19-Mar-15
668,Mysore,Mysore (Bandipalya),Arhar Dal(Tur Dal),Arhar Dal(Tur),FAQ,8800,9200,9000,19-Mar-15
859,Shimoga,Shimoga,Arhar Dal(Tur Dal),Arhar Dal(Tur),FAQ,7800,8200,8000,19-Mar-15
172,Bangalore,Bangalore,Arhar Dal(Tur Dal),Arhar Dal(Tur),FAQ,7000,9000,8000,20-Mar-15
270,Kolar,Bangarpet,Arhar Dal(Tur Dal),Arhar Dal(Tur),FAQ,5900,6200,6000,20-Mar-15
667,Mysore,Mysore (Bandipalya),Arhar Dal(Tur Dal),Arhar Dal(Tur),FAQ,9000,9600,9300,20-Mar-15
858,Shimoga,Shimoga,Arhar Dal(Tur Dal),Arhar Dal(Tur),FAQ,7800,8200,8000,20-Mar-15
171,Bangalore,Bangalore,Arhar Dal(Tur Dal),Arhar Dal(Tur),FAQ,7000,9000,8000,23-Mar-15
512,Gadag,Laxmeshwar,Arhar Dal(Tur Dal),Arhar Dal(Tur),FAQ,2066,4408,4128,23-Mar-15
857,Shimoga,Shimoga,Arhar Dal(Tur Dal),Arhar Dal(Tur),FAQ,7800,8200,8000,23-Mar-15
170,Bangalore,Bangalore,Arhar Dal(Tur Dal),Arhar Dal(Tur),FAQ,7000,9000,8000,24-Mar-15
291,Shimoga,Bhadravathi,Arhar Dal(Tur Dal),Arhar Dal(Tur),FAQ,8250,8550,8300,24-Mar-15
358,Hassan,Hassan,Arhar Dal(Tur Dal),Arhar Dal(Tur),FAQ,8300,8491,8491,24-Mar-15
511,Gadag,Laxmeshwar,Arhar Dal(Tur Dal),Arhar Dal(Tur),FAQ,3074,4368,4029,24-Mar-15
666,Mysore,Mysore (Bandipalya),Arhar Dal(Tur Dal),Arhar Dal(Tur),FAQ,8500,9500,9000,24-Mar-15
856,Shimoga,Shimoga,Arhar Dal(Tur Dal),Arhar Dal(Tur),FAQ,7800,8200,8000,24-Mar-15
19,Hassan,Arasikere,Arhar Dal(Tur Dal),Arhar Dal(Tur),FAQ,7850,7850,7850,25-Mar-15
169,Bangalore,Bangalore,Arhar Dal(Tur Dal),Arhar Dal(Tur),FAQ,7000,9000,8000,25-Mar-15
322,Kolar,Chickkaballapura,Arhar Dal(Tur Dal),Arhar Dal(Tur),FAQ,7500,8500,8000,25-Mar-15
510,Gadag,Laxmeshwar,Arhar Dal(Tur Dal),Arhar Dal(Tur),FAQ,3789,4418,4218,25-Mar-15
665,Mysore,Mysore (Bandipalya),Arhar Dal(Tur Dal),Arhar Dal(Tur),FAQ,8500,9500,9000,25-Mar-15
855,Shimoga,Shimoga,Arhar Dal(Tur Dal),Arhar Dal(Tur),FAQ,7800,8200,8000,25-Mar-15
168,Bangalore,Bangalore,Arhar Dal(Tur Dal),Arhar Dal(Tur),FAQ,7500,9000,8200,26-Mar-15
269,Kolar,Bangarpet,Arhar Dal(Tur Dal),Arhar Dal(Tur),FAQ,7400,8400,8100,26-Mar-15
509,Gadag,Laxmeshwar,Arhar Dal(Tur Dal),Arhar Dal(Tur),FAQ,3958,4258,4008,26-Mar-15
664,Mysore,Mysore (Bandipalya),Arhar Dal(Tur Dal),Arhar Dal(Tur),FAQ,8500,9500,9000,26-Mar-15
725,Belgaum,Nippani,Arhar Dal(Tur Dal),Arhar Dal(Tur),FAQ,7820,7820,7820,26-Mar-15
854,Shimoga,Shimoga,Arhar Dal(Tur Dal),Arhar Dal(Tur),FAQ,7800,8200,8000,26-Mar-15
167,Bangalore,Bangalore,Arhar Dal(Tur Dal),Arhar Dal(Tur),FAQ,7500,9000,8200,27-Mar-15
268,Kolar,Bangarpet,Arhar Dal(Tur Dal),Arhar Dal(Tur),FAQ,7400,8400,8000,27-Mar-15
425,Udupi,Kundapura,Arhar Dal(Tur Dal),Arhar Dal(Tur),FAQ,7450,7800,7650,27-Mar-15
508,Gadag,Laxmeshwar,Arhar Dal(Tur Dal),Arhar Dal(Tur),FAQ,2828,4438,4238,27-Mar-15
663,Mysore,Mysore (Bandipalya),Arhar Dal(Tur Dal),Arhar Dal(Tur),FAQ,8400,9400,8900,27-Mar-15
853,Shimoga,Shimoga,Arhar Dal(Tur Dal),Arhar Dal(Tur),FAQ,7800,8200,8000,27-Mar-15
35,Belgaum,Athani,Arhar Dal(Tur Dal),Arhar Dal(Tur),FAQ,6800,6800,6800,28-Mar-15
166,Bangalore,Bangalore,Arhar Dal(Tur Dal),Arhar Dal(Tur),FAQ,7500,9000,8200,28-Mar-15
507,Gadag,Laxmeshwar,Arhar Dal(Tur Dal),Arhar Dal(Tur),FAQ,3169,4448,4088,28-Mar-15
662,Mysore,Mysore (Bandipalya),Arhar Dal(Tur Dal),Arhar Dal(Tur),FAQ,8500,9500,9000,28-Mar-15
165,Bangalore,Bangalore,Arhar Dal(Tur Dal),Arhar Dal(Tur),FAQ,7500,9000,8200,30-Mar-15
267,Kolar,Bangarpet,Arhar Dal(Tur Dal),Arhar Dal(Tur),FAQ,5900,6200,6000,30-Mar-15
424,Udupi,Kundapura,Arhar Dal(Tur Dal),Arhar Dal(Tur),FAQ,8000,10200,9500,30-Mar-15
506,Gadag,Laxmeshwar,Arhar Dal(Tur Dal),Arhar Dal(Tur),FAQ,2744,4358,4008,30-Mar-15
661,Mysore,Mysore (Bandipalya),Arhar Dal(Tur Dal),Arhar Dal(Tur),FAQ,8500,9500,9000,30-Mar-15
852,Shimoga,Shimoga,Arhar Dal(Tur Dal),Arhar Dal(Tur),FAQ,7800,8000,7900,30-Mar-15
164,Bangalore,Bangalore,Arhar Dal(Tur Dal),Arhar Dal(Tur),FAQ,7000,9000,8000,31-Mar-15
505,Gadag,Laxmeshwar,Arhar Dal(Tur Dal),Arhar Dal(Tur),FAQ,4178,4218,4218,31-Mar-15
851,Shimoga,Shimoga,Arhar Dal(Tur Dal),Arhar Dal(Tur),FAQ,7800,8200,8000,31-Mar-15
163,Bangalore,Bangalore,Arhar Dal(Tur Dal),Arhar Dal(Tur),FAQ,7000,9000,8000,1-Apr-15
357,Hassan,Hassan,Arhar Dal(Tur Dal),Arhar Dal(Tur),FAQ,8900,8900,8900,1-Apr-15
504,Gadag,Laxmeshwar,Arhar Dal(Tur Dal),Arhar Dal(Tur),FAQ,2860,4158,3968,1-Apr-15
850,Shimoga,Shimoga,Arhar Dal(Tur Dal),Arhar Dal(Tur),FAQ,7800,8200,8000,1-Apr-15
162,Bangalore,Bangalore,Arhar Dal(Tur Dal),Arhar Dal(Tur),FAQ,7000,9000,8000,4-Apr-15
336,Davangere,Davangere,Arhar Dal(Tur Dal),Arhar Dal(Tur),FAQ,8100,8300,8200,4-Apr-15
412,Kolar,Kolar,Arhar Dal(Tur Dal),Arhar Dal(Tur),FAQ,6500,9000,7380,4-Apr-15
660,Mysore,Mysore (Bandipalya),Arhar Dal(Tur Dal),Arhar Dal(Tur),FAQ,8500,9500,9000,4-Apr-15
849,Shimoga,Shimoga,Arhar Dal(Tur Dal),Arhar Dal(Tur),FAQ,7800,8200,8000,4-Apr-15
161,Bangalore,Bangalore,Arhar Dal(Tur Dal),Arhar Dal(Tur),FAQ,7000,9000,8000,6-Apr-15
266,Kolar,Bangarpet,Arhar Dal(Tur Dal),Arhar Dal(Tur),FAQ,7400,8400,8000,6-Apr-15
503,Gadag,Laxmeshwar,Arhar Dal(Tur Dal),Arhar Dal(Tur),FAQ,3609,4618,4008,6-Apr-15
659,Mysore,Mysore (Bandipalya),Arhar Dal(Tur Dal),Arhar Dal(Tur),FAQ,8500,9500,9000,6-Apr-15
848,Shimoga,Shimoga,Arhar Dal(Tur Dal),Arhar Dal(Tur),FAQ,7800,8200,8000,6-Apr-15
160,Bangalore,Bangalore,Arhar Dal(Tur Dal),Arhar Dal(Tur),FAQ,6000,9000,7800,7-Apr-15
411,Kolar,Kolar,Arhar Dal(Tur Dal),Arhar Dal(Tur),FAQ,7000,8500,7800,7-Apr-15
502,Gadag,Laxmeshwar,Arhar Dal(Tur Dal),Arhar Dal(Tur),FAQ,3868,4414,3939,7-Apr-15
658,Mysore,Mysore (Bandipalya),Arhar Dal(Tur Dal),Arhar Dal(Tur),FAQ,8500,9500,9000,7-Apr-15
847,Shimoga,Shimoga,Arhar Dal(Tur Dal),Arhar Dal(Tur),FAQ,7800,8200,8000,7-Apr-15
159,Bangalore,Bangalore,Arhar Dal(Tur Dal),Arhar Dal(Tur),FAQ,6000,9000,7800,8-Apr-15
657,Mysore,Mysore (Bandipalya),Arhar Dal(Tur Dal),Arhar Dal(Tur),FAQ,8400,9400,8900,8-Apr-15
158,Bangalore,Bangalore,Arhar Dal(Tur Dal),Arhar Dal(Tur),FAQ,7000,9500,7900,9-Apr-15
501,Gadag,Laxmeshwar,Arhar Dal(Tur Dal),Arhar Dal(Tur),FAQ,4008,4258,4238,9-Apr-15
656,Mysore,Mysore (Bandipalya),Arhar Dal(Tur Dal),Arhar Dal(Tur),FAQ,8500,9500,9000,9-Apr-15
846,Shimoga,Shimoga,Arhar Dal(Tur Dal),Arhar Dal(Tur),FAQ,7800,8200,8000,9-Apr-15
157,Bangalore,Bangalore,Arhar Dal(Tur Dal),Arhar Dal(Tur),FAQ,7000,9500,7900,10-Apr-15
335,Davangere,Davangere,Arhar Dal(Tur Dal),Arhar Dal(Tur),FAQ,9100,10000,9550,10-Apr-15
500,Gadag,Laxmeshwar,Arhar Dal(Tur Dal),Arhar Dal(Tur),FAQ,3464,4258,4019,10-Apr-15
577,Madikeri(Kodagu),Madikeri,Arhar Dal(Tur Dal),Arhar Dal(Tur),FAQ,8200,8200,8200,10-Apr-15
581,Kolar,Malur,Arhar Dal(Tur Dal),Arhar Dal(Tur),FAQ,7800,8300,8000,10-Apr-15
655,Mysore,Mysore (Bandipalya),Arhar Dal(Tur Dal),Arhar Dal(Tur),FAQ,8500,9500,9000,10-Apr-15
845,Shimoga,Shimoga,Arhar Dal(Tur Dal),Arhar Dal(Tur),FAQ,7800,8000,7900,10-Apr-15
265,Kolar,Bangarpet,Arhar Dal(Tur Dal),Arhar Dal(Tur),FAQ,6500,7100,6800,11-Apr-15
499,Gadag,Laxmeshwar,Arhar Dal(Tur Dal),Arhar Dal(Tur),FAQ,3680,4438,3828,11-Apr-15
156,Bangalore,Bangalore,Arhar Dal(Tur Dal),Arhar Dal(Tur),FAQ,7000,9500,7900,13-Apr-15
264,Kolar,Bangarpet,Arhar Dal(Tur Dal),Arhar Dal(Tur),FAQ,6500,7100,6800,13-Apr-15
498,Gadag,Laxmeshwar,Arhar Dal(Tur Dal),Arhar Dal(Tur),FAQ,1020,1509,1320,13-Apr-15
580,Kolar,Malur,Arhar Dal(Tur Dal),Arhar Dal(Tur),FAQ,8300,8800,8500,13-Apr-15
844,Shimoga,Shimoga,Arhar Dal(Tur Dal),Arhar Dal(Tur),FAQ,7800,8200,8000,13-Apr-15
18,Hassan,Arasikere,Arhar Dal(Tur Dal),Arhar Dal(Tur),FAQ,7850,7850,7850,15-Apr-15
155,Bangalore,Bangalore,Arhar Dal(Tur Dal),Arhar Dal(Tur),FAQ,7500,9000,8100,15-Apr-15
321,Kolar,Chickkaballapura,Arhar Dal(Tur Dal),Arhar Dal(Tur),FAQ,7600,8600,8000,15-Apr-15
497,Gadag,Laxmeshwar,Arhar Dal(Tur Dal),Arhar Dal(Tur),FAQ,3419,4419,4090,15-Apr-15
654,Mysore,Mysore (Bandipalya),Arhar Dal(Tur Dal),Arhar Dal(Tur),FAQ,9000,10000,9500,15-Apr-15
843,Shimoga,Shimoga,Arhar Dal(Tur Dal),Arhar Dal(Tur),FAQ,7800,8200,8000,15-Apr-15
154,Bangalore,Bangalore,Arhar Dal(Tur Dal),Arhar Dal(Tur),FAQ,7500,9000,8100,16-Apr-15
263,Kolar,Bangarpet,Arhar Dal(Tur Dal),Arhar Dal(Tur),FAQ,5900,6200,6000,16-Apr-15
356,Hassan,Hassan,Arhar Dal(Tur Dal),Arhar Dal(Tur),FAQ,7400,8911,8900,16-Apr-15
496,Gadag,Laxmeshwar,Arhar Dal(Tur Dal),Arhar Dal(Tur),FAQ,4169,4588,4289,16-Apr-15
842,Shimoga,Shimoga,Arhar Dal(Tur Dal),Arhar Dal(Tur),FAQ,7800,8200,8000,16-Apr-15
923,Tumkur,Tumkur,Arhar Dal(Tur Dal),Arhar Dal(Tur),FAQ,3800,4500,4200,16-Apr-15
17,Hassan,Arasikere,Arhar Dal(Tur Dal),Arhar Dal(Tur),FAQ,9155,9155,9155,17-Apr-15
153,Bangalore,Bangalore,Arhar Dal(Tur Dal),Arhar Dal(Tur),FAQ,7500,9000,8100,17-Apr-15
495,Gadag,Laxmeshwar,Arhar Dal(Tur Dal),Arhar Dal(Tur),FAQ,3938,4329,4048,17-Apr-15
653,Mysore,Mysore (Bandipalya),Arhar Dal(Tur Dal),Arhar Dal(Tur),FAQ,9000,10000,9500,17-Apr-15
724,Belgaum,Nippani,Arhar Dal(Tur Dal),Arhar Dal(Tur),FAQ,7000,8000,7770,17-Apr-15
841,Shimoga,Shimoga,Arhar Dal(Tur Dal),Arhar Dal(Tur),FAQ,7800,8000,7900,17-Apr-15
152,Bangalore,Bangalore,Arhar Dal(Tur Dal),Arhar Dal(Tur),FAQ,7500,9000,8100,18-Apr-15
840,Shimoga,Shimoga,Arhar Dal(Tur Dal),Arhar Dal(Tur),FAQ,7800,8000,7900,18-Apr-15
151,Bangalore,Bangalore,Arhar Dal(Tur Dal),Arhar Dal(Tur),FAQ,7500,9000,8100,20-Apr-15
262,Kolar,Bangarpet,Arhar Dal(Tur Dal),Arhar Dal(Tur),FAQ,5900,6200,6000,20-Apr-15
494,Gadag,Laxmeshwar,Arhar Dal(Tur Dal),Arhar Dal(Tur),FAQ,2629,4438,4196,20-Apr-15
652,Mysore,Mysore (Bandipalya),Arhar Dal(Tur Dal),Arhar Dal(Tur),FAQ,9000,10000,9500,20-Apr-15
839,Shimoga,Shimoga,Arhar Dal(Tur Dal),Arhar Dal(Tur),FAQ,7800,8200,8000,20-Apr-15
150,Bangalore,Bangalore,Arhar Dal(Tur Dal),Arhar Dal(Tur),FAQ,7000,9500,8250,22-Apr-15
326,Chikmagalur,Chikkamagalore,Arhar Dal(Tur Dal),Arhar Dal(Tur),FAQ,9000,10000,9203,22-Apr-15
493,Gadag,Laxmeshwar,Arhar Dal(Tur Dal),Arhar Dal(Tur),FAQ,3004,4558,4119,22-Apr-15
651,Mysore,Mysore (Bandipalya),Arhar Dal(Tur Dal),Arhar Dal(Tur),FAQ,9000,10000,9500,22-Apr-15
838,Shimoga,Shimoga,Arhar Dal(Tur Dal),Arhar Dal(Tur),FAQ,7800,9300,8550,22-Apr-15
149,Bangalore,Bangalore,Arhar Dal(Tur Dal),Arhar Dal(Tur),FAQ,7000,9500,8250,23-Apr-15
320,Kolar,Chickkaballapura,Arhar Dal(Tur Dal),Arhar Dal(Tur),FAQ,8000,8600,8400,23-Apr-15
410,Kolar,Kolar,Arhar Dal(Tur Dal),Arhar Dal(Tur),FAQ,5800,7000,6000,23-Apr-15
492,Gadag,Laxmeshwar,Arhar Dal(Tur Dal),Arhar Dal(Tur),FAQ,4089,4089,4089,23-Apr-15
837,Shimoga,Shimoga,Arhar Dal(Tur Dal),Arhar Dal(Tur),FAQ,8200,9300,8750,23-Apr-15
148,Bangalore,Bangalore,Arhar Dal(Tur Dal),Arhar Dal(Tur),FAQ,7000,9500,8250,24-Apr-15
334,Davangere,Davangere,Arhar Dal(Tur Dal),Arhar Dal(Tur),FAQ,8600,8700,8650,24-Apr-15
491,Gadag,Laxmeshwar,Arhar Dal(Tur Dal),Arhar Dal(Tur),FAQ,3809,4528,4221,24-Apr-15
650,Mysore,Mysore (Bandipalya),Arhar Dal(Tur Dal),Arhar Dal(Tur),FAQ,9000,10000,9500,24-Apr-15
836,Shimoga,Shimoga,Arhar Dal(Tur Dal),Arhar Dal(Tur),FAQ,8200,9300,8750,24-Apr-15
147,Bangalore,Bangalore,Arhar Dal(Tur Dal),Arhar Dal(Tur),FAQ,7000,9500,8250,25-Apr-15
490,Gadag,Laxmeshwar,Arhar Dal(Tur Dal),Arhar Dal(Tur),FAQ,3669,4445,4137,25-Apr-15
835,Shimoga,Shimoga,Arhar Dal(Tur Dal),Arhar Dal(Tur),FAQ,8200,9300,8750,25-Apr-15
146,Bangalore,Bangalore,Arhar Dal(Tur Dal),Arhar Dal(Tur),FAQ,7000,9000,8500,27-Apr-15
423,Udupi,Kundapura,Arhar Dal(Tur Dal),Arhar Dal(Tur),FAQ,7550,7800,7650,27-Apr-15
489,Gadag,Laxmeshwar,Arhar Dal(Tur Dal),Arhar Dal(Tur),FAQ,4088,4768,4370,27-Apr-15
834,Shimoga,Shimoga,Arhar Dal(Tur Dal),Arhar Dal(Tur),FAQ,8200,9300,8750,27-Apr-15
145,Bangalore,Bangalore,Arhar Dal(Tur Dal),Arhar Dal(Tur),FAQ,7000,9000,8500,28-Apr-15
290,Shimoga,Bhadravathi,Arhar Dal(Tur Dal),Arhar Dal(Tur),FAQ,8100,8950,8600,28-Apr-15
833,Shimoga,Shimoga,Arhar Dal(Tur Dal),Arhar Dal(Tur),FAQ,8200,9300,8750,28-Apr-15
144,Bangalore,Bangalore,Arhar Dal(Tur Dal),Arhar Dal(Tur),FAQ,6000,10000,8700,29-Apr-15
261,Kolar,Bangarpet,Arhar Dal(Tur Dal),Arhar Dal(Tur),FAQ,5900,6200,6000,29-Apr-15
355,Hassan,Hassan,Arhar Dal(Tur Dal),Arhar Dal(Tur),FAQ,9100,9356,9356,29-Apr-15
394,Bangalore,Hoskote,Arhar Dal(Tur Dal),Arhar Dal(Tur),FAQ,6000,7000,6250,29-Apr-15
488,Gadag,Laxmeshwar,Arhar Dal(Tur Dal),Arhar Dal(Tur),FAQ,2915,4300,3702,29-Apr-15
832,Shimoga,Shimoga,Arhar Dal(Tur Dal),Arhar Dal(Tur),FAQ,8200,9300,8750,29-Apr-15
143,Bangalore,Bangalore,Arhar Dal(Tur Dal),Arhar Dal(Tur),FAQ,6000,10000,8700,30-Apr-15
393,Bangalore,Hoskote,Arhar Dal(Tur Dal),Arhar Dal(Tur),FAQ,8000,9580,9000,30-Apr-15
409,Kolar,Kolar,Arhar Dal(Tur Dal),Arhar Dal(Tur),FAQ,8400,9200,8800,30-Apr-15
831,Shimoga,Shimoga,Arhar Dal(Tur Dal),Arhar Dal(Tur),FAQ,8200,9300,8750,30-Apr-15
142,Bangalore,Bangalore,Arhar Dal(Tur Dal),Arhar Dal(Tur),FAQ,6000,10000,8700,2-May-15
16,Hassan,Arasikere,Arhar Dal(Tur Dal),Arhar Dal(Tur),FAQ,9650,9650,9650,5-May-15
141,Bangalore,Bangalore,Arhar Dal(Tur Dal),Arhar Dal(Tur),FAQ,6500,10500,8800,5-May-15
260,Kolar,Bangarpet,Arhar Dal(Tur Dal),Arhar Dal(Tur),FAQ,5900,6100,6000,5-May-15
487,Gadag,Laxmeshwar,Arhar Dal(Tur Dal),Arhar Dal(Tur),FAQ,4198,5528,4844,5-May-15
649,Mysore,Mysore (Bandipalya),Arhar Dal(Tur Dal),Arhar Dal(Tur),FAQ,10000,10500,10250,5-May-15
830,Shimoga,Shimoga,Arhar Dal(Tur Dal),Arhar Dal(Tur),FAQ,8200,9300,8750,5-May-15
140,Bangalore,Bangalore,Arhar Dal(Tur Dal),Arhar Dal(Tur),FAQ,6500,10500,8800,6-May-15
319,Kolar,Chickkaballapura,Arhar Dal(Tur Dal),Arhar Dal(Tur),FAQ,8500,9500,9000,6-May-15
408,Kolar,Kolar,Arhar Dal(Tur Dal),Arhar Dal(Tur),FAQ,7400,8200,7582,6-May-15
486,Gadag,Laxmeshwar,Arhar Dal(Tur Dal),Arhar Dal(Tur),FAQ,4619,5048,4855,6-May-15
648,Mysore,Mysore (Bandipalya),Arhar Dal(Tur Dal),Arhar Dal(Tur),FAQ,9800,10400,10100,6-May-15
829,Shimoga,Shimoga,Arhar Dal(Tur Dal),Arhar Dal(Tur),FAQ,8200,9300,8750,6-May-15
139,Bangalore,Bangalore,Arhar Dal(Tur Dal),Arhar Dal(Tur),FAQ,6500,10500,8800,7-May-15
259,Kolar,Bangarpet,Arhar Dal(Tur Dal),Arhar Dal(Tur),FAQ,5900,6200,6000,7-May-15
485,Gadag,Laxmeshwar,Arhar Dal(Tur Dal),Arhar Dal(Tur),FAQ,1361,4958,4076,7-May-15
828,Shimoga,Shimoga,Arhar Dal(Tur Dal),Arhar Dal(Tur),FAQ,8200,9300,8750,7-May-15
138,Bangalore,Bangalore,Arhar Dal(Tur Dal),Arhar Dal(Tur),FAQ,7000,12000,9000,8-May-15
289,Shimoga,Bhadravathi,Arhar Dal(Tur Dal),Arhar Dal(Tur),FAQ,10200,10200,10200,8-May-15
354,Hassan,Hassan,Arhar Dal(Tur Dal),Arhar Dal(Tur),FAQ,9382,9382,9382,8-May-15
484,Gadag,Laxmeshwar,Arhar Dal(Tur Dal),Arhar Dal(Tur),FAQ,4680,5448,5195,8-May-15
647,Mysore,Mysore (Bandipalya),Arhar Dal(Tur Dal),Arhar Dal(Tur),FAQ,10400,10600,10500,8-May-15
827,Shimoga,Shimoga,Arhar Dal(Tur Dal),Arhar Dal(Tur),FAQ,8200,9300,8750,8-May-15
483,Gadag,Laxmeshwar,Arhar Dal(Tur Dal),Arhar Dal(Tur),FAQ,5051,5051,5051,9-May-15
137,Bangalore,Bangalore,Arhar Dal(Tur Dal),Arhar Dal(Tur),FAQ,7000,12000,9000,11-May-15
482,Gadag,Laxmeshwar,Arhar Dal(Tur Dal),Arhar Dal(Tur),FAQ,4170,5548,5186,11-May-15
646,Mysore,Mysore (Bandipalya),Arhar Dal(Tur Dal),Arhar Dal(Tur),FAQ,10000,11000,10500,11-May-15
826,Shimoga,Shimoga,Arhar Dal(Tur Dal),Arhar Dal(Tur),FAQ,8200,9300,8750,11-May-15
136,Bangalore,Bangalore,Arhar Dal(Tur Dal),Arhar Dal(Tur),FAQ,7500,12000,9200,12-May-15
258,Kolar,Bangarpet,Arhar Dal(Tur Dal),Arhar Dal(Tur),FAQ,5900,6200,6000,12-May-15
481,Gadag,Laxmeshwar,Arhar Dal(Tur Dal),Arhar Dal(Tur),FAQ,4688,5588,5188,12-May-15
825,Shimoga,Shimoga,Arhar Dal(Tur Dal),Arhar Dal(Tur),FAQ,8200,9300,8750,12-May-15
135,Bangalore,Bangalore,Arhar Dal(Tur Dal),Arhar Dal(Tur),FAQ,7500,12000,9200,13-May-15
318,Kolar,Chickkaballapura,Arhar Dal(Tur Dal),Arhar Dal(Tur),FAQ,9000,10000,9500,13-May-15
480,Gadag,Laxmeshwar,Arhar Dal(Tur Dal),Arhar Dal(Tur),FAQ,4760,5388,5099,13-May-15
645,Mysore,Mysore (Bandipalya),Arhar Dal(Tur Dal),Arhar Dal(Tur),FAQ,10000,11000,10500,13-May-15
824,Shimoga,Shimoga,Arhar Dal(Tur Dal),Arhar Dal(Tur),FAQ,8000,9300,8650,13-May-15
134,Bangalore,Bangalore,Arhar Dal(Tur Dal),Arhar Dal(Tur),FAQ,7500,12000,9200,14-May-15
257,Kolar,Bangarpet,Arhar Dal(Tur Dal),Arhar Dal(Tur),FAQ,5900,6100,6000,14-May-15
407,Kolar,Kolar,Arhar Dal(Tur Dal),Arhar Dal(Tur),FAQ,7000,8000,7630,14-May-15
479,Gadag,Laxmeshwar,Arhar Dal(Tur Dal),Arhar Dal(Tur),FAQ,4586,4586,4586,14-May-15
644,Mysore,Mysore (Bandipalya),Arhar Dal(Tur Dal),Arhar Dal(Tur),FAQ,10000,10500,10250,14-May-15
823,Shimoga,Shimoga,Arhar Dal(Tur Dal),Arhar Dal(Tur),FAQ,8200,9300,8750,14-May-15
133,Bangalore,Bangalore,Arhar Dal(Tur Dal),Arhar Dal(Tur),FAQ,7500,12000,9400,15-May-15
333,Davangere,Davangere,Arhar Dal(Tur Dal),Arhar Dal(Tur),FAQ,8600,8700,8650,15-May-15
478,Gadag,Laxmeshwar,Arhar Dal(Tur Dal),Arhar Dal(Tur),FAQ,1420,5488,4949,15-May-15
643,Mysore,Mysore (Bandipalya),Arhar Dal(Tur Dal),Arhar Dal(Tur),FAQ,10000,11000,10500,15-May-15
723,Belgaum,Nippani,Arhar Dal(Tur Dal),Arhar Dal(Tur),FAQ,9500,9500,9500,15-May-15
822,Shimoga,Shimoga,Arhar Dal(Tur Dal),Arhar Dal(Tur),FAQ,8200,9300,8750,15-May-15
132,Bangalore,Bangalore,Arhar Dal(Tur Dal),Arhar Dal(Tur),FAQ,7500,12000,9400,16-May-15
477,Gadag,Laxmeshwar,Arhar Dal(Tur Dal),Arhar Dal(Tur),FAQ,4709,5099,4933,16-May-15
642,Mysore,Mysore (Bandipalya),Arhar Dal(Tur Dal),Arhar Dal(Tur),FAQ,10000,11000,10500,16-May-15
821,Shimoga,Shimoga,Arhar Dal(Tur Dal),Arhar Dal(Tur),FAQ,8500,9500,9000,16-May-15
131,Bangalore,Bangalore,Arhar Dal(Tur Dal),Arhar Dal(Tur),FAQ,7500,12000,9400,18-May-15
256,Kolar,Bangarpet,Arhar Dal(Tur Dal),Arhar Dal(Tur),FAQ,5900,6200,6000,18-May-15
641,Mysore,Mysore (Bandipalya),Arhar Dal(Tur Dal),Arhar Dal(Tur),FAQ,10500,11500,11000,18-May-15
820,Shimoga,Shimoga,Arhar Dal(Tur Dal),Arhar Dal(Tur),FAQ,10400,10600,10500,18-May-15
130,Bangalore,Bangalore,Arhar Dal(Tur Dal),Arhar Dal(Tur),FAQ,8000,12000,9700,19-May-15
255,Kolar,Bangarpet,Arhar Dal(Tur Dal),Arhar Dal(Tur),FAQ,5800,6200,6000,19-May-15
422,Udupi,Kundapura,Arhar Dal(Tur Dal),Arhar Dal(Tur),FAQ,8950,8950,8950,19-May-15
476,Gadag,Laxmeshwar,Arhar Dal(Tur Dal),Arhar Dal(Tur),FAQ,2020,5488,4425,19-May-15
640,Mysore,Mysore (Bandipalya),Arhar Dal(Tur Dal),Arhar Dal(Tur),FAQ,10500,11500,11000,19-May-15
819,Shimoga,Shimoga,Arhar Dal(Tur Dal),Arhar Dal(Tur),FAQ,10400,10600,10500,19-May-15
129,Bangalore,Bangalore,Arhar Dal(Tur Dal),Arhar Dal(Tur),FAQ,8000,12000,9700,20-May-15
317,Kolar,Chickkaballapura,Arhar Dal(Tur Dal),Arhar Dal(Tur),FAQ,9000,9800,9500,20-May-15
475,Gadag,Laxmeshwar,Arhar Dal(Tur Dal),Arhar Dal(Tur),FAQ,4692,5098,4895,20-May-15
639,Mysore,Mysore (Bandipalya),Arhar Dal(Tur Dal),Arhar Dal(Tur),FAQ,10000,11500,10750,20-May-15
818,Shimoga,Shimoga,Arhar Dal(Tur Dal),Arhar Dal(Tur),FAQ,10400,10600,10500,20-May-15
128,Bangalore,Bangalore,Arhar Dal(Tur Dal),Arhar Dal(Tur),FAQ,8000,12000,9700,21-May-15
474,Gadag,Laxmeshwar,Arhar Dal(Tur Dal),Arhar Dal(Tur),FAQ,4826,4870,4848,21-May-15
638,Mysore,Mysore (Bandipalya),Arhar Dal(Tur Dal),Arhar Dal(Tur),FAQ,10500,11500,11000,21-May-15
817,Shimoga,Shimoga,Arhar Dal(Tur Dal),Arhar Dal(Tur),FAQ,10400,10600,10500,21-May-15
127,Bangalore,Bangalore,Arhar Dal(Tur Dal),Arhar Dal(Tur),FAQ,8000,12000,9700,22-May-15
473,Gadag,Laxmeshwar,Arhar Dal(Tur Dal),Arhar Dal(Tur),FAQ,4261,5508,5155,22-May-15
722,Belgaum,Nippani,Arhar Dal(Tur Dal),Arhar Dal(Tur),FAQ,9000,10000,9772,22-May-15
816,Shimoga,Shimoga,Arhar Dal(Tur Dal),Arhar Dal(Tur),FAQ,10400,10600,10500,22-May-15
126,Bangalore,Bangalore,Arhar Dal(Tur Dal),Arhar Dal(Tur),FAQ,8000,12000,9800,23-May-15
254,Kolar,Bangarpet,Arhar Dal(Tur Dal),Arhar Dal(Tur),FAQ,5900,6200,6000,23-May-15
353,Hassan,Hassan,Arhar Dal(Tur Dal),Arhar Dal(Tur),FAQ,9813,9902,9902,23-May-15
815,Shimoga,Shimoga,Arhar Dal(Tur Dal),Arhar Dal(Tur),FAQ,10400,10600,10500,23-May-15
15,Hassan,Arasikere,Arhar Dal(Tur Dal),Arhar Dal(Tur),FAQ,9500,9500,9500,25-May-15
125,Bangalore,Bangalore,Arhar Dal(Tur Dal),Arhar Dal(Tur),FAQ,8000,12000,9800,25-May-15
421,Udupi,Kundapura,Arhar Dal(Tur Dal),Arhar Dal(Tur),FAQ,8767,9800,9200,25-May-15
472,Gadag,Laxmeshwar,Arhar Dal(Tur Dal),Arhar Dal(Tur),FAQ,4688,5388,5106,25-May-15
637,Mysore,Mysore (Bandipalya),Arhar Dal(Tur Dal),Arhar Dal(Tur),FAQ,9500,10500,10000,25-May-15
814,Shimoga,Shimoga,Arhar Dal(Tur Dal),Arhar Dal(Tur),FAQ,10400,10600,10500,25-May-15
14,Hassan,Arasikere,Arhar Dal(Tur Dal),Arhar Dal(Tur),FAQ,9500,9500,9500,26-May-15
124,Bangalore,Bangalore,Arhar Dal(Tur Dal),Arhar Dal(Tur),FAQ,8000,12000,9800,26-May-15
636,Mysore,Mysore (Bandipalya),Arhar Dal(Tur Dal),Arhar Dal(Tur),FAQ,10500,11500,11000,26-May-15
813,Shimoga,Shimoga,Arhar Dal(Tur Dal),Arhar Dal(Tur),FAQ,10400,10600,10500,26-May-15
123,Bangalore,Bangalore,Arhar Dal(Tur Dal),Arhar Dal(Tur),FAQ,8000,12000,9800,27-May-15
471,Gadag,Laxmeshwar,Arhar Dal(Tur Dal),Arhar Dal(Tur),FAQ,4849,4869,4859,27-May-15
635,Mysore,Mysore (Bandipalya),Arhar Dal(Tur Dal),Arhar Dal(Tur),FAQ,9800,11000,10400,27-May-15
812,Shimoga,Shimoga,Arhar Dal(Tur Dal),Arhar Dal(Tur),FAQ,10400,10600,10500,27-May-15
13,Hassan,Arasikere,Arhar Dal(Tur Dal),Arhar Dal(Tur),FAQ,9500,9500,9500,28-May-15
122,Bangalore,Bangalore,Arhar Dal(Tur Dal),Arhar Dal(Tur),FAQ,8000,12000,9800,28-May-15
811,Shimoga,Shimoga,Arhar Dal(Tur Dal),Arhar Dal(Tur),FAQ,10400,10600,10500,28-May-15
121,Bangalore,Bangalore,Arhar Dal(Tur Dal),Arhar Dal(Tur),FAQ,8200,12000,9900,29-May-15
721,Belgaum,Nippani,Arhar Dal(Tur Dal),Arhar Dal(Tur),FAQ,9300,9300,9300,29-May-15
810,Shimoga,Shimoga,Arhar Dal(Tur Dal),Arhar Dal(Tur),FAQ,10400,10800,10600,29-May-15
120,Bangalore,Bangalore,Arhar Dal(Tur Dal),Arhar Dal(Tur),FAQ,8200,12000,9900,30-May-15
253,Kolar,Bangarpet,Arhar Dal(Tur Dal),Arhar Dal(Tur),FAQ,6500,7100,6800,30-May-15
392,Bangalore,Hoskote,Arhar Dal(Tur Dal),Arhar Dal(Tur),FAQ,8300,10000,9000,30-May-15
470,Gadag,Laxmeshwar,Arhar Dal(Tur Dal),Arhar Dal(Tur),FAQ,4950,5008,4970,30-May-15
634,Mysore,Mysore (Bandipalya),Arhar Dal(Tur Dal),Arhar Dal(Tur),FAQ,10000,11000,10500,30-May-15
809,Shimoga,Shimoga,Arhar Dal(Tur Dal),Arhar Dal(Tur),FAQ,10600,10800,10700,30-May-15
119,Bangalore,Bangalore,Arhar Dal(Tur Dal),Arhar Dal(Tur),FAQ,8200,12000,9900,1-Jun-15
252,Kolar,Bangarpet,Arhar Dal(Tur Dal),Arhar Dal(Tur),FAQ,5800,6200,6000,1-Jun-15
308,Chamrajnagar,Chamaraj Nagar,Arhar Dal(Tur Dal),Arhar Dal(Tur),FAQ,10000,10000,10000,1-Jun-15
469,Gadag,Laxmeshwar,Arhar Dal(Tur Dal),Arhar Dal(Tur),FAQ,1331,5170,4697,1-Jun-15
633,Mysore,Mysore (Bandipalya),Arhar Dal(Tur Dal),Arhar Dal(Tur),FAQ,10000,11000,10500,1-Jun-15
808,Shimoga,Shimoga,Arhar Dal(Tur Dal),Arhar Dal(Tur),FAQ,10600,10800,10700,1-Jun-15
632,Mysore,Mysore (Bandipalya),Arhar Dal(Tur Dal),Arhar Dal(Tur),FAQ,10000,11000,10500,2-Jun-15
807,Shimoga,Shimoga,Arhar Dal(Tur Dal),Arhar Dal(Tur),FAQ,10600,10800,10700,2-Jun-15
251,Kolar,Bangarpet,Arhar Dal(Tur Dal),Arhar Dal(Tur),FAQ,5900,6200,6000,3-Jun-15
468,Gadag,Laxmeshwar,Arhar Dal(Tur Dal),Arhar Dal(Tur),FAQ,3281,5018,4582,3-Jun-15
631,Mysore,Mysore (Bandipalya),Arhar Dal(Tur Dal),Arhar Dal(Tur),FAQ,10000,11000,10500,3-Jun-15
806,Shimoga,Shimoga,Arhar Dal(Tur Dal),Arhar Dal(Tur),FAQ,10600,10800,10700,3-Jun-15
250,Kolar,Bangarpet,Arhar Dal(Tur Dal),Arhar Dal(Tur),FAQ,6500,7100,6800,4-Jun-15
467,Gadag,Laxmeshwar,Arhar Dal(Tur Dal),Arhar Dal(Tur),FAQ,4950,5091,5031,4-Jun-15
630,Mysore,Mysore (Bandipalya),Arhar Dal(Tur Dal),Arhar Dal(Tur),FAQ,10000,11000,10500,4-Jun-15
805,Shimoga,Shimoga,Arhar Dal(Tur Dal),Arhar Dal(Tur),FAQ,10400,10600,10500,4-Jun-15
118,Bangalore,Bangalore,Arhar Dal(Tur Dal),Arhar Dal(Tur),FAQ,8000,12000,9900,5-Jun-15
466,Gadag,Laxmeshwar,Arhar Dal(Tur Dal),Arhar Dal(Tur),FAQ,5088,5171,5141,5-Jun-15
804,Shimoga,Shimoga,Arhar Dal(Tur Dal),Arhar Dal(Tur),FAQ,10400,10800,10600,5-Jun-15
117,Bangalore,Bangalore,Arhar Dal(Tur Dal),Arhar Dal(Tur),FAQ,8000,12000,9900,6-Jun-15
249,Kolar,Bangarpet,Arhar Dal(Tur Dal),Arhar Dal(Tur),FAQ,6500,7000,6900,6-Jun-15
307,Chamrajnagar,Chamaraj Nagar,Arhar Dal(Tur Dal),Arhar Dal(Tur),FAQ,9500,9500,9500,6-Jun-15
803,Shimoga,Shimoga,Arhar Dal(Tur Dal),Arhar Dal(Tur),FAQ,10400,10600,10500,6-Jun-15
116,Bangalore,Bangalore,Arhar Dal(Tur Dal),Arhar Dal(Tur),FAQ,8000,12000,9900,8-Jun-15
465,Gadag,Laxmeshwar,Arhar Dal(Tur Dal),Arhar Dal(Tur),FAQ,3020,5289,4692,8-Jun-15
629,Mysore,Mysore (Bandipalya),Arhar Dal(Tur Dal),Arhar Dal(Tur),FAQ,11000,12000,11500,8-Jun-15
802,Shimoga,Shimoga,Arhar Dal(Tur Dal),Arhar Dal(Tur),FAQ,10400,10600,10500,8-Jun-15
115,Bangalore,Bangalore,Arhar Dal(Tur Dal),Arhar Dal(Tur),FAQ,8000,12000,9900,9-Jun-15
391,Bangalore,Hoskote,Arhar Dal(Tur Dal),Arhar Dal(Tur),FAQ,9000,9500,9300,9-Jun-15
464,Gadag,Laxmeshwar,Arhar Dal(Tur Dal),Arhar Dal(Tur),FAQ,5281,5281,5281,9-Jun-15
628,Mysore,Mysore (Bandipalya),Arhar Dal(Tur Dal),Arhar Dal(Tur),FAQ,11000,12000,11500,9-Jun-15
801,Shimoga,Shimoga,Arhar Dal(Tur Dal),Arhar Dal(Tur),FAQ,10400,10600,10500,9-Jun-15
114,Bangalore,Bangalore,Arhar Dal(Tur Dal),Arhar Dal(Tur),FAQ,8000,12000,9900,10-Jun-15
316,Kolar,Chickkaballapura,Arhar Dal(Tur Dal),Arhar Dal(Tur),FAQ,9500,9800,9600,10-Jun-15
627,Mysore,Mysore (Bandipalya),Arhar Dal(Tur Dal),Arhar Dal(Tur),FAQ,11000,12000,11500,10-Jun-15
800,Shimoga,Shimoga,Arhar Dal(Tur Dal),Arhar Dal(Tur),FAQ,10400,10600,10500,10-Jun-15
113,Bangalore,Bangalore,Arhar Dal(Tur Dal),Arhar Dal(Tur),FAQ,8000,12000,9900,11-Jun-15
339,Bangalore,Doddaballa Pur,Arhar Dal(Tur Dal),Arhar Dal(Tur),FAQ,8000,9000,8500,11-Jun-15
406,Kolar,Kolar,Arhar Dal(Tur Dal),Arhar Dal(Tur),FAQ,9000,10500,10363,11-Jun-15
626,Mysore,Mysore (Bandipalya),Arhar Dal(Tur Dal),Arhar Dal(Tur),FAQ,11000,12000,11500,11-Jun-15
799,Shimoga,Shimoga,Arhar Dal(Tur Dal),Arhar Dal(Tur),FAQ,10400,10600,10500,11-Jun-15
112,Bangalore,Bangalore,Arhar Dal(Tur Dal),Arhar Dal(Tur),FAQ,8000,12000,9900,12-Jun-15
625,Mysore,Mysore (Bandipalya),Arhar Dal(Tur Dal),Arhar Dal(Tur),FAQ,11000,12000,11500,12-Jun-15
111,Bangalore,Bangalore,Arhar Dal(Tur Dal),Arhar Dal(Tur),FAQ,8000,12000,9900,15-Jun-15
248,Kolar,Bangarpet,Arhar Dal(Tur Dal),Arhar Dal(Tur),FAQ,6500,7000,6900,15-Jun-15
395,Chikmagalur,Kadur,Arhar Dal(Tur Dal),Arhar Dal(Tur),FAQ,8000,8000,8000,15-Jun-15
624,Mysore,Mysore (Bandipalya),Arhar Dal(Tur Dal),Arhar Dal(Tur),FAQ,11000,12000,11500,15-Jun-15
798,Shimoga,Shimoga,Arhar Dal(Tur Dal),Arhar Dal(Tur),FAQ,10400,10600,10500,15-Jun-15
110,Bangalore,Bangalore,Arhar Dal(Tur Dal),Arhar Dal(Tur),FAQ,8000,12000,9900,16-Jun-15
623,Mysore,Mysore (Bandipalya),Arhar Dal(Tur Dal),Arhar Dal(Tur),FAQ,10000,12000,11000,16-Jun-15
729,Tumkur,Pavagada,Arhar Dal(Tur Dal),Arhar Dal(Tur),FAQ,990,1000,990,16-Jun-15
797,Shimoga,Shimoga,Arhar Dal(Tur Dal),Arhar Dal(Tur),FAQ,9500,10400,9950,16-Jun-15
109,Bangalore,Bangalore,Arhar Dal(Tur Dal),Arhar Dal(Tur),FAQ,8000,12000,9900,17-Jun-15
315,Kolar,Chickkaballapura,Arhar Dal(Tur Dal),Arhar Dal(Tur),FAQ,9000,10000,9800,17-Jun-15
352,Hassan,Hassan,Arhar Dal(Tur Dal),Arhar Dal(Tur),FAQ,10800,10800,10800,17-Jun-15
405,Kolar,Kolar,Arhar Dal(Tur Dal),Arhar Dal(Tur),FAQ,9000,11000,9800,17-Jun-15
622,Mysore,Mysore (Bandipalya),Arhar Dal(Tur Dal),Arhar Dal(Tur),FAQ,10000,11150,10750,17-Jun-15
796,Shimoga,Shimoga,Arhar Dal(Tur Dal),Arhar Dal(Tur),FAQ,9500,10400,9950,17-Jun-15
108,Bangalore,Bangalore,Arhar Dal(Tur Dal),Arhar Dal(Tur),FAQ,8000,12000,9900,18-Jun-15
247,Kolar,Bangarpet,Arhar Dal(Tur Dal),Arhar Dal(Tur),FAQ,6500,7000,6900,18-Jun-15
576,Madikeri(Kodagu),Madikeri,Arhar Dal(Tur Dal),Arhar Dal(Tur),FAQ,8100,8100,8100,18-Jun-15
621,Mysore,Mysore (Bandipalya),Arhar Dal(Tur Dal),Arhar Dal(Tur),FAQ,11000,12000,11500,18-Jun-15
795,Shimoga,Shimoga,Arhar Dal(Tur Dal),Arhar Dal(Tur),FAQ,10400,10600,10500,18-Jun-15
920,Tumkur,Sira,Arhar Dal(Tur Dal),Arhar Dal(Tur),FAQ,5000,5100,5035,18-Jun-15
107,Bangalore,Bangalore,Arhar Dal(Tur Dal),Arhar Dal(Tur),FAQ,8000,12000,9900,19-Jun-15
463,Gadag,Laxmeshwar,Arhar Dal(Tur Dal),Arhar Dal(Tur),FAQ,1412,4930,3760,19-Jun-15
794,Shimoga,Shimoga,Arhar Dal(Tur Dal),Arhar Dal(Tur),FAQ,10400,10600,10500,19-Jun-15
106,Bangalore,Bangalore,Arhar Dal(Tur Dal),Arhar Dal(Tur),FAQ,8000,12000,9900,20-Jun-15
390,Bangalore,Hoskote,Arhar Dal(Tur Dal),Arhar Dal(Tur),FAQ,8000,9000,8500,20-Jun-15
462,Gadag,Laxmeshwar,Arhar Dal(Tur Dal),Arhar Dal(Tur),FAQ,3881,3881,3881,20-Jun-15
620,Mysore,Mysore (Bandipalya),Arhar Dal(Tur Dal),Arhar Dal(Tur),FAQ,11000,12000,11500,20-Jun-15
793,Shimoga,Shimoga,Arhar Dal(Tur Dal),Arhar Dal(Tur),FAQ,9800,10400,10100,20-Jun-15
105,Bangalore,Bangalore,Arhar Dal(Tur Dal),Arhar Dal(Tur),FAQ,8000,12000,9900,22-Jun-15
461,Gadag,Laxmeshwar,Arhar Dal(Tur Dal),Arhar Dal(Tur),FAQ,2061,4866,4219,22-Jun-15
619,Mysore,Mysore (Bandipalya),Arhar Dal(Tur Dal),Arhar Dal(Tur),FAQ,10000,11200,10600,22-Jun-15
792,Shimoga,Shimoga,Arhar Dal(Tur Dal),Arhar Dal(Tur),FAQ,9400,10400,9900,22-Jun-15
104,Bangalore,Bangalore,Arhar Dal(Tur Dal),Arhar Dal(Tur),FAQ,8000,12000,9900,23-Jun-15
618,Mysore,Mysore (Bandipalya),Arhar Dal(Tur Dal),Arhar Dal(Tur),FAQ,10000,11200,10600,23-Jun-15
791,Shimoga,Shimoga,Arhar Dal(Tur Dal),Arhar Dal(Tur),FAQ,9500,10400,9950,23-Jun-15
103,Bangalore,Bangalore,Arhar Dal(Tur Dal),Arhar Dal(Tur),FAQ,8000,12000,9900,24-Jun-15
389,Bangalore,Hoskote,Arhar Dal(Tur Dal),Arhar Dal(Tur),FAQ,10500,11000,10800,24-Jun-15
617,Mysore,Mysore (Bandipalya),Arhar Dal(Tur Dal),Arhar Dal(Tur),FAQ,10000,11200,10600,24-Jun-15
790,Shimoga,Shimoga,Arhar Dal(Tur Dal),Arhar Dal(Tur),FAQ,9400,10400,9900,24-Jun-15
102,Bangalore,Bangalore,Arhar Dal(Tur Dal),Arhar Dal(Tur),FAQ,8000,12000,9900,25-Jun-15
246,Kolar,Bangarpet,Arhar Dal(Tur Dal),Arhar Dal(Tur),FAQ,5800,6200,6000,25-Jun-15
616,Mysore,Mysore (Bandipalya),Arhar Dal(Tur Dal),Arhar Dal(Tur),FAQ,10000,11000,10500,25-Jun-15
789,Shimoga,Shimoga,Arhar Dal(Tur Dal),Arhar Dal(Tur),FAQ,9500,10000,9750,25-Jun-15
460,Gadag,Laxmeshwar,Arhar Dal(Tur Dal),Arhar Dal(Tur),FAQ,3861,4899,4649,26-Jun-15
101,Bangalore,Bangalore,Arhar Dal(Tur Dal),Arhar Dal(Tur),FAQ,8000,12000,9900,27-Jun-15
788,Shimoga,Shimoga,Arhar Dal(Tur Dal),Arhar Dal(Tur),FAQ,9500,10400,9950,27-Jun-15
100,Bangalore,Bangalore,Arhar Dal(Tur Dal),Arhar Dal(Tur),FAQ,9200,11000,10000,29-Jun-15
615,Mysore,Mysore (Bandipalya),Arhar Dal(Tur Dal),Arhar Dal(Tur),FAQ,10000,11200,10600,29-Jun-15
787,Shimoga,Shimoga,Arhar Dal(Tur Dal),Arhar Dal(Tur),FAQ,9500,10600,10050,29-Jun-15
99,Bangalore,Bangalore,Arhar Dal(Tur Dal),Arhar Dal(Tur),FAQ,9200,11000,10000,30-Jun-15
351,Hassan,Hassan,Arhar Dal(Tur Dal),Arhar Dal(Tur),FAQ,10806,10806,10806,30-Jun-15
388,Bangalore,Hoskote,Arhar Dal(Tur Dal),Arhar Dal(Tur),FAQ,9000,9600,9400,30-Jun-15
459,Gadag,Laxmeshwar,Arhar Dal(Tur Dal),Arhar Dal(Tur),FAQ,4751,4801,4776,30-Jun-15
614,Mysore,Mysore (Bandipalya),Arhar Dal(Tur Dal),Arhar Dal(Tur),FAQ,10000,11200,10600,30-Jun-15
786,Shimoga,Shimoga,Arhar Dal(Tur Dal),Arhar Dal(Tur),FAQ,9500,10400,9950,30-Jun-15
98,Bangalore,Bangalore,Arhar Dal(Tur Dal),Arhar Dal(Tur),FAQ,9200,11000,10000,1-Jul-15
785,Shimoga,Shimoga,Arhar Dal(Tur Dal),Arhar Dal(Tur),FAQ,9500,10400,9950,1-Jul-15
97,Bangalore,Bangalore,Arhar Dal(Tur Dal),Arhar Dal(Tur),FAQ,9200,11000,10000,2-Jul-15
420,Udupi,Kundapura,Arhar Dal(Tur Dal),Arhar Dal(Tur),FAQ,9300,9300,9300,2-Jul-15
613,Mysore,Mysore (Bandipalya),Arhar Dal(Tur Dal),Arhar Dal(Tur),FAQ,10000,11000,10500,2-Jul-15
784,Shimoga,Shimoga,Arhar Dal(Tur Dal),Arhar Dal(Tur),FAQ,9500,10400,9950,2-Jul-15
96,Bangalore,Bangalore,Arhar Dal(Tur Dal),Arhar Dal(Tur),FAQ,9200,11000,10000,3-Jul-15
245,Kolar,Bangarpet,Arhar Dal(Tur Dal),Arhar Dal(Tur),FAQ,5800,6200,6000,3-Jul-15
350,Hassan,Hassan,Arhar Dal(Tur Dal),Arhar Dal(Tur),FAQ,10600,10600,10600,3-Jul-15
458,Gadag,Laxmeshwar,Arhar Dal(Tur Dal),Arhar Dal(Tur),FAQ,3889,4838,4364,3-Jul-15
612,Mysore,Mysore (Bandipalya),Arhar Dal(Tur Dal),Arhar Dal(Tur),FAQ,10000,11200,10600,3-Jul-15
720,Belgaum,Nippani,Arhar Dal(Tur Dal),Arhar Dal(Tur),FAQ,9000,9000,9000,3-Jul-15
783,Shimoga,Shimoga,Arhar Dal(Tur Dal),Arhar Dal(Tur),FAQ,9500,10400,9950,3-Jul-15
95,Bangalore,Bangalore,Arhar Dal(Tur Dal),Arhar Dal(Tur),FAQ,9200,11000,10000,4-Jul-15
611,Mysore,Mysore (Bandipalya),Arhar Dal(Tur Dal),Arhar Dal(Tur),FAQ,10000,11000,10500,4-Jul-15
782,Shimoga,Shimoga,Arhar Dal(Tur Dal),Arhar Dal(Tur),FAQ,9500,10400,9950,4-Jul-15
94,Bangalore,Bangalore,Arhar Dal(Tur Dal),Arhar Dal(Tur),FAQ,9200,11000,10000,6-Jul-15
457,Gadag,Laxmeshwar,Arhar Dal(Tur Dal),Arhar Dal(Tur),FAQ,3619,4889,4254,6-Jul-15
781,Shimoga,Shimoga,Arhar Dal(Tur Dal),Arhar Dal(Tur),FAQ,9500,10000,9750,6-Jul-15
93,Bangalore,Bangalore,Arhar Dal(Tur Dal),Arhar Dal(Tur),FAQ,9200,11000,10000,7-Jul-15
387,Bangalore,Hoskote,Arhar Dal(Tur Dal),Arhar Dal(Tur),FAQ,8325,11000,10800,7-Jul-15
610,Mysore,Mysore (Bandipalya),Arhar Dal(Tur Dal),Arhar Dal(Tur),FAQ,10000,11000,10900,7-Jul-15
780,Shimoga,Shimoga,Arhar Dal(Tur Dal),Arhar Dal(Tur),FAQ,9500,10400,9950,7-Jul-15
92,Bangalore,Bangalore,Arhar Dal(Tur Dal),Arhar Dal(Tur),FAQ,9200,11000,10000,8-Jul-15
244,Kolar,Bangarpet,Arhar Dal(Tur Dal),Arhar Dal(Tur),FAQ,5800,6200,6000,8-Jul-15
575,Madikeri(Kodagu),Madikeri,Arhar Dal(Tur Dal),Arhar Dal(Tur),FAQ,8900,8900,8900,8-Jul-15
609,Mysore,Mysore (Bandipalya),Arhar Dal(Tur Dal),Arhar Dal(Tur),FAQ,10000,11000,10500,8-Jul-15
779,Shimoga,Shimoga,Arhar Dal(Tur Dal),Arhar Dal(Tur),FAQ,9500,10000,9750,8-Jul-15
91,Bangalore,Bangalore,Arhar Dal(Tur Dal),Arhar Dal(Tur),FAQ,9200,11000,10000,9-Jul-15
608,Mysore,Mysore (Bandipalya),Arhar Dal(Tur Dal),Arhar Dal(Tur),FAQ,10000,11000,10500,9-Jul-15
778,Shimoga,Shimoga,Arhar Dal(Tur Dal),Arhar Dal(Tur),FAQ,9500,10400,9950,9-Jul-15
90,Bangalore,Bangalore,Arhar Dal(Tur Dal),Arhar Dal(Tur),FAQ,9200,11000,10000,10-Jul-15
456,Gadag,Laxmeshwar,Arhar Dal(Tur Dal),Arhar Dal(Tur),FAQ,4581,4861,4721,10-Jul-15
607,Mysore,Mysore (Bandipalya),Arhar Dal(Tur Dal),Arhar Dal(Tur),FAQ,10000,11000,10500,10-Jul-15
719,Belgaum,Nippani,Arhar Dal(Tur Dal),Arhar Dal(Tur),FAQ,8000,9200,8500,10-Jul-15
89,Bangalore,Bangalore,Arhar Dal(Tur Dal),Arhar Dal(Tur),FAQ,9200,11000,10000,14-Jul-15
243,Kolar,Bangarpet,Arhar Dal(Tur Dal),Arhar Dal(Tur),FAQ,5800,6200,6000,14-Jul-15
386,Bangalore,Hoskote,Arhar Dal(Tur Dal),Arhar Dal(Tur),FAQ,9350,10500,10100,14-Jul-15
419,Udupi,Kundapura,Arhar Dal(Tur Dal),Arhar Dal(Tur),FAQ,9200,9200,9200,14-Jul-15
606,Mysore,Mysore (Bandipalya),Arhar Dal(Tur Dal),Arhar Dal(Tur),FAQ,10000,11000,10500,14-Jul-15
777,Shimoga,Shimoga,Arhar Dal(Tur Dal),Arhar Dal(Tur),FAQ,9500,10600,10050,14-Jul-15
88,Bangalore,Bangalore,Arhar Dal(Tur Dal),Arhar Dal(Tur),FAQ,9400,11000,10200,15-Jul-15
314,Kolar,Chickkaballapura,Arhar Dal(Tur Dal),Arhar Dal(Tur),FAQ,9500,10000,9800,15-Jul-15
349,Hassan,Hassan,Arhar Dal(Tur Dal),Arhar Dal(Tur),FAQ,10600,10700,10700,15-Jul-15
776,Shimoga,Shimoga,Arhar Dal(Tur Dal),Arhar Dal(Tur),FAQ,9500,10600,10050,15-Jul-15
87,Bangalore,Bangalore,Arhar Dal(Tur Dal),Arhar Dal(Tur),FAQ,9400,11000,10200,16-Jul-15
348,Hassan,Hassan,Arhar Dal(Tur Dal),Arhar Dal(Tur),FAQ,10850,10850,10850,16-Jul-15
775,Shimoga,Shimoga,Arhar Dal(Tur Dal),Arhar Dal(Tur),FAQ,9500,10000,9750,16-Jul-15
86,Bangalore,Bangalore,Arhar Dal(Tur Dal),Arhar Dal(Tur),FAQ,9400,11000,10200,17-Jul-15
418,Udupi,Kundapura,Arhar Dal(Tur Dal),Arhar Dal(Tur),FAQ,8900,9100,9000,17-Jul-15
455,Gadag,Laxmeshwar,Arhar Dal(Tur Dal),Arhar Dal(Tur),FAQ,4410,4959,4684,17-Jul-15
774,Shimoga,Shimoga,Arhar Dal(Tur Dal),Arhar Dal(Tur),FAQ,9500,10000,9750,17-Jul-15
85,Bangalore,Bangalore,Arhar Dal(Tur Dal),Arhar Dal(Tur),FAQ,9400,11000,10200,21-Jul-15
242,Kolar,Bangarpet,Arhar Dal(Tur Dal),Arhar Dal(Tur),FAQ,6500,7100,6800,21-Jul-15
385,Bangalore,Hoskote,Arhar Dal(Tur Dal),Arhar Dal(Tur),FAQ,10220,10980,10700,21-Jul-15
605,Mysore,Mysore (Bandipalya),Arhar Dal(Tur Dal),Arhar Dal(Tur),FAQ,9800,10800,10300,21-Jul-15
773,Shimoga,Shimoga,Arhar Dal(Tur Dal),Arhar Dal(Tur),FAQ,9500,10600,10050,21-Jul-15
772,Shimoga,Shimoga,Arhar Dal(Tur Dal),Arhar Dal(Tur),FAQ,9500,10400,9950,22-Jul-15
921,Chikmagalur,Tarikere,Arhar Dal(Tur Dal),Arhar Dal(Tur),FAQ,10000,10000,10000,22-Jul-15
604,Mysore,Mysore (Bandipalya),Arhar Dal(Tur Dal),Arhar Dal(Tur),FAQ,9900,10900,10400,23-Jul-15
84,Bangalore,Bangalore,Arhar Dal(Tur Dal),Arhar Dal(Tur),FAQ,9400,11000,10200,24-Jul-15
454,Gadag,Laxmeshwar,Arhar Dal(Tur Dal),Arhar Dal(Tur),FAQ,4569,4691,4630,24-Jul-15
574,Madikeri(Kodagu),Madikeri,Arhar Dal(Tur Dal),Arhar Dal(Tur),FAQ,7760,7760,7760,24-Jul-15
603,Mysore,Mysore (Bandipalya),Arhar Dal(Tur Dal),Arhar Dal(Tur),FAQ,9800,10800,10300,24-Jul-15
771,Shimoga,Shimoga,Arhar Dal(Tur Dal),Arhar Dal(Tur),FAQ,9500,10400,9950,24-Jul-15
83,Bangalore,Bangalore,Arhar Dal(Tur Dal),Arhar Dal(Tur),FAQ,9400,11000,10200,25-Jul-15
241,Kolar,Bangarpet,Arhar Dal(Tur Dal),Arhar Dal(Tur),FAQ,6500,7400,6800,25-Jul-15
602,Mysore,Mysore (Bandipalya),Arhar Dal(Tur Dal),Arhar Dal(Tur),FAQ,9800,10800,10300,25-Jul-15
770,Shimoga,Shimoga,Arhar Dal(Tur Dal),Arhar Dal(Tur),FAQ,9500,10400,9950,25-Jul-15
82,Bangalore,Bangalore,Arhar Dal(Tur Dal),Arhar Dal(Tur),FAQ,9400,11000,10200,27-Jul-15
453,Gadag,Laxmeshwar,Arhar Dal(Tur Dal),Arhar Dal(Tur),FAQ,3364,5151,4389,27-Jul-15
769,Shimoga,Shimoga,Arhar Dal(Tur Dal),Arhar Dal(Tur),FAQ,9500,10600,10050,27-Jul-15
81,Bangalore,Bangalore,Arhar Dal(Tur Dal),Arhar Dal(Tur),FAQ,9400,11000,10200,28-Jul-15
404,Kolar,Kolar,Arhar Dal(Tur Dal),Arhar Dal(Tur),FAQ,5800,7000,6093,28-Jul-15
768,Shimoga,Shimoga,Arhar Dal(Tur Dal),Arhar Dal(Tur),FAQ,9500,10000,9750,28-Jul-15
80,Bangalore,Bangalore,Arhar Dal(Tur Dal),Arhar Dal(Tur),FAQ,9400,11000,10200,29-Jul-15
384,Bangalore,Hoskote,Arhar Dal(Tur Dal),Arhar Dal(Tur),FAQ,10600,10800,10700,29-Jul-15
767,Shimoga,Shimoga,Arhar Dal(Tur Dal),Arhar Dal(Tur),FAQ,9500,10600,10050,29-Jul-15
79,Bangalore,Bangalore,Arhar Dal(Tur Dal),Arhar Dal(Tur),FAQ,9400,11000,10200,30-Jul-15
347,Hassan,Hassan,Arhar Dal(Tur Dal),Arhar Dal(Tur),FAQ,10500,10850,10850,30-Jul-15
601,Mysore,Mysore (Bandipalya),Arhar Dal(Tur Dal),Arhar Dal(Tur),FAQ,11000,12000,11500,30-Jul-15
766,Shimoga,Shimoga,Arhar Dal(Tur Dal),Arhar Dal(Tur),FAQ,9500,10400,9950,30-Jul-15
78,Bangalore,Bangalore,Arhar Dal(Tur Dal),Arhar Dal(Tur),FAQ,9400,11000,10200,31-Jul-15
383,Bangalore,Hoskote,Arhar Dal(Tur Dal),Arhar Dal(Tur),FAQ,8350,10000,9500,31-Jul-15
452,Gadag,Laxmeshwar,Arhar Dal(Tur Dal),Arhar Dal(Tur),FAQ,3809,5079,4507,31-Jul-15
765,Shimoga,Shimoga,Arhar Dal(Tur Dal),Arhar Dal(Tur),FAQ,9500,10400,9950,31-Jul-15
919,Tumkur,Sira,Arhar Dal(Tur Dal),Arhar Dal(Tur),FAQ,9200,9200,9200,31-Jul-15
12,Hassan,Arasikere,Arhar Dal(Tur Dal),Arhar Dal(Tur),FAQ,8400,8400,8400,3-Aug-15
77,Bangalore,Bangalore,Arhar Dal(Tur Dal),Arhar Dal(Tur),FAQ,9400,11000,10200,3-Aug-15
451,Gadag,Laxmeshwar,Arhar Dal(Tur Dal),Arhar Dal(Tur),FAQ,3091,5149,4589,3-Aug-15
764,Shimoga,Shimoga,Arhar Dal(Tur Dal),Arhar Dal(Tur),FAQ,9500,11000,10250,3-Aug-15
11,Hassan,Arasikere,Arhar Dal(Tur Dal),Arhar Dal(Tur),FAQ,9200,9200,9200,4-Aug-15
76,Bangalore,Bangalore,Arhar Dal(Tur Dal),Arhar Dal(Tur),FAQ,9500,12000,10750,4-Aug-15
763,Shimoga,Shimoga,Arhar Dal(Tur Dal),Arhar Dal(Tur),FAQ,9500,10500,10000,4-Aug-15
10,Hassan,Arasikere,Arhar Dal(Tur Dal),Arhar Dal(Tur),FAQ,9200,9200,9200,5-Aug-15
75,Bangalore,Bangalore,Arhar Dal(Tur Dal),Arhar Dal(Tur),FAQ,9500,12000,10750,5-Aug-15
342,Chamrajnagar,Gundlupet,Arhar Dal(Tur Dal),Arhar Dal(Tur),FAQ,4000,4000,4000,5-Aug-15
382,Bangalore,Hoskote,Arhar Dal(Tur Dal),Arhar Dal(Tur),FAQ,10600,10800,10700,5-Aug-15
403,Kolar,Kolar,Arhar Dal(Tur Dal),Arhar Dal(Tur),FAQ,8500,11000,9700,5-Aug-15
450,Gadag,Laxmeshwar,Arhar Dal(Tur Dal),Arhar Dal(Tur),FAQ,2900,2900,2900,5-Aug-15
762,Shimoga,Shimoga,Arhar Dal(Tur Dal),Arhar Dal(Tur),FAQ,10000,11000,10500,5-Aug-15
74,Bangalore,Bangalore,Arhar Dal(Tur Dal),Arhar Dal(Tur),FAQ,9500,12000,10750,6-Aug-15
402,Kolar,Kolar,Arhar Dal(Tur Dal),Arhar Dal(Tur),FAQ,9500,12000,10545,6-Aug-15
761,Shimoga,Shimoga,Arhar Dal(Tur Dal),Arhar Dal(Tur),FAQ,9500,11000,10250,6-Aug-15
918,Tumkur,Sira,Arhar Dal(Tur Dal),Arhar Dal(Tur),FAQ,9000,9500,9247,6-Aug-15
73,Bangalore,Bangalore,Arhar Dal(Tur Dal),Arhar Dal(Tur),FAQ,9500,12000,10750,7-Aug-15
600,Mysore,Mysore (Bandipalya),Arhar Dal(Tur Dal),Arhar Dal(Tur),FAQ,11500,12500,12000,7-Aug-15
760,Shimoga,Shimoga,Arhar Dal(Tur Dal),Arhar Dal(Tur),FAQ,9800,11000,10400,7-Aug-15
917,Tumkur,Sira,Arhar Dal(Tur Dal),Arhar Dal(Tur),FAQ,9200,9200,9200,7-Aug-15
72,Bangalore,Bangalore,Arhar Dal(Tur Dal),Arhar Dal(Tur),FAQ,9500,12000,10750,10-Aug-15
759,Shimoga,Shimoga,Arhar Dal(Tur Dal),Arhar Dal(Tur),FAQ,10000,11000,10500,10-Aug-15
9,Hassan,Arasikere,Arhar Dal(Tur Dal),Arhar Dal(Tur),FAQ,4400,4400,4400,11-Aug-15
71,Bangalore,Bangalore,Arhar Dal(Tur Dal),Arhar Dal(Tur),FAQ,9500,12000,10750,11-Aug-15
401,Kolar,Kolar,Arhar Dal(Tur Dal),Arhar Dal(Tur),FAQ,9500,11000,9700,11-Aug-15
758,Shimoga,Shimoga,Arhar Dal(Tur Dal),Arhar Dal(Tur),FAQ,10000,11000,10500,11-Aug-15
70,Bangalore,Bangalore,Arhar Dal(Tur Dal),Arhar Dal(Tur),FAQ,9500,12000,10750,12-Aug-15
313,Kolar,Chickkaballapura,Arhar Dal(Tur Dal),Arhar Dal(Tur),FAQ,9000,11000,10000,12-Aug-15
400,Kolar,Kolar,Arhar Dal(Tur Dal),Arhar Dal(Tur),FAQ,9000,10000,9600,12-Aug-15
757,Shimoga,Shimoga,Arhar Dal(Tur Dal),Arhar Dal(Tur),FAQ,10000,11000,10500,12-Aug-15
69,Bangalore,Bangalore,Arhar Dal(Tur Dal),Arhar Dal(Tur),FAQ,9500,12000,10750,13-Aug-15
240,Kolar,Bangarpet,Arhar Dal(Tur Dal),Arhar Dal(Tur),FAQ,9000,10000,9600,13-Aug-15
449,Gadag,Laxmeshwar,Arhar Dal(Tur Dal),Arhar Dal(Tur),FAQ,5389,5389,5389,13-Aug-15
599,Mysore,Mysore (Bandipalya),Arhar Dal(Tur Dal),Arhar Dal(Tur),FAQ,11000,12000,11500,13-Aug-15
756,Shimoga,Shimoga,Arhar Dal(Tur Dal),Arhar Dal(Tur),FAQ,10000,11000,10500,13-Aug-15
8,Hassan,Arasikere,Arhar Dal(Tur Dal),Arhar Dal(Tur),FAQ,9450,9450,9450,14-Aug-15
68,Bangalore,Bangalore,Arhar Dal(Tur Dal),Arhar Dal(Tur),FAQ,9500,12000,10750,14-Aug-15
598,Mysore,Mysore (Bandipalya),Arhar Dal(Tur Dal),Arhar Dal(Tur),FAQ,11500,12500,12000,14-Aug-15
755,Shimoga,Shimoga,Arhar Dal(Tur Dal),Arhar Dal(Tur),FAQ,10000,11000,10500,14-Aug-15
67,Bangalore,Bangalore,Arhar Dal(Tur Dal),Arhar Dal(Tur),FAQ,9500,12000,10750,17-Aug-15
448,Gadag,Laxmeshwar,Arhar Dal(Tur Dal),Arhar Dal(Tur),FAQ,1416,7060,5291,17-Aug-15
754,Shimoga,Shimoga,Arhar Dal(Tur Dal),Arhar Dal(Tur),FAQ,10000,11000,10500,17-Aug-15
66,Bangalore,Bangalore,Arhar Dal(Tur Dal),Arhar Dal(Tur),FAQ,9500,12000,10750,18-Aug-15
417,Udupi,Kundapura,Arhar Dal(Tur Dal),Arhar Dal(Tur),FAQ,9300,9550,9450,18-Aug-15
597,Mysore,Mysore (Bandipalya),Arhar Dal(Tur Dal),Arhar Dal(Tur),FAQ,13000,15000,14000,18-Aug-15
718,Belgaum,Nippani,Arhar Dal(Tur Dal),Arhar Dal(Tur),FAQ,8000,11000,8580,18-Aug-15
753,Shimoga,Shimoga,Arhar Dal(Tur Dal),Arhar Dal(Tur),FAQ,9500,10000,9750,18-Aug-15
7,Hassan,Arasikere,Arhar Dal(Tur Dal),Arhar Dal(Tur),FAQ,8400,8400,8400,19-Aug-15
65,Bangalore,Bangalore,Arhar Dal(Tur Dal),Arhar Dal(Tur),FAQ,9500,12000,10750,19-Aug-15
381,Bangalore,Hoskote,Arhar Dal(Tur Dal),Arhar Dal(Tur),FAQ,10800,11700,11250,19-Aug-15
447,Gadag,Laxmeshwar,Arhar Dal(Tur Dal),Arhar Dal(Tur),FAQ,6291,6291,6291,19-Aug-15
596,Mysore,Mysore (Bandipalya),Arhar Dal(Tur Dal),Arhar Dal(Tur),FAQ,13000,14500,13750,19-Aug-15
64,Bangalore,Bangalore,Arhar Dal(Tur Dal),Arhar Dal(Tur),FAQ,9500,12000,10750,20-Aug-15
239,Kolar,Bangarpet,Arhar Dal(Tur Dal),Arhar Dal(Tur),FAQ,9000,10000,9600,20-Aug-15
399,Kolar,Kolar,Arhar Dal(Tur Dal),Arhar Dal(Tur),FAQ,9000,11000,9600,20-Aug-15
595,Mysore,Mysore (Bandipalya),Arhar Dal(Tur Dal),Arhar Dal(Tur),FAQ,13000,15000,14000,20-Aug-15
752,Shimoga,Shimoga,Arhar Dal(Tur Dal),Arhar Dal(Tur),FAQ,9500,12000,10750,20-Aug-15
63,Bangalore,Bangalore,Arhar Dal(Tur Dal),Arhar Dal(Tur),FAQ,9500,12000,10750,21-Aug-15
238,Kolar,Bangarpet,Arhar Dal(Tur Dal),Arhar Dal(Tur),FAQ,9000,10000,9600,21-Aug-15
332,Davangere,Davangere,Arhar Dal(Tur Dal),Arhar Dal(Tur),FAQ,14000,15000,14500,21-Aug-15
346,Hassan,Hassan,Arhar Dal(Tur Dal),Arhar Dal(Tur),FAQ,10800,10800,10800,21-Aug-15
446,Gadag,Laxmeshwar,Arhar Dal(Tur Dal),Arhar Dal(Tur),FAQ,1450,6639,5550,21-Aug-15
594,Mysore,Mysore (Bandipalya),Arhar Dal(Tur Dal),Arhar Dal(Tur),FAQ,13000,15000,14000,21-Aug-15
717,Belgaum,Nippani,Arhar Dal(Tur Dal),Arhar Dal(Tur),FAQ,9980,9980,9980,21-Aug-15
751,Shimoga,Shimoga,Arhar Dal(Tur Dal),Arhar Dal(Tur),FAQ,9600,13000,11300,21-Aug-15
593,Mysore,Mysore (Bandipalya),Arhar Dal(Tur Dal),Arhar Dal(Tur),FAQ,13000,15000,14000,22-Aug-15
750,Shimoga,Shimoga,Arhar Dal(Tur Dal),Arhar Dal(Tur),FAQ,9500,14000,11750,22-Aug-15
62,Bangalore,Bangalore,Arhar Dal(Tur Dal),Arhar Dal(Tur),FAQ,9500,12000,10750,24-Aug-15
445,Gadag,Laxmeshwar,Arhar Dal(Tur Dal),Arhar Dal(Tur),FAQ,5468,6968,6763,24-Aug-15
592,Mysore,Mysore (Bandipalya),Arhar Dal(Tur Dal),Arhar Dal(Tur),FAQ,13000,15000,14000,24-Aug-15
749,Shimoga,Shimoga,Arhar Dal(Tur Dal),Arhar Dal(Tur),FAQ,14000,15500,14750,24-Aug-15
61,Bangalore,Bangalore,Arhar Dal(Tur Dal),Arhar Dal(Tur),FAQ,9500,12000,10750,25-Aug-15
416,Udupi,Kundapura,Arhar Dal(Tur Dal),Arhar Dal(Tur),FAQ,9140,9600,9370,25-Aug-15
748,Shimoga,Shimoga,Arhar Dal(Tur Dal),Arhar Dal(Tur),FAQ,14000,15500,14750,25-Aug-15
60,Bangalore,Bangalore,Arhar Dal(Tur Dal),Arhar Dal(Tur),FAQ,9500,12000,10750,26-Aug-15
398,Kolar,Kolar,Arhar Dal(Tur Dal),Arhar Dal(Tur),FAQ,9250,10000,9600,26-Aug-15
573,Madikeri(Kodagu),Madikeri,Arhar Dal(Tur Dal),Arhar Dal(Tur),FAQ,8765,8765,8765,26-Aug-15
591,Mysore,Mysore (Bandipalya),Arhar Dal(Tur Dal),Arhar Dal(Tur),FAQ,14000,15000,14500,26-Aug-15
747,Shimoga,Shimoga,Arhar Dal(Tur Dal),Arhar Dal(Tur),FAQ,13000,14500,13750,26-Aug-15
59,Bangalore,Bangalore,Arhar Dal(Tur Dal),Arhar Dal(Tur),FAQ,9500,12000,10750,27-Aug-15
345,Hassan,Hassan,Arhar Dal(Tur Dal),Arhar Dal(Tur),FAQ,11833,11833,11833,27-Aug-15
397,Kolar,Kolar,Arhar Dal(Tur Dal),Arhar Dal(Tur),FAQ,9000,11000,9443,27-Aug-15
716,Belgaum,Nippani,Arhar Dal(Tur Dal),Arhar Dal(Tur),FAQ,8025,8025,8025,27-Aug-15
746,Shimoga,Shimoga,Arhar Dal(Tur Dal),Arhar Dal(Tur),FAQ,13000,15000,14000,27-Aug-15
58,Bangalore,Bangalore,Arhar Dal(Tur Dal),Arhar Dal(Tur),FAQ,9500,12000,10750,28-Aug-15
331,Davangere,Davangere,Arhar Dal(Tur Dal),Arhar Dal(Tur),FAQ,14000,15000,14500,28-Aug-15
444,Gadag,Laxmeshwar,Arhar Dal(Tur Dal),Arhar Dal(Tur),FAQ,5091,6869,6459,28-Aug-15
715,Belgaum,Nippani,Arhar Dal(Tur Dal),Arhar Dal(Tur),FAQ,9980,9980,9980,28-Aug-15
57,Bangalore,Bangalore,Arhar Dal(Tur Dal),Arhar Dal(Tur),FAQ,9500,12000,10750,29-Aug-15
590,Mysore,Mysore (Bandipalya),Arhar Dal(Tur Dal),Arhar Dal(Tur),FAQ,14000,15000,14500,29-Aug-15
745,Shimoga,Shimoga,Arhar Dal(Tur Dal),Arhar Dal(Tur),FAQ,13000,15000,14000,29-Aug-15
56,Bangalore,Bangalore,Arhar Dal(Tur Dal),Arhar Dal(Tur),FAQ,9500,12000,10750,31-Aug-15
344,Hassan,Hassan,Arhar Dal(Tur Dal),Arhar Dal(Tur),FAQ,12300,13200,13200,31-Aug-15
380,Bangalore,Hoskote,Arhar Dal(Tur Dal),Arhar Dal(Tur),FAQ,10000,10000,10000,31-Aug-15
415,Udupi,Kundapura,Arhar Dal(Tur Dal),Arhar Dal(Tur),FAQ,10000,11000,10500,31-Aug-15
744,Shimoga,Shimoga,Arhar Dal(Tur Dal),Arhar Dal(Tur),FAQ,13000,15000,14000,31-Aug-15
55,Bangalore,Bangalore,Arhar Dal(Tur Dal),Arhar Dal(Tur),FAQ,14000,17500,15750,3-Dec-15
379,Bangalore,Hoskote,Arhar Dal(Tur Dal),Arhar Dal(Tur),FAQ,16000,16000,16000,3-Dec-15
443,Gadag,Laxmeshwar,Arhar Dal(Tur Dal),Arhar Dal(Tur),FAQ,7091,7091,7091,3-Dec-15
743,Shimoga,Shimoga,Arhar Dal(Tur Dal),Arhar Dal(Tur),FAQ,14000,17500,15750,4-Dec-15
6,Hassan,Arasikere,Arhar Dal(Tur Dal),Arhar Dal(Tur),FAQ,12400,12400,12400,5-Dec-15
54,Bangalore,Bangalore,Arhar Dal(Tur Dal),Arhar Dal(Tur),FAQ,14000,17500,15750,7-Dec-15
442,Gadag,Laxmeshwar,Arhar Dal(Tur Dal),Arhar Dal(Tur),FAQ,3558,8091,6891,7-Dec-15
742,Shimoga,Shimoga,Arhar Dal(Tur Dal),Arhar Dal(Tur),FAQ,14000,17500,15750,7-Dec-15
53,Bangalore,Bangalore,Arhar Dal(Tur Dal),Arhar Dal(Tur),FAQ,14000,17500,15750,8-Dec-15
441,Gadag,Laxmeshwar,Arhar Dal(Tur Dal),Arhar Dal(Tur),FAQ,8189,8289,8232,8-Dec-15
572,Madikeri(Kodagu),Madikeri,Arhar Dal(Tur Dal),Arhar Dal(Tur),FAQ,12500,12500,12500,8-Dec-15
741,Shimoga,Shimoga,Arhar Dal(Tur Dal),Arhar Dal(Tur),FAQ,14000,17500,15750,8-Dec-15
5,Hassan,Arasikere,Arhar Dal(Tur Dal),Arhar Dal(Tur),FAQ,16340,16340,16340,9-Dec-15
52,Bangalore,Bangalore,Arhar Dal(Tur Dal),Arhar Dal(Tur),FAQ,14000,17500,15750,9-Dec-15
378,Bangalore,Hoskote,Arhar Dal(Tur Dal),Arhar Dal(Tur),FAQ,14600,19480,18500,9-Dec-15
740,Shimoga,Shimoga,Arhar Dal(Tur Dal),Arhar Dal(Tur),FAQ,14000,17500,15750,9-Dec-15
51,Bangalore,Bangalore,Arhar Dal(Tur Dal),Arhar Dal(Tur),FAQ,14000,17500,15750,10-Dec-15
589,Mysore,Mysore (Bandipalya),Arhar Dal(Tur Dal),Arhar Dal(Tur),FAQ,14000,17000,15500,10-Dec-15
50,Bangalore,Bangalore,Arhar Dal(Tur Dal),Arhar Dal(Tur),FAQ,14000,17500,15750,11-Dec-15
588,Mysore,Mysore (Bandipalya),Arhar Dal(Tur Dal),Arhar Dal(Tur),FAQ,14000,18000,16000,11-Dec-15
440,Gadag,Laxmeshwar,Arhar Dal(Tur Dal),Arhar Dal(Tur),FAQ,6525,8568,7552,12-Dec-15
4,Hassan,Arasikere,Arhar Dal(Tur Dal),Arhar Dal(Tur),FAQ,12500,12500,12500,14-Dec-15
49,Bangalore,Bangalore,Arhar Dal(Tur Dal),Arhar Dal(Tur),FAQ,14000,17500,15750,14-Dec-15
237,Kolar,Bangarpet,Arhar Dal(Tur Dal),Arhar Dal(Tur),FAQ,13000,15500,14200,14-Dec-15
48,Bangalore,Bangalore,Arhar Dal(Tur Dal),Arhar Dal(Tur),FAQ,14000,17500,15750,15-Dec-15
414,Udupi,Kundapura,Arhar Dal(Tur Dal),Arhar Dal(Tur),FAQ,11700,11700,11700,15-Dec-15
587,Mysore,Mysore (Bandipalya),Arhar Dal(Tur Dal),Arhar Dal(Tur),FAQ,13000,15000,14000,15-Dec-15
47,Bangalore,Bangalore,Arhar Dal(Tur Dal),Arhar Dal(Tur),FAQ,14000,17500,15750,16-Dec-15
439,Gadag,Laxmeshwar,Arhar Dal(Tur Dal),Arhar Dal(Tur),FAQ,8628,8628,8628,16-Dec-15
46,Bangalore,Bangalore,Arhar Dal(Tur Dal),Arhar Dal(Tur),FAQ,14000,17500,15750,17-Dec-15
236,Kolar,Bangarpet,Arhar Dal(Tur Dal),Arhar Dal(Tur),FAQ,13000,15500,14200,17-Dec-15
438,Gadag,Laxmeshwar,Arhar Dal(Tur Dal),Arhar Dal(Tur),FAQ,6191,8628,7733,17-Dec-15
45,Bangalore,Bangalore,Arhar Dal(Tur Dal),Arhar Dal(Tur),FAQ,13500,17000,15250,18-Dec-15
377,Bangalore,Hoskote,Arhar Dal(Tur Dal),Arhar Dal(Tur),FAQ,11980,17250,16800,18-Dec-15
437,Gadag,Laxmeshwar,Arhar Dal(Tur Dal),Arhar Dal(Tur),FAQ,6615,8688,8421,18-Dec-15
731,Haveri,Ranebennur,Arhar Dal(Tur Dal),Arhar Dal(Tur),Medium,6300,6300,6300,18-Dec-15
739,Shimoga,Shimoga,Arhar Dal(Tur Dal),Arhar Dal(Tur),FAQ,14000,18000,16000,18-Dec-15
3,Hassan,Arasikere,Arhar Dal(Tur Dal),Arhar Dal(Tur),FAQ,12000,12100,12000,19-Dec-15
44,Bangalore,Bangalore,Arhar Dal(Tur Dal),Arhar Dal(Tur),FAQ,13500,17000,15250,19-Dec-15
436,Gadag,Laxmeshwar,Arhar Dal(Tur Dal),Arhar Dal(Tur),FAQ,8288,8658,8472,19-Dec-15
738,Shimoga,Shimoga,Arhar Dal(Tur Dal),Arhar Dal(Tur),FAQ,14000,18000,16000,19-Dec-15
43,Bangalore,Bangalore,Arhar Dal(Tur Dal),Arhar Dal(Tur),FAQ,13500,17000,15250,21-Dec-15
235,Kolar,Bangarpet,Arhar Dal(Tur Dal),Arhar Dal(Tur),FAQ,13000,15500,14200,21-Dec-15
737,Shimoga,Shimoga,Arhar Dal(Tur Dal),Arhar Dal(Tur),FAQ,14000,18500,16250,21-Dec-15
42,Bangalore,Bangalore,Arhar Dal(Tur Dal),Arhar Dal(Tur),FAQ,14000,17000,15250,22-Dec-15
343,Hassan,Hassan,Arhar Dal(Tur Dal),Arhar Dal(Tur),FAQ,18000,18000,18000,22-Dec-15
413,Udupi,Kundapura,Arhar Dal(Tur Dal),Arhar Dal(Tur),FAQ,12380,12380,12380,22-Dec-15
435,Gadag,Laxmeshwar,Arhar Dal(Tur Dal),Arhar Dal(Tur),FAQ,7888,8228,8102,22-Dec-15
586,Mysore,Mysore (Bandipalya),Arhar Dal(Tur Dal),Arhar Dal(Tur),FAQ,12000,15000,13500,22-Dec-15
736,Shimoga,Shimoga,Arhar Dal(Tur Dal),Arhar Dal(Tur),FAQ,14000,18000,16000,22-Dec-15
2,Hassan,Arasikere,Arhar Dal(Tur Dal),Arhar Dal(Tur),FAQ,16340,16340,16340,23-Dec-15
41,Bangalore,Bangalore,Arhar Dal(Tur Dal),Arhar Dal(Tur),FAQ,14000,17000,15250,23-Dec-15
330,Davangere,Davangere,Arhar Dal(Tur Dal),Arhar Dal(Tur),FAQ,15500,15600,15550,23-Dec-15
376,Bangalore,Hoskote,Arhar Dal(Tur Dal),Arhar Dal(Tur),FAQ,11980,17250,16800,23-Dec-15
730,Haveri,Ranebennur,Arhar Dal(Tur Dal),Arhar Dal(Tur),Medium,8500,8500,8500,23-Dec-15
735,Shimoga,Shimoga,Arhar Dal(Tur Dal),Arhar Dal(Tur),FAQ,14000,18500,16250,23-Dec-15
40,Bangalore,Bangalore,Arhar Dal(Tur Dal),Arhar Dal(Tur),FAQ,14000,17000,15250,26-Dec-15
375,Bangalore,Hoskote,Arhar Dal(Tur Dal),Arhar Dal(Tur),FAQ,16000,16500,16300,26-Dec-15
585,Mysore,Mysore (Bandipalya),Arhar Dal(Tur Dal),Arhar Dal(Tur),FAQ,12000,15000,13500,26-Dec-15
734,Shimoga,Shimoga,Arhar Dal(Tur Dal),Arhar Dal(Tur),FAQ,13800,16500,15150,26-Dec-15
39,Bangalore,Bangalore,Arhar Dal(Tur Dal),Arhar Dal(Tur),FAQ,14000,17000,15250,28-Dec-15
733,Shimoga,Shimoga,Arhar Dal(Tur Dal),Arhar Dal(Tur),FAQ,13800,16500,15150,28-Dec-15
1,Hassan,Arasikere,Arhar Dal(Tur Dal),Arhar Dal(Tur),FAQ,16700,16700,16700,29-Dec-15
38,Bangalore,Bangalore,Arhar Dal(Tur Dal),Arhar Dal(Tur),FAQ,14000,17000,15250,29-Dec-15
338,Bangalore,Doddaballa Pur,Arhar Dal(Tur Dal),Arhar Dal(Tur),FAQ,12000,13000,12600,29-Dec-15
584,Mysore,Mysore (Bandipalya),Arhar Dal(Tur Dal),Arhar Dal(Tur),FAQ,12000,13000,12500,29-Dec-15
37,Bangalore,Bangalore,Arhar Dal(Tur Dal),Arhar Dal(Tur),FAQ,14000,17000,15250,30-Dec-15
583,Mysore,Mysore (Bandipalya),Arhar Dal(Tur Dal),Arhar Dal(Tur),FAQ,12000,13000,12500,30-Dec-15
732,Shimoga,Shimoga,Arhar Dal(Tur Dal),Arhar Dal(Tur),FAQ,13800,16500,15150,30-Dec-15
36,Bangalore,Bangalore,Arhar Dal(Tur Dal),Arhar Dal(Tur),FAQ,14000,17000,15250,31-Dec-15
396,Kolar,Kolar,Arhar Dal(Tur Dal),Arhar Dal(Tur),FAQ,11500,15000,12334,31-Dec-15
582,Mysore,Mysore (Bandipalya),Arhar Dal(Tur Dal),Arhar Dal(Tur),FAQ,12000,12800,12400,31-Dec-15
